mtllib teapot.mtl
o Teapot01
v 0.351482 0.217668 0.001289
v 0.347559 0.227388 0.001289
v 0.346707 0.238300 0.001289
v 0.351175 0.242353 0.001291
v 0.357763 0.241078 0.001293
v 0.369661 0.230182 0.001289
v 0.350750 0.217668 0.024600
v 0.346947 0.226985 0.024349
v 0.345905 0.238092 0.024529
v 0.347264 0.241663 0.046102
v 0.364488 0.234833 0.025671
v 0.372507 0.223952 0.026053
v 0.348582 0.217668 0.047465
v 0.343382 0.226998 0.058130
v 0.342232 0.234701 0.057917
v 0.343034 0.239285 0.057931
v 0.344290 0.242315 0.081095
v 0.352538 0.241168 0.060479
v 0.360715 0.234849 0.061177
v 0.368657 0.223989 0.062348
v 0.345022 0.217668 0.069841
v 0.337303 0.217666 0.102533
v 0.333674 0.226997 0.101342
v 0.332559 0.234701 0.100983
v 0.333352 0.239285 0.101104
v 0.335651 0.241669 0.101256
v 0.342468 0.241167 0.104833
v 0.350496 0.234847 0.106576
v 0.358231 0.223988 0.108753
v 0.322335 0.217666 0.143835
v 0.318879 0.226997 0.142199
v 0.317816 0.234701 0.141705
v 0.318588 0.239285 0.141927
v 0.320848 0.241669 0.142376
v 0.314324 0.242315 0.163979
v 0.327177 0.241167 0.146764
v 0.334932 0.234847 0.149501
v 0.342342 0.223985 0.152631
v 0.302567 0.217666 0.182410
v 0.299336 0.226996 0.180362
v 0.298341 0.234701 0.179741
v 0.299078 0.239285 0.180059
v 0.301264 0.241669 0.180792
v 0.307014 0.241167 0.185917
v 0.314379 0.234846 0.189592
v 0.321352 0.223984 0.193615
v 0.278343 0.217666 0.217912
v 0.275383 0.226996 0.215486
v 0.274471 0.234701 0.214747
v 0.275163 0.239285 0.215155
v 0.277242 0.241669 0.216155
v 0.265728 0.242315 0.235262
v 0.282327 0.241167 0.221939
v 0.289193 0.234846 0.226488
v 0.295627 0.223984 0.231335
v 0.250006 0.217666 0.249994
v 0.247362 0.226996 0.247226
v 0.246546 0.234701 0.246382
v 0.247184 0.239285 0.246872
v 0.249125 0.241669 0.248120
v 0.253469 0.241167 0.254475
v 0.259734 0.234846 0.259828
v 0.265532 0.223984 0.265421
v 0.217904 0.217666 0.278307
v 0.215615 0.226997 0.275240
v 0.214908 0.234702 0.274303
v 0.215481 0.239285 0.274867
v 0.217258 0.241669 0.276342
v 0.201293 0.242315 0.292090
v 0.220792 0.241167 0.283175
v 0.226360 0.234846 0.289250
v 0.231436 0.223984 0.295505
v 0.182383 0.217666 0.302505
v 0.180485 0.226997 0.299184
v 0.179899 0.234702 0.298169
v 0.180400 0.239285 0.298797
v 0.181986 0.241669 0.300477
v 0.184651 0.241167 0.307687
v 0.189434 0.234847 0.314394
v 0.193707 0.223985 0.321218
v 0.143790 0.217666 0.322246
v 0.142317 0.226997 0.318719
v 0.141861 0.234702 0.317639
v 0.142284 0.239285 0.318324
v 0.143656 0.241669 0.320182
v 0.123869 0.242315 0.331662
v 0.145398 0.241167 0.327663
v 0.149318 0.234847 0.334902
v 0.152715 0.223987 0.342196
v 0.102472 0.217666 0.337184
v 0.101454 0.226997 0.333504
v 0.101138 0.234702 0.332377
v 0.101474 0.239285 0.333108
v 0.102614 0.241669 0.335118
v 0.103387 0.241168 0.342754
v 0.106372 0.234848 0.350418
v 0.108830 0.223988 0.358071
v 0.070034 0.217668 0.344830
v 0.058239 0.226997 0.343203
v 0.058070 0.234701 0.342045
v 0.058315 0.239285 0.342811
v 0.059203 0.241669 0.344945
v 0.036358 0.242315 0.351245
v 0.058970 0.241168 0.352616
v 0.060957 0.234849 0.360588
v 0.062419 0.223990 0.368484
v 0.047658 0.217668 0.348390
v 0.024793 0.217668 0.350557
v 0.013338 0.226984 0.347463
v 0.013214 0.234698 0.346296
v 0.013299 0.239283 0.347088
v 0.013866 0.241668 0.349318
v 0.012522 0.241167 0.356902
v 0.013447 0.234849 0.365057
v 0.013862 0.223990 0.373070
v 0.001482 0.217668 0.351289
v -0.024318 0.217668 0.350557
v -0.035679 0.227011 0.346015
v -0.022635 0.238091 0.345712
v -0.033324 0.241671 0.347947
v -0.057220 0.242315 0.348299
v -0.034993 0.241168 0.355307
v -0.034932 0.234847 0.363519
v -0.035541 0.223989 0.371517
v -0.049265 0.217668 0.348390
v -0.057814 0.234752 0.342025
v -0.056963 0.239297 0.342830
v -0.073343 0.217668 0.344830
v -0.082277 0.227014 0.338983
v -0.078573 0.241670 0.340923
v -0.080624 0.241172 0.347959
v -0.081463 0.234847 0.356104
v -0.083071 0.223982 0.363961
v -0.096534 0.217668 0.339921
v -0.102097 0.234733 0.332356
v -0.100958 0.239308 0.333141
v -0.118822 0.217668 0.333705
v -0.125752 0.227017 0.326708
v -0.138882 0.242410 0.324264
v -0.123889 0.241177 0.335227
v -0.125687 0.234842 0.343172
v -0.128261 0.223972 0.350762
v -0.140190 0.217668 0.326226
v -0.142711 0.237085 0.317661
v -0.141839 0.240909 0.319558
v -0.160619 0.217668 0.317527
v -0.165916 0.227019 0.309512
v -0.181167 0.242358 0.303342
v -0.165365 0.240635 0.318265
v -0.157896 0.232425 0.331864
v -0.161500 0.219903 0.339176
v -0.180094 0.217668 0.307650
v -0.179980 0.238098 0.298729
v -0.179324 0.241361 0.300918
v -0.187940 0.232441 0.316052
v -0.182106 0.219898 0.328610
v -0.198597 0.217668 0.296639
v -0.202563 0.227021 0.287724
v -0.199504 0.234702 0.286753
v -0.203034 0.240640 0.295692
v -0.201913 0.219895 0.316830
v -0.216110 0.217668 0.284537
v -0.213277 0.239935 0.276713
v -0.214816 0.241977 0.277948
v -0.225059 0.232435 0.290725
v -0.220874 0.219892 0.303884
v -0.232618 0.217668 0.271386
v -0.235483 0.227021 0.261682
v -0.223833 0.237109 0.267516
v -0.228827 0.240082 0.276929
v -0.238943 0.219890 0.289818
v -0.248103 0.217668 0.257231
v -0.239210 0.238189 0.253630
v -0.247017 0.241666 0.248918
v -0.244627 0.242342 0.256462
v -0.254246 0.239873 0.254242
v -0.258596 0.232432 0.261096
v -0.256075 0.219890 0.274678
v -0.262547 0.217668 0.242112
v -0.264465 0.227020 0.231731
v -0.261692 0.234697 0.230974
v -0.261024 0.239333 0.231540
v -0.272223 0.219890 0.258509
v -0.275934 0.217668 0.226075
v -0.274901 0.241665 0.217093
v -0.296238 0.242332 0.192613
v -0.274419 0.240841 0.229570
v -0.288189 0.232432 0.227527
v -0.287341 0.219891 0.241358
v -0.288246 0.217668 0.209161
v -0.289305 0.227014 0.198227
v -0.286846 0.234698 0.197595
v -0.286502 0.239323 0.198103
v -0.294605 0.240639 0.203291
v -0.301384 0.219894 0.223272
v -0.299467 0.217668 0.191414
v -0.298673 0.241665 0.181860
v -0.313476 0.232436 0.190383
v -0.314305 0.219898 0.204295
v -0.309580 0.217668 0.172877
v -0.309806 0.227004 0.161526
v -0.307711 0.234701 0.161024
v -0.307703 0.239310 0.161468
v -0.316852 0.240635 0.165413
v -0.326059 0.219901 0.184475
v -0.318566 0.217668 0.153592
v -0.318680 0.241987 0.143224
v -0.334098 0.232442 0.150029
v -0.336600 0.219905 0.163858
v -0.326410 0.217668 0.133603
v -0.325782 0.226990 0.121976
v -0.324049 0.234704 0.121602
v -0.324357 0.239296 0.121976
v -0.334386 0.240629 0.124572
v -0.345882 0.219910 0.142488
v -0.333094 0.217668 0.112953
v -0.332669 0.241666 0.102506
v -0.328454 0.242308 0.125674
v -0.346102 0.232429 0.117910
v -0.353859 0.219915 0.120413
v -0.341011 0.217670 0.081167
v -0.337050 0.226973 0.079916
v -0.335625 0.234707 0.079668
v -0.336194 0.239286 0.079964
v -0.345621 0.241168 0.081392
v -0.353444 0.234838 0.083759
v -0.361218 0.223980 0.085722
v -0.342279 0.241667 0.059067
v -0.347497 0.242338 0.049214
v -0.347265 0.217671 0.036233
v -0.343425 0.226953 0.035681
v -0.342376 0.236906 0.033133
v -0.342849 0.239861 0.038901
v -0.353050 0.241031 0.035080
v -0.360795 0.234842 0.037241
v -0.368759 0.223987 0.038187
v -0.347751 0.242106 0.001290
v -0.348518 0.217668 0.001289
v -0.344847 0.226530 0.001289
v -0.343615 0.237819 0.001289
v -0.353875 0.241274 0.001289
v -0.366134 0.230949 0.001289
v -0.347786 0.217668 -0.022022
v -0.346107 0.221448 -0.021910
v -0.344797 0.224913 -0.021823
v -0.343838 0.228063 -0.021759
v -0.343211 0.230898 -0.021717
v -0.342897 0.233418 -0.021696
v -0.342875 0.235623 -0.021694
v -0.343129 0.237513 -0.021711
v -0.343637 0.239088 -0.021745
v -0.344381 0.240348 -0.021795
v -0.345341 0.241293 -0.021859
v -0.346500 0.241923 -0.021936
v -0.347837 0.242238 -0.022026
v -0.349338 0.242322 -0.022499
v -0.350969 0.241923 -0.022235
v -0.352726 0.241293 -0.022352
v -0.354585 0.240348 -0.022476
v -0.356526 0.239088 -0.022606
v -0.358531 0.237513 -0.022739
v -0.360581 0.235623 -0.022876
v -0.362655 0.233418 -0.023015
v -0.364736 0.230898 -0.023153
v -0.366803 0.228063 -0.023291
v -0.368838 0.224913 -0.023427
v -0.370821 0.221448 -0.023560
v -0.372734 0.217668 -0.023687
v -0.345619 0.217668 -0.044887
v -0.340418 0.226998 -0.055552
v -0.339268 0.234701 -0.055339
v -0.340071 0.239285 -0.055353
v -0.342371 0.241669 -0.055196
v -0.349574 0.241168 -0.057901
v -0.357752 0.234849 -0.058599
v -0.365694 0.223990 -0.059770
v -0.342059 0.217668 -0.067263
v -0.334339 0.217666 -0.099955
v -0.330710 0.226997 -0.098764
v -0.329596 0.234701 -0.098405
v -0.330389 0.239285 -0.098526
v -0.332688 0.241669 -0.098678
v -0.328844 0.242315 -0.121230
v -0.339505 0.241167 -0.102255
v -0.347532 0.234848 -0.103997
v -0.355267 0.223987 -0.106175
v -0.319372 0.217666 -0.141257
v -0.315916 0.226997 -0.139621
v -0.314853 0.234701 -0.139127
v -0.315624 0.239285 -0.139349
v -0.317885 0.241669 -0.139798
v -0.324214 0.241167 -0.144186
v -0.331968 0.234847 -0.146923
v -0.339378 0.223986 -0.150053
v -0.299605 0.217666 -0.179831
v -0.296372 0.226996 -0.177784
v -0.295378 0.234701 -0.177162
v -0.296115 0.239285 -0.177481
v -0.298301 0.241669 -0.178213
v -0.289218 0.242315 -0.198671
v -0.304050 0.241167 -0.183339
v -0.311415 0.234846 -0.187014
v -0.318389 0.223984 -0.191037
v -0.275380 0.217666 -0.215334
v -0.272420 0.226996 -0.212907
v -0.271508 0.234701 -0.212169
v -0.272200 0.239285 -0.212577
v -0.274279 0.241669 -0.213577
v -0.279364 0.241167 -0.219361
v -0.286230 0.234846 -0.223910
v -0.292664 0.223984 -0.228757
v -0.247043 0.217666 -0.247415
v -0.244398 0.226996 -0.244648
v -0.243583 0.234701 -0.243804
v -0.244220 0.239285 -0.244293
v -0.246162 0.241669 -0.245541
v -0.232349 0.242315 -0.263082
v -0.250505 0.241167 -0.251897
v -0.256770 0.234846 -0.257250
v -0.262569 0.223984 -0.262843
v -0.214941 0.217666 -0.275728
v -0.212651 0.226997 -0.272661
v -0.211944 0.234702 -0.271725
v -0.212518 0.239285 -0.272288
v -0.214294 0.241669 -0.273764
v -0.217829 0.241167 -0.280597
v -0.223397 0.234846 -0.286672
v -0.228473 0.223984 -0.292927
v -0.179420 0.217666 -0.299927
v -0.177522 0.226997 -0.296606
v -0.176935 0.234702 -0.295591
v -0.177437 0.239285 -0.296219
v -0.179023 0.241669 -0.297899
v -0.161063 0.242315 -0.311628
v -0.181687 0.241167 -0.305109
v -0.186471 0.234847 -0.311816
v -0.190744 0.223985 -0.318641
v -0.140827 0.217666 -0.319667
v -0.139353 0.226997 -0.316141
v -0.138898 0.234702 -0.315062
v -0.139320 0.239285 -0.315746
v -0.140693 0.241669 -0.317604
v -0.142435 0.241167 -0.325085
v -0.146354 0.234847 -0.332324
v -0.149752 0.223987 -0.339617
v -0.099510 0.217666 -0.334606
v -0.098491 0.226997 -0.330926
v -0.098174 0.234702 -0.329799
v -0.098511 0.239285 -0.330530
v -0.099650 0.241669 -0.332540
v -0.097457 0.242351 -0.337336
v -0.101496 0.239859 -0.342038
v -0.103409 0.234848 -0.347840
v -0.105867 0.223988 -0.355493
v -0.067070 0.217668 -0.342252
v -0.055276 0.226997 -0.340625
v -0.055107 0.234701 -0.339467
v -0.055351 0.239285 -0.340233
v -0.045013 0.242266 -0.345431
v -0.056006 0.241168 -0.350038
v -0.057994 0.234849 -0.358010
v -0.059456 0.223990 -0.365906
v -0.044695 0.217668 -0.345811
v -0.021830 0.217668 -0.347979
v -0.021573 0.226984 -0.344177
v -0.010046 0.234700 -0.343729
v -0.021348 0.239294 -0.343816
v -0.003190 0.241851 -0.347414
v -0.015263 0.241915 -0.352534
v -0.022594 0.234833 -0.361737
v -0.023282 0.223952 -0.369736
v 0.001482 0.217668 -0.348711
v 0.013111 0.226999 -0.344894
v 0.009763 0.239863 -0.344822
v 0.015072 0.241029 -0.354510
v 0.013869 0.234850 -0.362464
v 0.013988 0.223992 -0.370487
v 0.024793 0.217668 -0.347979
v 0.024583 0.237040 -0.343030
v 0.047658 0.217668 -0.345811
v 0.058323 0.226997 -0.340611
v 0.058110 0.234701 -0.339461
v 0.058123 0.239285 -0.340263
v 0.057966 0.241669 -0.342563
v 0.081288 0.242315 -0.341519
v 0.060671 0.241168 -0.349767
v 0.061370 0.234849 -0.357944
v 0.062541 0.223989 -0.365886
v 0.070034 0.217668 -0.342252
v 0.102726 0.217665 -0.334532
v 0.101534 0.226997 -0.330903
v 0.101176 0.234701 -0.329788
v 0.101296 0.239285 -0.330582
v 0.101448 0.241669 -0.332880
v 0.105025 0.241167 -0.339698
v 0.106768 0.234848 -0.347725
v 0.108945 0.223987 -0.355460
v 0.144028 0.217666 -0.319564
v 0.142392 0.226996 -0.316108
v 0.141898 0.234701 -0.315046
v 0.142120 0.239285 -0.315817
v 0.142569 0.241669 -0.318077
v 0.164171 0.242315 -0.311553
v 0.146957 0.241167 -0.324407
v 0.149693 0.234847 -0.332161
v 0.152824 0.223986 -0.339571
v 0.182602 0.217666 -0.299797
v 0.180555 0.226996 -0.296565
v 0.179933 0.234701 -0.295570
v 0.180252 0.239285 -0.296307
v 0.180984 0.241669 -0.298493
v 0.186110 0.241167 -0.304243
v 0.189785 0.234846 -0.311608
v 0.193807 0.223984 -0.318582
v 0.218105 0.217666 -0.275572
v 0.215678 0.226996 -0.272612
v 0.214940 0.234701 -0.271700
v 0.215347 0.239285 -0.272393
v 0.216348 0.241669 -0.274471
v 0.235454 0.242315 -0.262957
v 0.222131 0.241167 -0.279556
v 0.226681 0.234846 -0.286422
v 0.231527 0.223984 -0.292856
v 0.250186 0.217666 -0.247236
v 0.247419 0.226996 -0.244591
v 0.246574 0.234701 -0.243775
v 0.247064 0.239285 -0.244413
v 0.248312 0.241669 -0.246354
v 0.254668 0.241167 -0.250698
v 0.260021 0.234846 -0.256963
v 0.265614 0.223984 -0.262762
v 0.278499 0.217666 -0.215133
v 0.275432 0.226997 -0.212844
v 0.274496 0.234702 -0.212137
v 0.275059 0.239285 -0.212711
v 0.276534 0.241669 -0.214487
v 0.292283 0.242315 -0.198523
v 0.283368 0.241167 -0.218021
v 0.289442 0.234846 -0.223590
v 0.295698 0.223984 -0.228665
v 0.302698 0.217666 -0.179612
v 0.299377 0.226997 -0.177714
v 0.298361 0.234702 -0.177128
v 0.298990 0.239285 -0.177630
v 0.300669 0.241669 -0.179216
v 0.307880 0.241167 -0.181880
v 0.314586 0.234847 -0.186664
v 0.321411 0.223985 -0.190937
v 0.322438 0.217666 -0.141019
v 0.318912 0.226997 -0.139546
v 0.317832 0.234702 -0.139090
v 0.318516 0.239285 -0.139513
v 0.320375 0.241669 -0.140886
v 0.331855 0.242315 -0.121098
v 0.327855 0.241167 -0.142628
v 0.335095 0.234847 -0.146547
v 0.342388 0.223987 -0.149945
v 0.337377 0.217666 -0.099702
v 0.333697 0.226997 -0.098683
v 0.332570 0.234702 -0.098367
v 0.333300 0.239285 -0.098704
v 0.335311 0.241669 -0.099843
v 0.342947 0.241167 -0.100616
v 0.350611 0.234848 -0.103601
v 0.358264 0.223988 -0.106059
v 0.345022 0.217668 -0.067263
v 0.343395 0.226997 -0.055468
v 0.342238 0.234701 -0.055300
v 0.343003 0.239285 -0.055544
v 0.345137 0.241669 -0.056432
v 0.349619 0.242351 -0.053621
v 0.354789 0.239859 -0.057026
v 0.360781 0.234849 -0.058186
v 0.368676 0.223990 -0.059648
v 0.348582 0.217668 -0.044887
v 0.350750 0.217668 -0.022022
v 0.349070 0.221448 -0.021910
v 0.347760 0.224913 -0.021823
v 0.346801 0.228063 -0.021759
v 0.346174 0.230897 -0.021717
v 0.345860 0.233418 -0.021696
v 0.345839 0.235623 -0.021694
v 0.346092 0.237513 -0.021711
v 0.346600 0.239088 -0.021745
v 0.347344 0.240348 -0.021795
v 0.348305 0.241292 -0.021859
v 0.349463 0.241922 -0.021936
v 0.350800 0.242238 -0.022025
v 0.352296 0.242238 -0.022125
v 0.353932 0.241922 -0.022235
v 0.355689 0.241292 -0.022352
v 0.357548 0.240348 -0.022476
v 0.359490 0.239088 -0.022605
v 0.361495 0.237513 -0.022739
v 0.363544 0.235623 -0.022876
v 0.365618 0.233418 -0.023014
v 0.367699 0.230897 -0.023153
v 0.369766 0.228063 -0.023291
v 0.371801 0.224913 -0.023427
v 0.373785 0.221448 -0.023560
v 0.375697 0.217668 -0.023687
v 0.417925 0.129891 0.001289
v 0.452388 0.049561 0.001289
v 0.474427 -0.010682 0.001289
v 0.490922 -0.069422 0.001289
v 0.500287 -0.126063 0.001289
v 0.501304 -0.166388 0.001288
v 0.416233 0.131663 0.029083
v 0.450663 0.051526 0.031269
v 0.472805 -0.008742 0.032749
v 0.489472 -0.067538 0.033862
v 0.499076 -0.124256 0.034497
v 0.500340 -0.165402 0.034379
v 0.413652 0.131663 0.056235
v 0.447875 0.051527 0.060675
v 0.469880 -0.008742 0.063605
v 0.486443 -0.067538 0.065809
v 0.495988 -0.124256 0.067072
v 0.495211 -0.165399 0.083196
v 0.409418 0.131663 0.082805
v 0.443297 0.051527 0.089451
v 0.465076 -0.008741 0.093800
v 0.481469 -0.067538 0.097072
v 0.490917 -0.124256 0.098950
v 0.403582 0.131661 0.108743
v 0.436985 0.051524 0.117544
v 0.458451 -0.008742 0.123277
v 0.474610 -0.067538 0.127591
v 0.483923 -0.124257 0.130071
v 0.481214 -0.165399 0.145598
v 0.396194 0.131662 0.133997
v 0.428990 0.051527 0.144897
v 0.450063 -0.008742 0.151978
v 0.465926 -0.067538 0.157308
v 0.475068 -0.124257 0.160371
v 0.387306 0.131662 0.158518
v 0.419372 0.051527 0.171454
v 0.439970 -0.008742 0.179844
v 0.455476 -0.067538 0.186159
v 0.464413 -0.124256 0.189791
v 0.459870 -0.165399 0.204605
v 0.376970 0.131661 0.182252
v 0.408184 0.051526 0.197160
v 0.428231 -0.008742 0.206819
v 0.443321 -0.067538 0.214088
v 0.452020 -0.124256 0.218269
v 0.365234 0.131661 0.205150
v 0.395482 0.051526 0.221962
v 0.414903 -0.008742 0.232842
v 0.429522 -0.067539 0.241031
v 0.437949 -0.124256 0.245743
v 0.431669 -0.165398 0.259721
v 0.352152 0.131662 0.227160
v 0.381321 0.051526 0.245802
v 0.400043 -0.008741 0.257858
v 0.414138 -0.067539 0.266931
v 0.422262 -0.124256 0.272153
v 0.337775 0.131662 0.248231
v 0.365757 0.051528 0.268626
v 0.383712 -0.008742 0.281807
v 0.397228 -0.067538 0.291727
v 0.405020 -0.124256 0.297437
v 0.397099 -0.165398 0.310452
v 0.322152 0.131661 0.268312
v 0.348844 0.051527 0.290378
v 0.365966 -0.008743 0.304631
v 0.378854 -0.067539 0.315359
v 0.386285 -0.124256 0.321534
v 0.305337 0.131661 0.287352
v 0.321048 0.052049 0.320901
v 0.346862 -0.008742 0.326273
v 0.359076 -0.067539 0.337766
v 0.366117 -0.124256 0.344382
v 0.356652 -0.165396 0.356299
v 0.287379 0.131661 0.305300
v 0.326461 -0.008742 0.346674
v 0.337952 -0.067538 0.358888
v 0.344579 -0.124255 0.365921
v 0.268330 0.131660 0.322106
v 0.279790 0.052054 0.357309
v 0.304819 -0.008741 0.365777
v 0.315545 -0.067538 0.378666
v 0.321731 -0.124255 0.386088
v 0.310824 -0.165395 0.396767
v 0.248240 0.131662 0.337716
v 0.281994 -0.008741 0.383523
v 0.291913 -0.067538 0.397040
v 0.297634 -0.124256 0.404824
v 0.227162 0.131661 0.352081
v 0.245994 0.051528 0.381128
v 0.258045 -0.008740 0.399854
v 0.267117 -0.067538 0.413949
v 0.272351 -0.124256 0.422066
v 0.260109 -0.165394 0.431361
v 0.205144 0.131663 0.365150
v 0.222154 0.051528 0.395289
v 0.233029 -0.008740 0.414712
v 0.241217 -0.067538 0.429333
v 0.245941 -0.124256 0.437753
v 0.182241 0.131663 0.376872
v 0.197353 0.051527 0.407991
v 0.207006 -0.008740 0.428040
v 0.214272 -0.067537 0.443132
v 0.218466 -0.124255 0.451825
v 0.205005 -0.165394 0.459588
v 0.158502 0.131662 0.387197
v 0.171646 0.051528 0.419179
v 0.180031 -0.008740 0.439779
v 0.186345 -0.067536 0.455286
v 0.189989 -0.124255 0.464218
v 0.133977 0.131663 0.396071
v 0.145088 0.051529 0.428797
v 0.152165 -0.008739 0.449872
v 0.157492 -0.067536 0.465735
v 0.160569 -0.124254 0.474873
v 0.146007 -0.165395 0.480958
v 0.108719 0.131663 0.403445
v 0.117736 0.051528 0.436791
v 0.123464 -0.008740 0.458259
v 0.127777 -0.067536 0.474419
v 0.130269 -0.124255 0.483729
v 0.082778 0.131665 0.409267
v 0.089643 0.051530 0.443103
v 0.093987 -0.008740 0.464884
v 0.097257 -0.067536 0.481278
v 0.099149 -0.124255 0.490723
v 0.083612 -0.165398 0.494983
v 0.056205 0.131664 0.413487
v 0.060867 0.051529 0.447682
v 0.063791 -0.008740 0.469687
v 0.065994 -0.067537 0.486252
v 0.067271 -0.124255 0.495795
v 0.029052 0.131662 0.416055
v 0.031461 0.051530 0.450469
v 0.032936 -0.008741 0.472612
v 0.034047 -0.067537 0.489280
v 0.034695 -0.124255 0.498883
v 0.018326 -0.165401 0.501175
v 0.001369 0.131661 0.416918
v 0.001482 0.051527 0.451412
v 0.001479 -0.008741 0.473600
v 0.001478 -0.067537 0.490302
v 0.001484 -0.124256 0.499926
v -0.026312 0.131663 0.416041
v -0.028498 0.051527 0.450470
v -0.029978 -0.008741 0.472612
v -0.031092 -0.067538 0.489279
v -0.031726 -0.124256 0.498883
v -0.031609 -0.165402 0.500147
v -0.053464 0.131663 0.413460
v -0.057904 0.051527 0.447683
v -0.060834 -0.008741 0.469687
v -0.063039 -0.067538 0.486251
v -0.064302 -0.124256 0.495796
v -0.080425 -0.165399 0.495018
v -0.080034 0.131663 0.409225
v -0.086681 0.051528 0.443104
v -0.091029 -0.008741 0.464883
v -0.094302 -0.067538 0.481277
v -0.096180 -0.124257 0.490724
v -0.105972 0.131661 0.403390
v -0.114773 0.051525 0.436792
v -0.120506 -0.008742 0.458259
v -0.124821 -0.067538 0.474418
v -0.127300 -0.124257 0.483730
v -0.142828 -0.165399 0.481021
v -0.131227 0.131662 0.396001
v -0.142126 0.051527 0.428797
v -0.149207 -0.008742 0.449870
v -0.154536 -0.067538 0.465733
v -0.157600 -0.124257 0.474875
v -0.155747 0.131662 0.387113
v -0.168683 0.051527 0.419179
v -0.177074 -0.008742 0.439778
v -0.183389 -0.067538 0.455283
v -0.187020 -0.124257 0.464221
v -0.201835 -0.165399 0.459678
v -0.190308 0.075692 0.399260
v -0.204048 -0.008743 0.428039
v -0.211316 -0.067539 0.443129
v -0.215498 -0.124256 0.451827
v -0.217574 0.113928 0.365661
v -0.219191 0.051527 0.395289
v -0.230072 -0.008743 0.414710
v -0.238261 -0.067539 0.429329
v -0.242972 -0.124256 0.437756
v -0.256951 -0.165398 0.431476
v -0.243031 0.051527 0.381129
v -0.255087 -0.008741 0.399851
v -0.264161 -0.067539 0.413945
v -0.269382 -0.124256 0.422069
v -0.260550 0.113897 0.336372
v -0.265855 0.051528 0.365564
v -0.279036 -0.008742 0.383520
v -0.288956 -0.067538 0.397036
v -0.294666 -0.124256 0.404828
v -0.307681 -0.165398 0.396906
v -0.287607 0.051528 0.348651
v -0.301860 -0.008742 0.365773
v -0.312588 -0.067539 0.378662
v -0.318763 -0.124256 0.386092
v -0.299383 0.113886 0.302096
v -0.318130 0.052049 0.320856
v -0.323502 -0.008741 0.346670
v -0.334995 -0.067539 0.358883
v -0.341611 -0.124256 0.365925
v -0.353528 -0.165396 0.356460
v -0.343903 -0.008742 0.326269
v -0.356118 -0.067538 0.337760
v -0.363150 -0.124255 0.344387
v -0.333651 0.113901 0.263254
v -0.354538 0.052054 0.279597
v -0.363006 -0.008740 0.304626
v -0.375896 -0.067538 0.315353
v -0.383318 -0.124255 0.321538
v -0.393996 -0.165395 0.310632
v -0.380752 -0.008741 0.281802
v -0.394270 -0.067538 0.291720
v -0.402053 -0.124255 0.297442
v -0.362931 0.113935 0.220270
v -0.378357 0.051529 0.245801
v -0.397083 -0.008740 0.257852
v -0.411178 -0.067537 0.266925
v -0.419295 -0.124255 0.272158
v -0.428590 -0.165394 0.259917
v -0.392518 0.051528 0.221962
v -0.411942 -0.008740 0.232837
v -0.426562 -0.067538 0.241025
v -0.434983 -0.124255 0.245748
v -0.386806 0.113992 0.173568
v -0.405221 0.051527 0.197160
v -0.425270 -0.008740 0.206813
v -0.440362 -0.067537 0.214080
v -0.449054 -0.124255 0.218274
v -0.456817 -0.165394 0.204812
v -0.416408 0.051528 0.171453
v -0.437009 -0.008740 0.179839
v -0.452516 -0.067537 0.186152
v -0.461447 -0.124255 0.189796
v -0.416932 0.075695 0.141724
v -0.447101 -0.008740 0.151972
v -0.462965 -0.067537 0.157300
v -0.472103 -0.124255 0.160377
v -0.478187 -0.165395 0.145815
v -0.400674 0.131664 0.108526
v -0.434020 0.051529 0.117544
v -0.455488 -0.008740 0.123272
v -0.471649 -0.067536 0.127584
v -0.480958 -0.124255 0.130076
v -0.406496 0.131665 0.082585
v -0.440332 0.051531 0.089450
v -0.462113 -0.008740 0.093794
v -0.478507 -0.067536 0.097065
v -0.487952 -0.124255 0.098956
v -0.492212 -0.165397 0.083419
v -0.410717 0.131663 0.056013
v -0.444911 0.051529 0.060674
v -0.466917 -0.008740 0.063599
v -0.483481 -0.067537 0.065802
v -0.493024 -0.124255 0.067078
v -0.413284 0.131663 0.028860
v -0.447698 0.051530 0.031268
v -0.469842 -0.008741 0.032744
v -0.486509 -0.067537 0.033855
v -0.496112 -0.124255 0.034503
v -0.497351 -0.165401 0.034788
v -0.413223 0.133662 0.001289
v -0.447806 0.053597 0.001289
v -0.470156 -0.006724 0.001289
v -0.487071 -0.065590 0.001289
v -0.496957 -0.122389 0.001289
v -0.498456 -0.164308 0.001289
v -0.380214 0.201919 -0.024187
v -0.387671 0.186177 -0.024684
v -0.395079 0.170450 -0.025179
v -0.402416 0.154744 -0.025668
v -0.409657 0.139068 -0.026152
v -0.416778 0.123427 -0.026627
v -0.423755 0.107829 -0.027093
v -0.430565 0.092282 -0.027547
v -0.437183 0.076792 -0.027989
v -0.443586 0.061368 -0.028416
v -0.449749 0.046015 -0.028827
v -0.455648 0.030741 -0.029221
v -0.461260 0.015554 -0.029596
v -0.466561 0.000460 -0.029950
v -0.471527 -0.014532 -0.030281
v -0.476133 -0.029417 -0.030588
v -0.480356 -0.044187 -0.030870
v -0.484172 -0.058834 -0.031125
v -0.487557 -0.073352 -0.031351
v -0.490487 -0.087732 -0.031546
v -0.492938 -0.101969 -0.031710
v -0.494886 -0.116055 -0.031840
v -0.496307 -0.129982 -0.031935
v -0.497177 -0.143744 -0.031993
v -0.497473 -0.157332 -0.032013
v -0.410689 0.131663 -0.053656
v -0.444912 0.051527 -0.058097
v -0.466917 -0.008742 -0.061027
v -0.483480 -0.067538 -0.063231
v -0.493025 -0.124256 -0.064494
v -0.492248 -0.165399 -0.080618
v -0.406455 0.131663 -0.080227
v -0.440334 0.051528 -0.086873
v -0.462112 -0.008741 -0.091222
v -0.478506 -0.067538 -0.094494
v -0.487953 -0.124257 -0.096372
v -0.400619 0.131661 -0.106165
v -0.434021 0.051525 -0.114966
v -0.455488 -0.008742 -0.120699
v -0.471647 -0.067538 -0.125013
v -0.480960 -0.124257 -0.127492
v -0.478250 -0.165399 -0.143020
v -0.393231 0.131662 -0.131419
v -0.426027 0.051526 -0.142318
v -0.447100 -0.008742 -0.149400
v -0.462963 -0.067539 -0.154729
v -0.472105 -0.124257 -0.157793
v -0.384343 0.131662 -0.155940
v -0.416408 0.051527 -0.168875
v -0.437007 -0.008742 -0.177266
v -0.452513 -0.067538 -0.183581
v -0.461450 -0.124257 -0.187213
v -0.456907 -0.165399 -0.202027
v -0.374006 0.131662 -0.179674
v -0.405221 0.051526 -0.194582
v -0.425268 -0.008742 -0.204240
v -0.440358 -0.067538 -0.211509
v -0.449056 -0.124256 -0.215690
v -0.362270 0.131662 -0.202572
v -0.392519 0.051527 -0.219384
v -0.411940 -0.008742 -0.230264
v -0.426559 -0.067539 -0.238453
v -0.434986 -0.124256 -0.243165
v -0.428706 -0.165398 -0.257143
v -0.349188 0.131663 -0.224582
v -0.378358 0.051526 -0.243224
v -0.397080 -0.008741 -0.255279
v -0.411174 -0.067539 -0.264353
v -0.419299 -0.124256 -0.269575
v -0.334811 0.131662 -0.245653
v -0.362793 0.051527 -0.266048
v -0.380748 -0.008741 -0.279228
v -0.394265 -0.067539 -0.289149
v -0.402057 -0.124256 -0.294859
v -0.394136 -0.165398 -0.307874
v -0.319190 0.131660 -0.265734
v -0.345881 0.051527 -0.287800
v -0.363003 -0.008743 -0.302053
v -0.375891 -0.067539 -0.312780
v -0.383322 -0.124257 -0.318956
v -0.302374 0.131661 -0.284774
v -0.318085 0.052049 -0.318323
v -0.343899 -0.008742 -0.323695
v -0.356112 -0.067539 -0.335188
v -0.363154 -0.124256 -0.341804
v -0.353689 -0.165396 -0.353721
v -0.284415 0.131663 -0.302722
v -0.323498 -0.008742 -0.344096
v -0.334989 -0.067538 -0.356310
v -0.341616 -0.124255 -0.363343
v -0.265366 0.131661 -0.319527
v -0.276827 0.052053 -0.354731
v -0.301856 -0.008741 -0.363198
v -0.312582 -0.067539 -0.376088
v -0.318768 -0.124255 -0.383510
v -0.307861 -0.165395 -0.394188
v -0.245277 0.131662 -0.335138
v -0.279031 -0.008740 -0.380944
v -0.288950 -0.067538 -0.394462
v -0.294671 -0.124256 -0.402246
v -0.224198 0.131661 -0.349503
v -0.243031 0.051528 -0.378550
v -0.255082 -0.008739 -0.397275
v -0.264154 -0.067537 -0.411371
v -0.269387 -0.124255 -0.419488
v -0.257146 -0.165394 -0.428782
v -0.202181 0.131662 -0.362572
v -0.219191 0.051527 -0.392711
v -0.230066 -0.008739 -0.412134
v -0.238254 -0.067538 -0.426755
v -0.242978 -0.124256 -0.435175
v -0.179277 0.131663 -0.374294
v -0.194389 0.051527 -0.405413
v -0.204042 -0.008740 -0.425462
v -0.211309 -0.067537 -0.440554
v -0.215503 -0.124255 -0.449246
v -0.202042 -0.165394 -0.457009
v -0.155539 0.131661 -0.384619
v -0.168683 0.051528 -0.416601
v -0.177068 -0.008740 -0.437201
v -0.183381 -0.067536 -0.452708
v -0.187026 -0.124255 -0.461640
v -0.131014 0.131663 -0.393492
v -0.142125 0.051528 -0.426219
v -0.149201 -0.008739 -0.447293
v -0.154529 -0.067537 -0.463157
v -0.157606 -0.124255 -0.472295
v -0.143045 -0.165396 -0.478380
v -0.105755 0.131663 -0.400867
v -0.114773 0.051528 -0.434213
v -0.120501 -0.008740 -0.455681
v -0.124813 -0.067536 -0.471841
v -0.127306 -0.124255 -0.481150
v -0.079815 0.131665 -0.406689
v -0.086680 0.051530 -0.440525
v -0.091024 -0.008741 -0.462306
v -0.094294 -0.067536 -0.478700
v -0.096185 -0.124255 -0.488145
v -0.080648 -0.165398 -0.492405
v -0.053242 0.131664 -0.410909
v -0.057904 0.051528 -0.445104
v -0.060828 -0.008741 -0.467109
v -0.063031 -0.067537 -0.483673
v -0.064307 -0.124255 -0.493216
v -0.026089 0.131662 -0.413477
v -0.028497 0.051530 -0.447891
v -0.029973 -0.008741 -0.470034
v -0.031084 -0.067537 -0.486701
v -0.031732 -0.124255 -0.496305
v -0.015362 -0.165401 -0.498597
v 0.001594 0.131661 -0.414340
v 0.001482 0.051527 -0.448834
v 0.001485 -0.008741 -0.471022
v 0.001485 -0.067537 -0.487724
v 0.001479 -0.124256 -0.497348
v 0.029276 0.131662 -0.413463
v 0.031461 0.051526 -0.447892
v 0.032942 -0.008742 -0.470034
v 0.034055 -0.067538 -0.486701
v 0.034690 -0.124256 -0.496305
v 0.034572 -0.165402 -0.497569
v 0.056427 0.131663 -0.410882
v 0.060867 0.051527 -0.445105
v 0.063797 -0.008742 -0.467109
v 0.066002 -0.067538 -0.483673
v 0.067264 -0.124256 -0.493217
v 0.083389 -0.165399 -0.492440
v 0.082998 0.131663 -0.406647
v 0.089644 0.051528 -0.440526
v 0.093993 -0.008741 -0.462305
v 0.097265 -0.067538 -0.478699
v 0.099143 -0.124256 -0.488146
v 0.108936 0.131661 -0.400812
v 0.117736 0.051525 -0.434214
v 0.123470 -0.008742 -0.455680
v 0.127784 -0.067539 -0.471840
v 0.130263 -0.124257 -0.481152
v 0.145791 -0.165399 -0.478443
v 0.134190 0.131662 -0.393423
v 0.145089 0.051526 -0.426219
v 0.152170 -0.008742 -0.447292
v 0.157500 -0.067539 -0.463155
v 0.160564 -0.124257 -0.472297
v 0.158710 0.131662 -0.384535
v 0.171646 0.051527 -0.416601
v 0.180037 -0.008742 -0.437200
v 0.186352 -0.067539 -0.452706
v 0.189983 -0.124257 -0.461642
v 0.204798 -0.165399 -0.457100
v 0.182445 0.131662 -0.374198
v 0.197353 0.051526 -0.405414
v 0.207011 -0.008742 -0.425460
v 0.214280 -0.067539 -0.440551
v 0.218461 -0.124256 -0.449249
v 0.205343 0.131661 -0.362463
v 0.222154 0.051526 -0.392711
v 0.233035 -0.008742 -0.412132
v 0.241224 -0.067539 -0.426752
v 0.245936 -0.124256 -0.435178
v 0.259914 -0.165398 -0.428898
v 0.227353 0.131662 -0.349381
v 0.245995 0.051526 -0.378550
v 0.258050 -0.008741 -0.397273
v 0.267124 -0.067539 -0.411367
v 0.272346 -0.124256 -0.419491
v 0.248424 0.131661 -0.335004
v 0.268818 0.051528 -0.362986
v 0.281999 -0.008742 -0.380941
v 0.291919 -0.067538 -0.394457
v 0.297629 -0.124256 -0.402250
v 0.310644 -0.165398 -0.394328
v 0.268505 0.131661 -0.319382
v 0.290570 0.051528 -0.346073
v 0.304823 -0.008742 -0.363195
v 0.315551 -0.067539 -0.376084
v 0.321726 -0.124257 -0.383514
v 0.287545 0.131662 -0.302566
v 0.321093 0.052049 -0.318278
v 0.326465 -0.008741 -0.344092
v 0.337958 -0.067538 -0.356305
v 0.344575 -0.124256 -0.363347
v 0.356491 -0.165396 -0.353882
v 0.305493 0.131661 -0.284608
v 0.346866 -0.008742 -0.323690
v 0.359081 -0.067538 -0.335182
v 0.366113 -0.124256 -0.341808
v 0.322298 0.131661 -0.265559
v 0.357501 0.052054 -0.277019
v 0.365969 -0.008741 -0.302048
v 0.378859 -0.067538 -0.312774
v 0.386281 -0.124256 -0.318960
v 0.396959 -0.165395 -0.308054
v 0.337908 0.131662 -0.245469
v 0.383715 -0.008741 -0.279224
v 0.397233 -0.067537 -0.289142
v 0.405017 -0.124256 -0.294864
v 0.352274 0.131660 -0.224391
v 0.381321 0.051528 -0.243224
v 0.400046 -0.008740 -0.255274
v 0.414141 -0.067537 -0.264346
v 0.422259 -0.124255 -0.269580
v 0.431553 -0.165394 -0.257339
v 0.365343 0.131662 -0.202374
v 0.395482 0.051527 -0.219383
v 0.414905 -0.008740 -0.230259
v 0.429525 -0.067538 -0.238447
v 0.437946 -0.124256 -0.243171
v 0.377065 0.131663 -0.179470
v 0.408184 0.051527 -0.194582
v 0.428233 -0.008740 -0.204235
v 0.443325 -0.067537 -0.211502
v 0.452017 -0.124255 -0.215696
v 0.459780 -0.165394 -0.202234
v 0.387389 0.131661 -0.155731
v 0.419371 0.051528 -0.168875
v 0.439972 -0.008740 -0.177261
v 0.455479 -0.067537 -0.183574
v 0.464411 -0.124255 -0.187218
v 0.396263 0.131663 -0.131206
v 0.428990 0.051529 -0.142317
v 0.450064 -0.008739 -0.149394
v 0.465928 -0.067536 -0.154722
v 0.475066 -0.124255 -0.157798
v 0.481150 -0.165395 -0.143237
v 0.403637 0.131663 -0.105948
v 0.436983 0.051528 -0.114966
v 0.458452 -0.008740 -0.120693
v 0.474612 -0.067536 -0.125006
v 0.483921 -0.124255 -0.127498
v 0.409459 0.131665 -0.080007
v 0.443296 0.051530 -0.086872
v 0.465076 -0.008740 -0.091216
v 0.481470 -0.067536 -0.094487
v 0.490915 -0.124255 -0.096378
v 0.495176 -0.165398 -0.080841
v 0.413680 0.131664 -0.053435
v 0.447875 0.051528 -0.058096
v 0.469880 -0.008740 -0.061021
v 0.486444 -0.067537 -0.063223
v 0.495987 -0.124255 -0.064500
v 0.383178 0.201919 -0.024186
v 0.390634 0.186177 -0.024684
v 0.398042 0.170450 -0.025179
v 0.405379 0.154744 -0.025668
v 0.412620 0.139068 -0.026151
v 0.419741 0.123427 -0.026627
v 0.426718 0.107829 -0.027092
v 0.433528 0.092282 -0.027547
v 0.440146 0.076792 -0.027989
v 0.446549 0.061368 -0.028416
v 0.452712 0.046015 -0.028827
v 0.458612 0.030741 -0.029221
v 0.464224 0.015554 -0.029596
v 0.469525 0.000460 -0.029949
v 0.474490 -0.014532 -0.030281
v 0.479097 -0.029417 -0.030588
v 0.483320 -0.044187 -0.030870
v 0.487136 -0.058834 -0.031125
v 0.490521 -0.073352 -0.031351
v 0.493450 -0.087733 -0.031546
v 0.495901 -0.101969 -0.031710
v 0.497849 -0.116055 -0.031840
v 0.499270 -0.129982 -0.031935
v 0.500140 -0.143744 -0.031993
v 0.500436 -0.157333 -0.032013
v 0.495192 -0.202098 0.001288
v 0.474823 -0.244115 0.001289
v 0.437957 -0.288120 0.001289
v 0.381599 -0.335743 0.001289
v 0.376656 -0.344968 0.001291
v 0.497120 -0.189212 0.034373
v 0.489995 -0.212450 0.033901
v 0.474692 -0.242829 0.032682
v 0.447161 -0.277346 0.030918
v 0.419595 -0.303254 0.029144
v 0.381141 -0.335445 0.026180
v 0.375819 -0.344243 0.028502
v 0.492021 -0.189250 0.082723
v 0.484956 -0.212515 0.081516
v 0.474853 -0.233779 0.079817
v 0.462461 -0.253090 0.077752
v 0.444403 -0.277346 0.060095
v 0.414996 -0.303521 0.069891
v 0.386128 -0.327633 0.065268
v 0.375461 -0.337621 0.063643
v 0.372098 -0.343152 0.062887
v 0.439868 -0.277346 0.088648
v 0.478107 -0.189249 0.144723
v 0.471247 -0.212513 0.142623
v 0.461434 -0.233776 0.139648
v 0.449396 -0.253085 0.136019
v 0.433611 -0.277346 0.116522
v 0.403286 -0.303508 0.122161
v 0.375226 -0.327613 0.113886
v 0.364821 -0.337620 0.110904
v 0.361578 -0.343152 0.109725
v 0.425687 -0.277346 0.143663
v 0.456894 -0.189248 0.203349
v 0.450344 -0.212511 0.200407
v 0.440972 -0.233772 0.196226
v 0.429472 -0.253080 0.191115
v 0.416152 -0.277346 0.170015
v 0.385419 -0.303498 0.171589
v 0.358596 -0.327596 0.159862
v 0.348618 -0.337620 0.155590
v 0.345544 -0.343152 0.154013
v 0.405058 -0.277345 0.195524
v 0.428867 -0.189246 0.258108
v 0.422726 -0.212509 0.254379
v 0.413933 -0.233769 0.249073
v 0.403143 -0.253076 0.242581
v 0.385794 -0.277402 0.232105
v 0.361805 -0.303489 0.217760
v 0.336616 -0.327583 0.202807
v 0.327220 -0.337620 0.197326
v 0.324363 -0.343152 0.195380
v 0.394513 -0.189245 0.308508
v 0.388870 -0.212506 0.304056
v 0.380788 -0.233766 0.297714
v 0.370866 -0.253073 0.289950
v 0.354918 -0.277401 0.277428
v 0.332853 -0.303483 0.260257
v 0.309668 -0.327576 0.242332
v 0.301001 -0.337620 0.235735
v 0.298402 -0.343152 0.233454
v 0.354322 -0.189243 0.354055
v 0.349261 -0.212505 0.348950
v 0.342008 -0.233765 0.341672
v 0.333102 -0.253071 0.332759
v 0.318791 -0.277400 0.318389
v 0.298974 -0.303481 0.298662
v 0.278136 -0.327574 0.278048
v 0.270331 -0.337620 0.270443
v 0.268030 -0.343152 0.267862
v 0.308784 -0.189242 0.394257
v 0.304381 -0.212504 0.388576
v 0.298068 -0.233764 0.380471
v 0.290312 -0.253071 0.370543
v 0.277855 -0.277400 0.354544
v 0.260584 -0.303482 0.332557
v 0.242406 -0.327578 0.309565
v 0.235588 -0.337620 0.301072
v 0.233618 -0.343152 0.298231
v 0.258392 -0.189243 0.428621
v 0.254718 -0.212505 0.422448
v 0.249443 -0.233765 0.413637
v 0.242960 -0.253073 0.402842
v 0.232553 -0.277401 0.385451
v 0.218100 -0.303487 0.361528
v 0.202869 -0.327587 0.336497
v 0.197146 -0.337620 0.327248
v 0.195540 -0.343152 0.324190
v 0.203640 -0.189244 0.456659
v 0.200757 -0.212507 0.450085
v 0.196610 -0.233768 0.440699
v 0.191509 -0.253076 0.429195
v 0.195930 -0.277345 0.404765
v 0.171940 -0.303495 0.385161
v 0.159913 -0.327599 0.358461
v 0.155382 -0.337620 0.348599
v 0.154166 -0.343152 0.345369
v 0.170426 -0.277345 0.415872
v 0.145021 -0.189245 0.477884
v 0.142984 -0.212510 0.471007
v 0.140045 -0.233772 0.461184
v 0.136426 -0.253082 0.449143
v 0.144079 -0.277345 0.425423
v 0.122521 -0.303506 0.403047
v 0.113928 -0.327615 0.375075
v 0.110672 -0.337621 0.364752
v 0.109870 -0.343153 0.361399
v 0.116941 -0.277345 0.433361
v 0.083027 -0.189249 0.491811
v 0.081885 -0.212514 0.484736
v 0.080224 -0.233778 0.474627
v 0.078170 -0.253089 0.462233
v 0.089070 -0.277346 0.439632
v 0.070260 -0.303520 0.414776
v 0.065301 -0.327634 0.385960
v 0.063391 -0.337621 0.375340
v 0.063024 -0.343152 0.371915
v 0.060519 -0.277346 0.444182
v 0.018162 -0.189253 0.497955
v 0.017957 -0.212520 0.490794
v 0.017634 -0.233786 0.480559
v 0.017220 -0.253098 0.468009
v 0.031344 -0.277346 0.446955
v 0.015584 -0.303535 0.419943
v 0.027266 -0.335445 0.380892
v 0.026733 -0.343139 0.375752
v 0.001599 -0.277346 0.447896
v -0.011634 -0.327656 0.390732
v -0.011422 -0.337622 0.379976
v -0.011110 -0.343153 0.376547
v -0.031602 -0.189212 0.496928
v -0.031130 -0.212450 0.489802
v -0.029911 -0.242829 0.474499
v -0.028147 -0.277346 0.446969
v -0.026374 -0.303254 0.419402
v -0.079953 -0.189250 0.491828
v -0.078745 -0.212515 0.484764
v -0.077047 -0.233779 0.474661
v -0.074981 -0.253089 0.462269
v -0.057324 -0.277346 0.444211
v -0.067120 -0.303521 0.414803
v -0.062497 -0.327633 0.385936
v -0.060872 -0.337621 0.375269
v -0.060116 -0.343152 0.371906
v -0.085877 -0.277346 0.439675
v -0.141952 -0.189249 0.477914
v -0.139853 -0.212513 0.471055
v -0.136878 -0.233776 0.461242
v -0.133248 -0.253085 0.449204
v -0.113751 -0.277346 0.433419
v -0.119390 -0.303508 0.403093
v -0.111116 -0.327612 0.375034
v -0.108133 -0.337620 0.364629
v -0.106954 -0.343152 0.361385
v -0.140892 -0.277346 0.425495
v -0.200578 -0.189248 0.456701
v -0.197636 -0.212511 0.450152
v -0.193455 -0.233772 0.440779
v -0.188345 -0.253080 0.429279
v -0.167244 -0.277346 0.415959
v -0.168818 -0.303498 0.385227
v -0.157091 -0.327596 0.358403
v -0.152820 -0.337620 0.348425
v -0.151242 -0.343152 0.345352
v -0.192753 -0.277345 0.404866
v -0.255337 -0.189246 0.428675
v -0.251608 -0.212509 0.422533
v -0.246302 -0.233769 0.413740
v -0.239810 -0.253076 0.402950
v -0.229334 -0.277402 0.385601
v -0.214989 -0.303489 0.361613
v -0.200036 -0.327583 0.336424
v -0.194555 -0.337620 0.327028
v -0.192609 -0.343152 0.324171
v -0.305737 -0.189245 0.394321
v -0.301286 -0.212506 0.388678
v -0.294944 -0.233766 0.380595
v -0.287179 -0.253073 0.370673
v -0.274658 -0.277400 0.354725
v -0.257487 -0.303483 0.332660
v -0.239561 -0.327576 0.309475
v -0.232965 -0.337620 0.300808
v -0.230683 -0.343152 0.298209
v -0.351285 -0.189243 0.354129
v -0.346180 -0.212504 0.349068
v -0.338901 -0.233764 0.341815
v -0.329988 -0.253071 0.332909
v -0.315619 -0.277400 0.318598
v -0.295891 -0.303481 0.298782
v -0.275277 -0.327574 0.277943
v -0.267672 -0.337620 0.270139
v -0.265091 -0.343152 0.267838
v -0.391486 -0.189242 0.308591
v -0.385805 -0.212504 0.304189
v -0.377700 -0.233764 0.297875
v -0.367773 -0.253071 0.290120
v -0.351773 -0.277400 0.277662
v -0.329786 -0.303482 0.260392
v -0.306794 -0.327578 0.242213
v -0.298302 -0.337620 0.235395
v -0.295461 -0.343152 0.233426
v -0.425850 -0.189242 0.258200
v -0.419677 -0.212505 0.254526
v -0.410867 -0.233765 0.249250
v -0.400071 -0.253073 0.242767
v -0.382680 -0.277401 0.232361
v -0.358757 -0.303487 0.217908
v -0.333726 -0.327586 0.202677
v -0.324478 -0.337620 0.196954
v -0.321419 -0.343152 0.195347
v -0.453888 -0.189244 0.203448
v -0.447314 -0.212507 0.200565
v -0.437928 -0.233768 0.196418
v -0.426424 -0.253076 0.191317
v -0.401995 -0.277345 0.195738
v -0.382391 -0.303495 0.171748
v -0.355690 -0.327599 0.159721
v -0.345828 -0.337620 0.155190
v -0.342598 -0.343152 0.153973
v -0.413102 -0.277345 0.170234
v -0.475114 -0.189245 0.144828
v -0.468236 -0.212510 0.142791
v -0.458414 -0.233772 0.139852
v -0.446372 -0.253082 0.136233
v -0.422652 -0.277345 0.143886
v -0.400276 -0.303506 0.122329
v -0.372304 -0.327615 0.113735
v -0.361982 -0.337621 0.110480
v -0.358629 -0.343153 0.109677
v -0.430590 -0.277345 0.116749
v -0.489040 -0.189249 0.082834
v -0.481965 -0.212514 0.081693
v -0.471856 -0.233778 0.080032
v -0.459463 -0.253089 0.077978
v -0.436861 -0.277346 0.088878
v -0.412005 -0.303520 0.070067
v -0.383189 -0.327634 0.065109
v -0.372569 -0.337621 0.063199
v -0.369144 -0.343152 0.062832
v -0.441411 -0.277346 0.060326
v -0.494158 -0.189212 0.034365
v -0.487032 -0.212449 0.033887
v -0.471705 -0.242828 0.033061
v -0.444184 -0.277346 0.031152
v -0.416625 -0.303254 0.029246
v -0.378121 -0.335445 0.027073
v -0.373136 -0.344243 0.024064
v -0.493177 -0.198998 0.001288
v -0.473529 -0.241530 0.001289
v -0.446084 -0.276326 0.001289
v -0.417223 -0.303524 0.001289
v -0.374965 -0.339466 0.001289
v -0.496890 -0.170564 -0.031974
v -0.495205 -0.183262 -0.031861
v -0.492515 -0.195435 -0.031682
v -0.488915 -0.207089 -0.031441
v -0.484500 -0.218232 -0.031147
v -0.479367 -0.228872 -0.030804
v -0.473611 -0.239014 -0.030420
v -0.467328 -0.248667 -0.030001
v -0.460614 -0.257837 -0.029553
v -0.453565 -0.266532 -0.029082
v -0.446276 -0.274760 -0.028596
v -0.438844 -0.282526 -0.028100
v -0.431363 -0.289839 -0.027600
v -0.423931 -0.296705 -0.027104
v -0.416642 -0.303132 -0.026618
v -0.409593 -0.309128 -0.026147
v -0.402879 -0.314698 -0.025699
v -0.396596 -0.319851 -0.025280
v -0.390840 -0.324593 -0.024896
v -0.385707 -0.328932 -0.024553
v -0.381292 -0.332876 -0.024258
v -0.377692 -0.336430 -0.024018
v -0.375001 -0.339603 -0.023839
v -0.373317 -0.342401 -0.023726
v -0.372734 -0.344832 -0.023687
v -0.489058 -0.189250 -0.080145
v -0.481993 -0.212515 -0.078938
v -0.471890 -0.233779 -0.077239
v -0.459498 -0.253089 -0.075173
v -0.441440 -0.277346 -0.057517
v -0.412033 -0.303520 -0.067313
v -0.383165 -0.327633 -0.062690
v -0.372498 -0.337621 -0.061065
v -0.369135 -0.343152 -0.060309
v -0.436905 -0.277346 -0.086070
v -0.475144 -0.189249 -0.142145
v -0.468284 -0.212513 -0.140045
v -0.458471 -0.233776 -0.137071
v -0.446433 -0.253085 -0.133440
v -0.430648 -0.277346 -0.113944
v -0.400323 -0.303508 -0.119582
v -0.372263 -0.327613 -0.111308
v -0.361858 -0.337620 -0.108325
v -0.358615 -0.343152 -0.107146
v -0.422724 -0.277346 -0.141085
v -0.453930 -0.189248 -0.200770
v -0.447381 -0.212511 -0.197828
v -0.438009 -0.233772 -0.193648
v -0.426509 -0.253080 -0.188537
v -0.413188 -0.277346 -0.167437
v -0.382457 -0.303498 -0.169010
v -0.355632 -0.327596 -0.157284
v -0.345654 -0.337620 -0.153012
v -0.342581 -0.343152 -0.151435
v -0.402095 -0.277345 -0.192946
v -0.425904 -0.189246 -0.255529
v -0.419763 -0.212509 -0.251801
v -0.410970 -0.233769 -0.246495
v -0.400179 -0.253076 -0.240002
v -0.382830 -0.277402 -0.229527
v -0.358842 -0.303489 -0.215182
v -0.333653 -0.327583 -0.200229
v -0.324257 -0.337620 -0.194747
v -0.321400 -0.343152 -0.192802
v -0.391550 -0.189245 -0.305930
v -0.385907 -0.212507 -0.301478
v -0.377824 -0.233766 -0.295136
v -0.367903 -0.253073 -0.287372
v -0.351954 -0.277400 -0.274850
v -0.329890 -0.303483 -0.257680
v -0.306704 -0.327576 -0.239754
v -0.298037 -0.337620 -0.233157
v -0.295438 -0.343152 -0.230876
v -0.351359 -0.189243 -0.351477
v -0.346298 -0.212505 -0.346372
v -0.339045 -0.233764 -0.339094
v -0.330139 -0.253071 -0.330181
v -0.315827 -0.277400 -0.315811
v -0.296011 -0.303481 -0.296083
v -0.275172 -0.327574 -0.275469
v -0.267368 -0.337620 -0.267865
v -0.265067 -0.343152 -0.265284
v -0.305821 -0.189243 -0.391678
v -0.301418 -0.212504 -0.385997
v -0.295105 -0.233764 -0.377893
v -0.287349 -0.253071 -0.367965
v -0.274892 -0.277400 -0.351966
v -0.257621 -0.303482 -0.329979
v -0.239443 -0.327578 -0.306987
v -0.232625 -0.337620 -0.298494
v -0.230655 -0.343152 -0.295653
v -0.255429 -0.189243 -0.426043
v -0.251755 -0.212505 -0.419870
v -0.246480 -0.233766 -0.411059
v -0.239997 -0.253073 -0.400264
v -0.229590 -0.277401 -0.382872
v -0.215138 -0.303487 -0.358950
v -0.199906 -0.327587 -0.333918
v -0.194183 -0.337620 -0.324670
v -0.192576 -0.343152 -0.321612
v -0.200677 -0.189244 -0.454081
v -0.197794 -0.212507 -0.447507
v -0.193647 -0.233768 -0.438120
v -0.188546 -0.253076 -0.426616
v -0.192967 -0.277345 -0.402187
v -0.168977 -0.303495 -0.382583
v -0.156950 -0.327599 -0.355882
v -0.152419 -0.337621 -0.346020
v -0.151202 -0.343152 -0.342791
v -0.167463 -0.277345 -0.413294
v -0.142057 -0.189245 -0.475306
v -0.140021 -0.212510 -0.468429
v -0.137082 -0.233772 -0.458606
v -0.133463 -0.253082 -0.446565
v -0.141116 -0.277345 -0.422844
v -0.119558 -0.303506 -0.400469
v -0.110965 -0.327615 -0.372497
v -0.107709 -0.337621 -0.362174
v -0.106907 -0.343153 -0.358821
v -0.113978 -0.277346 -0.430782
v -0.080064 -0.189249 -0.489233
v -0.078922 -0.212514 -0.482158
v -0.077261 -0.233778 -0.472049
v -0.075207 -0.253089 -0.459655
v -0.086107 -0.277346 -0.437054
v -0.067296 -0.303520 -0.412198
v -0.062338 -0.327634 -0.383382
v -0.060428 -0.337621 -0.372761
v -0.060061 -0.343152 -0.369337
v -0.057556 -0.277346 -0.441603
v -0.015199 -0.189253 -0.495377
v -0.014994 -0.212520 -0.488216
v -0.014671 -0.233786 -0.477981
v -0.014256 -0.253098 -0.465430
v -0.028381 -0.277346 -0.444376
v -0.012620 -0.303535 -0.417365
v -0.011468 -0.327651 -0.388164
v -0.010961 -0.337621 -0.377413
v -0.011046 -0.343152 -0.373971
v 0.001364 -0.277346 -0.445317
v 0.034566 -0.189213 -0.494350
v 0.034093 -0.212450 -0.487224
v 0.032875 -0.242829 -0.471921
v 0.031110 -0.277346 -0.444391
v 0.029337 -0.303254 -0.416824
v 0.026373 -0.335445 -0.378370
v 0.028694 -0.344243 -0.373048
v 0.082916 -0.189250 -0.489250
v 0.081708 -0.212515 -0.482186
v 0.080010 -0.233779 -0.472082
v 0.077944 -0.253090 -0.459691
v 0.060287 -0.277346 -0.441632
v 0.070084 -0.303520 -0.412225
v 0.065460 -0.327633 -0.383357
v 0.063835 -0.337621 -0.372691
v 0.063080 -0.343152 -0.369328
v 0.088841 -0.277346 -0.437097
v 0.144915 -0.189249 -0.475336
v 0.142816 -0.212514 -0.468476
v 0.139841 -0.233776 -0.458664
v 0.136211 -0.253085 -0.446626
v 0.116714 -0.277346 -0.430841
v 0.122353 -0.303508 -0.400515
v 0.114079 -0.327613 -0.372456
v 0.111096 -0.337620 -0.362050
v 0.109917 -0.343152 -0.358807
v 0.143856 -0.277346 -0.422917
v 0.203541 -0.189248 -0.454123
v 0.200599 -0.212511 -0.447574
v 0.196418 -0.233772 -0.438201
v 0.191308 -0.253080 -0.426701
v 0.170208 -0.277346 -0.413381
v 0.171781 -0.303498 -0.382649
v 0.160055 -0.327596 -0.355825
v 0.155783 -0.337620 -0.345847
v 0.154206 -0.343152 -0.342773
v 0.195716 -0.277345 -0.402287
v 0.258300 -0.189246 -0.426097
v 0.254571 -0.212509 -0.419955
v 0.249266 -0.233769 -0.411162
v 0.242773 -0.253076 -0.400372
v 0.232297 -0.277402 -0.383023
v 0.217953 -0.303489 -0.359035
v 0.202999 -0.327584 -0.333845
v 0.197518 -0.337620 -0.324450
v 0.195572 -0.343152 -0.321592
v 0.308701 -0.189245 -0.391742
v 0.304249 -0.212506 -0.386100
v 0.297907 -0.233766 -0.378017
v 0.290143 -0.253073 -0.368095
v 0.277621 -0.277401 -0.352147
v 0.260450 -0.303483 -0.330082
v 0.242524 -0.327577 -0.306896
v 0.235928 -0.337620 -0.298230
v 0.233646 -0.343152 -0.295631
v 0.354248 -0.189243 -0.351551
v 0.349143 -0.212505 -0.346490
v 0.341865 -0.233765 -0.339237
v 0.332952 -0.253071 -0.330331
v 0.318581 -0.277400 -0.316020
v 0.298854 -0.303481 -0.296203
v 0.278240 -0.327575 -0.275364
v 0.270636 -0.337620 -0.267560
v 0.268055 -0.343152 -0.265259
v 0.394449 -0.189243 -0.306013
v 0.388768 -0.212504 -0.301611
v 0.380664 -0.233764 -0.295297
v 0.370736 -0.253071 -0.287542
v 0.354736 -0.277400 -0.275084
v 0.332750 -0.303482 -0.257814
v 0.309757 -0.327579 -0.239635
v 0.301265 -0.337620 -0.232817
v 0.298424 -0.343152 -0.230848
v 0.428814 -0.189242 -0.255621
v 0.422640 -0.212505 -0.251947
v 0.413830 -0.233766 -0.246672
v 0.403034 -0.253073 -0.240189
v 0.385643 -0.277401 -0.229783
v 0.361720 -0.303487 -0.215330
v 0.336689 -0.327587 -0.200098
v 0.327441 -0.337620 -0.194375
v 0.324382 -0.343152 -0.192769
v 0.456852 -0.189244 -0.200870
v 0.450278 -0.212507 -0.197986
v 0.440891 -0.233768 -0.193839
v 0.429387 -0.253077 -0.188739
v 0.404957 -0.277345 -0.193160
v 0.385354 -0.303495 -0.169169
v 0.358653 -0.327599 -0.157143
v 0.348791 -0.337620 -0.152612
v 0.345561 -0.343153 -0.151395
v 0.416065 -0.277345 -0.167656
v 0.478077 -0.189245 -0.142250
v 0.471199 -0.212510 -0.140213
v 0.461377 -0.233772 -0.137274
v 0.449336 -0.253082 -0.133655
v 0.425615 -0.277345 -0.141308
v 0.403240 -0.303506 -0.119751
v 0.375267 -0.327615 -0.111157
v 0.364945 -0.337621 -0.107901
v 0.361592 -0.343153 -0.107099
v 0.433553 -0.277346 -0.114171
v 0.492003 -0.189249 -0.080256
v 0.484929 -0.212514 -0.079114
v 0.474820 -0.233778 -0.077453
v 0.462426 -0.253089 -0.075400
v 0.439824 -0.277346 -0.086300
v 0.414968 -0.303520 -0.067489
v 0.386153 -0.327634 -0.062530
v 0.375532 -0.337621 -0.060620
v 0.372107 -0.343152 -0.060253
v 0.444374 -0.277346 -0.057748
v 0.499853 -0.170564 -0.031974
v 0.498169 -0.183262 -0.031861
v 0.495478 -0.195435 -0.031682
v 0.491878 -0.207089 -0.031441
v 0.487463 -0.218232 -0.031147
v 0.482330 -0.228872 -0.030804
v 0.476574 -0.239014 -0.030420
v 0.470291 -0.248667 -0.030001
v 0.463577 -0.257837 -0.029552
v 0.456528 -0.266532 -0.029082
v 0.449239 -0.274760 -0.028596
v 0.441807 -0.282526 -0.028099
v 0.434326 -0.289839 -0.027600
v 0.426894 -0.296705 -0.027104
v 0.419605 -0.303132 -0.026618
v 0.412556 -0.309128 -0.026147
v 0.405842 -0.314698 -0.025699
v 0.399559 -0.319851 -0.025280
v 0.393803 -0.324593 -0.024896
v 0.388670 -0.328932 -0.024553
v 0.384255 -0.332876 -0.024258
v 0.380655 -0.336430 -0.024018
v 0.377964 -0.339603 -0.023838
v 0.376280 -0.342401 -0.023726
v 0.375697 -0.344832 -0.023687
v 0.373717 -0.354046 0.001289
v 0.364197 -0.361137 0.001292
v 0.335559 -0.368834 0.001290
v 0.288608 -0.374554 0.001289
v 0.225650 -0.378660 0.001289
v 0.109310 -0.381732 0.001289
v 0.001482 -0.382332 0.001289
v 0.373152 -0.353803 0.025815
v 0.042550 -0.382244 0.004030
v 0.372608 -0.350929 0.050476
v 0.366059 -0.356952 0.061384
v 0.354717 -0.362997 0.058810
v 0.321188 -0.370479 0.052844
v 0.269669 -0.375247 0.081140
v 0.117262 -0.381322 0.069739
v 0.042291 -0.382244 0.006718
v 0.368814 -0.350929 0.074401
v 0.041872 -0.382244 0.009349
v 0.363577 -0.350929 0.097757
v 0.353500 -0.358933 0.106291
v 0.331183 -0.365134 0.122773
v 0.306481 -0.370484 0.113327
v 0.207454 -0.378974 0.070247
v 0.033025 -0.382134 0.067138
v 0.041295 -0.382244 0.011917
v 0.356943 -0.350929 0.120499
v 0.040564 -0.382244 0.014418
v 0.348958 -0.350929 0.142580
v 0.337950 -0.358932 0.149600
v 0.039685 -0.382244 0.016846
v 0.339668 -0.350929 0.163956
v 0.038662 -0.382244 0.019196
v 0.329119 -0.350928 0.184579
v 0.317365 -0.358932 0.190067
v 0.291841 -0.365131 0.200095
v 0.270171 -0.370483 0.184860
v 0.206671 -0.375924 0.181914
v 0.157202 -0.379360 0.138114
v 0.037501 -0.382244 0.021463
v 0.317358 -0.350928 0.204404
v 0.036207 -0.382244 0.023642
v 0.304428 -0.350928 0.223384
v 0.292102 -0.358931 0.227327
v 0.034784 -0.382244 0.025729
v 0.290378 -0.350928 0.241475
v 0.033238 -0.382244 0.027718
v 0.275252 -0.350928 0.258629
v 0.262522 -0.358931 0.261017
v 0.235267 -0.365131 0.264460
v 0.217916 -0.370483 0.244433
v 0.031573 -0.382244 0.029603
v 0.259096 -0.350928 0.274801
v 0.029796 -0.382244 0.031381
v 0.241957 -0.350928 0.289945
v 0.228985 -0.358931 0.290770
v 0.027910 -0.382244 0.033045
v 0.223881 -0.350928 0.304014
v 0.025922 -0.382244 0.034591
v 0.204913 -0.350928 0.316963
v 0.191855 -0.358932 0.316225
v 0.164268 -0.365133 0.313030
v 0.156248 -0.368843 0.297702
v 0.139940 -0.373716 0.265451
v 0.076232 -0.378934 0.207968
v 0.010615 -0.381371 0.134667
v 0.023835 -0.382244 0.036014
v 0.185099 -0.350928 0.328746
v 0.021656 -0.382244 0.037309
v 0.164485 -0.350928 0.339316
v 0.151495 -0.358932 0.337017
v 0.019388 -0.382244 0.038470
v 0.143118 -0.350929 0.348628
v 0.017038 -0.382244 0.039493
v 0.121043 -0.350929 0.356636
v 0.108272 -0.358932 0.352786
v 0.081697 -0.365136 0.343035
v 0.077737 -0.368846 0.326225
v 0.069951 -0.373717 0.291011
v 0.014610 -0.382244 0.040372
v 0.098307 -0.350929 0.363292
v 0.012110 -0.382244 0.041103
v 0.074955 -0.350929 0.368552
v 0.062549 -0.358933 0.363172
v 0.009541 -0.382244 0.041680
v 0.051033 -0.350929 0.372370
v 0.006911 -0.382244 0.042098
v 0.026589 -0.350929 0.374698
v 0.014306 -0.356953 0.370338
v -0.000351 -0.360157 0.365709
v -0.001828 -0.365193 0.351894
v -0.019213 -0.370608 0.323434
v -0.016195 -0.375182 0.282206
v -0.040342 -0.379321 0.205214
v 0.004222 -0.382244 0.042353
v 0.001667 -0.350930 0.375493
v 0.001482 -0.382244 0.042439
v -0.023061 -0.352078 0.374386
v -0.043017 -0.367009 0.340971
v -0.001259 -0.382244 0.042353
v -0.047705 -0.350929 0.372416
v -0.058613 -0.356952 0.365866
v -0.056791 -0.362059 0.356598
v -0.003947 -0.382244 0.042098
v -0.071630 -0.350929 0.368621
v -0.006578 -0.382244 0.041680
v -0.094987 -0.350929 0.363384
v -0.103521 -0.358933 0.353308
v -0.120003 -0.365134 0.330990
v -0.110557 -0.370484 0.306288
v -0.092102 -0.375877 0.256096
v -0.009146 -0.382244 0.041103
v -0.117729 -0.350929 0.356750
v -0.011647 -0.382244 0.040372
v -0.139810 -0.350929 0.348766
v -0.146829 -0.358932 0.337758
v -0.014075 -0.382244 0.039493
v -0.161185 -0.350929 0.339476
v -0.016425 -0.382244 0.038470
v -0.181808 -0.350928 0.328927
v -0.187296 -0.358932 0.317172
v -0.197324 -0.365131 0.291649
v -0.182089 -0.370483 0.269978
v -0.179143 -0.375924 0.206478
v -0.142717 -0.378880 0.165181
v -0.124442 -0.381044 0.088080
v -0.088299 -0.382049 0.001289
v -0.018692 -0.382244 0.037309
v -0.201633 -0.350928 0.317165
v -0.020872 -0.382244 0.036014
v -0.220614 -0.350928 0.304236
v -0.224556 -0.358931 0.291909
v -0.022958 -0.382244 0.034591
v -0.238704 -0.350928 0.290185
v -0.024947 -0.382244 0.033045
v -0.255858 -0.350928 0.275059
v -0.258246 -0.358931 0.262329
v -0.261689 -0.365131 0.235074
v -0.241662 -0.370483 0.217723
v -0.026833 -0.382244 0.031381
v -0.272030 -0.350928 0.258904
v -0.028610 -0.382244 0.029603
v -0.287174 -0.350928 0.241765
v -0.288000 -0.358931 0.228792
v -0.030274 -0.382244 0.027718
v -0.301244 -0.350928 0.223689
v -0.031820 -0.382244 0.025729
v -0.314193 -0.350928 0.204720
v -0.313454 -0.358932 0.191662
v -0.310260 -0.365133 0.164075
v -0.286649 -0.370483 0.152113
v -0.239221 -0.375877 0.127304
v -0.202721 -0.378883 0.077346
v -0.033243 -0.382244 0.023642
v -0.325976 -0.350928 0.184906
v -0.034538 -0.382244 0.021463
v -0.336546 -0.350928 0.164293
v -0.334247 -0.358932 0.151302
v -0.035699 -0.382244 0.019196
v -0.345858 -0.350929 0.142926
v -0.036722 -0.382244 0.016846
v -0.353865 -0.350929 0.120850
v -0.352554 -0.356951 0.108343
v -0.341238 -0.362996 0.105647
v -0.328899 -0.367960 0.076309
v -0.307646 -0.371416 0.071328
v -0.037601 -0.382244 0.014418
v -0.360522 -0.350929 0.098114
v -0.038332 -0.382244 0.011917
v -0.365782 -0.350929 0.074763
v -0.362951 -0.356951 0.062296
v -0.354317 -0.362324 0.053048
v -0.274119 -0.375286 0.051011
v -0.038909 -0.382244 0.009349
v -0.369599 -0.350929 0.050841
v -0.039328 -0.382244 0.006718
v -0.370154 -0.353803 0.026373
v -0.365979 -0.358487 0.001293
v -0.331461 -0.369069 0.001289
v -0.244879 -0.377710 0.001289
v -0.039583 -0.382244 0.004030
v -0.372831 -0.350624 0.001289
v -0.356745 -0.362721 0.001289
v -0.372624 -0.347081 -0.023680
v -0.372212 -0.349323 -0.023652
v -0.371376 -0.351550 -0.023597
v -0.369994 -0.353756 -0.023504
v -0.367944 -0.355932 -0.023368
v -0.365104 -0.358073 -0.023178
v -0.361351 -0.360171 -0.022927
v -0.356563 -0.362218 -0.022608
v -0.350619 -0.364208 -0.022211
v -0.343396 -0.366132 -0.021729
v -0.334771 -0.367985 -0.021153
v -0.324661 -0.370004 -0.020489
v -0.312831 -0.371446 -0.019689
v -0.299270 -0.373040 -0.018784
v -0.283820 -0.374532 -0.017753
v -0.266363 -0.375982 -0.016588
v -0.246766 -0.377236 -0.015280
v -0.224927 -0.378683 -0.013824
v -0.200682 -0.379377 -0.012204
v -0.173951 -0.380250 -0.010420
v -0.144598 -0.380980 -0.008461
v -0.112501 -0.381600 -0.006318
v -0.077536 -0.382002 -0.003985
v -0.039583 -0.382244 -0.001452
v -0.369645 -0.350929 -0.047898
v -0.360697 -0.358933 -0.057924
v -0.341087 -0.365995 -0.054809
v -0.288908 -0.373089 -0.088238
v -0.039328 -0.382244 -0.004140
v -0.365851 -0.350929 -0.071823
v -0.038909 -0.382244 -0.006771
v -0.360614 -0.350929 -0.095179
v -0.350537 -0.358933 -0.103713
v -0.328219 -0.365134 -0.120197
v -0.311995 -0.368844 -0.114233
v -0.253326 -0.375877 -0.092292
v -0.038332 -0.382244 -0.009339
v -0.353980 -0.350929 -0.117921
v -0.037601 -0.382244 -0.011839
v -0.345995 -0.350929 -0.140002
v -0.334987 -0.358932 -0.147021
v -0.036722 -0.382244 -0.014267
v -0.336705 -0.350929 -0.161378
v -0.035699 -0.382244 -0.016617
v -0.326156 -0.350928 -0.182001
v -0.314401 -0.358932 -0.187488
v -0.288878 -0.365131 -0.197517
v -0.267208 -0.370483 -0.182282
v -0.203707 -0.375924 -0.179336
v -0.154861 -0.379875 -0.115977
v -0.071986 -0.381703 -0.084520
v -0.034538 -0.382244 -0.018885
v -0.314394 -0.350928 -0.201825
v -0.033243 -0.382244 -0.021064
v -0.301465 -0.350928 -0.220806
v -0.289139 -0.358931 -0.224749
v -0.031820 -0.382244 -0.023151
v -0.287415 -0.350928 -0.238896
v -0.030274 -0.382244 -0.025139
v -0.272289 -0.350928 -0.256051
v -0.259558 -0.358931 -0.258438
v -0.232303 -0.365131 -0.261881
v -0.214953 -0.370483 -0.241854
v -0.028610 -0.382244 -0.027025
v -0.256133 -0.350928 -0.272223
v -0.026833 -0.382244 -0.028802
v -0.238994 -0.350928 -0.287367
v -0.226022 -0.358931 -0.288192
v -0.024947 -0.382244 -0.030467
v -0.220918 -0.350928 -0.301436
v -0.022958 -0.382244 -0.032013
v -0.201950 -0.350928 -0.314385
v -0.188891 -0.358932 -0.313647
v -0.161305 -0.365133 -0.310452
v -0.149342 -0.370483 -0.286842
v -0.093702 -0.375928 -0.254472
v -0.070370 -0.378831 -0.206103
v -0.049992 -0.381015 -0.139160
v -0.020872 -0.382244 -0.033436
v -0.182136 -0.350928 -0.326168
v -0.018692 -0.382244 -0.034730
v -0.161522 -0.350928 -0.336738
v -0.148532 -0.358932 -0.334439
v -0.016425 -0.382244 -0.035892
v -0.140155 -0.350929 -0.346050
v -0.014075 -0.382244 -0.036914
v -0.118080 -0.350929 -0.354058
v -0.105309 -0.358932 -0.350208
v -0.078734 -0.365136 -0.340456
v -0.073009 -0.370484 -0.314672
v -0.011647 -0.382244 -0.037794
v -0.095344 -0.350929 -0.360714
v -0.009146 -0.382244 -0.038525
v -0.071992 -0.350929 -0.365974
v -0.059586 -0.358933 -0.360594
v -0.006578 -0.382244 -0.039102
v -0.048070 -0.350929 -0.369792
v -0.003947 -0.382244 -0.039520
v -0.023625 -0.350929 -0.372120
v -0.011343 -0.356953 -0.367760
v 0.003314 -0.360157 -0.363130
v 0.004791 -0.365193 -0.349315
v 0.022176 -0.370608 -0.320856
v 0.019157 -0.375182 -0.279628
v 0.035340 -0.381693 -0.106817
v -0.001259 -0.382244 -0.039775
v 0.001296 -0.350930 -0.372915
v 0.036348 -0.379560 -0.196774
v 0.001482 -0.382244 -0.039861
v 0.026007 -0.353803 -0.370381
v 0.045980 -0.367009 -0.338393
v 0.004222 -0.382244 -0.039775
v 0.050668 -0.350929 -0.369838
v 0.061576 -0.356952 -0.363288
v 0.059756 -0.362059 -0.354019
v 0.006911 -0.382244 -0.039520
v 0.074593 -0.350929 -0.366043
v 0.009541 -0.382244 -0.039102
v 0.097950 -0.350929 -0.360806
v 0.106483 -0.358933 -0.350730
v 0.122967 -0.365134 -0.328413
v 0.113521 -0.370484 -0.303710
v 0.091810 -0.376527 -0.245890
v 0.012110 -0.382244 -0.038525
v 0.120691 -0.350929 -0.354172
v 0.014610 -0.382244 -0.037794
v 0.142773 -0.350929 -0.346188
v 0.149792 -0.358932 -0.335179
v 0.017038 -0.382244 -0.036914
v 0.164148 -0.350929 -0.336898
v 0.019388 -0.382244 -0.035892
v 0.184772 -0.350928 -0.326349
v 0.190259 -0.358932 -0.314594
v 0.200287 -0.365132 -0.289070
v 0.185052 -0.370483 -0.267400
v 0.182107 -0.375924 -0.203900
v 0.145679 -0.378880 -0.162602
v 0.127411 -0.381044 -0.085504
v 0.021656 -0.382244 -0.034730
v 0.204596 -0.350928 -0.314587
v 0.023835 -0.382244 -0.033436
v 0.223577 -0.350928 -0.301658
v 0.227519 -0.358932 -0.289331
v 0.025922 -0.382244 -0.032013
v 0.241667 -0.350928 -0.287607
v 0.027910 -0.382244 -0.030467
v 0.258822 -0.350928 -0.272481
v 0.261209 -0.358931 -0.259751
v 0.264652 -0.365131 -0.232496
v 0.244625 -0.370483 -0.215145
v 0.029796 -0.382244 -0.028802
v 0.274993 -0.350928 -0.256326
v 0.031573 -0.382244 -0.027025
v 0.290137 -0.350928 -0.239187
v 0.290963 -0.358931 -0.226214
v 0.033238 -0.382244 -0.025139
v 0.304207 -0.350928 -0.221110
v 0.034784 -0.382244 -0.023151
v 0.317156 -0.350928 -0.202142
v 0.316417 -0.358932 -0.189084
v 0.313223 -0.365133 -0.161497
v 0.289612 -0.370483 -0.149534
v 0.257244 -0.375928 -0.093894
v 0.205682 -0.378883 -0.074767
v 0.080499 -0.382017 -0.003985
v 0.036207 -0.382244 -0.021064
v 0.328939 -0.350928 -0.182328
v 0.037501 -0.382244 -0.018885
v 0.339509 -0.350928 -0.161715
v 0.337210 -0.358932 -0.148724
v 0.038662 -0.382244 -0.016617
v 0.348821 -0.350929 -0.140347
v 0.039685 -0.382244 -0.014267
v 0.356828 -0.350929 -0.118272
v 0.352978 -0.358932 -0.105501
v 0.343227 -0.365136 -0.078927
v 0.317443 -0.370484 -0.073202
v 0.040564 -0.382244 -0.011839
v 0.363485 -0.350929 -0.095536
v 0.041295 -0.382244 -0.009339
v 0.368745 -0.350929 -0.072184
v 0.363365 -0.358933 -0.059778
v 0.041872 -0.382244 -0.006771
v 0.372562 -0.350929 -0.048262
v 0.042291 -0.382244 -0.004140
v 0.375587 -0.347081 -0.023680
v 0.375175 -0.349323 -0.023652
v 0.374339 -0.351550 -0.023596
v 0.372957 -0.353756 -0.023504
v 0.370907 -0.355933 -0.023367
v 0.368067 -0.358073 -0.023178
v 0.364314 -0.360171 -0.022927
v 0.359526 -0.362218 -0.022608
v 0.353582 -0.364208 -0.022211
v 0.346359 -0.366132 -0.021729
v 0.337734 -0.367985 -0.021153
v 0.327587 -0.369759 -0.020476
v 0.315794 -0.371446 -0.019689
v 0.302234 -0.373040 -0.018784
v 0.286784 -0.374532 -0.017753
v 0.269322 -0.375917 -0.016587
v 0.249726 -0.377187 -0.015279
v 0.227874 -0.378334 -0.013821
v 0.203644 -0.379352 -0.012204
v 0.176914 -0.380232 -0.010420
v 0.147561 -0.380969 -0.008461
v 0.115463 -0.381555 -0.006318
v 0.042546 -0.382244 -0.001452
v -0.398518 0.124125 0.001288
v -0.563593 0.121486 0.001289
v -0.625830 0.112428 0.001289
v -0.655856 0.100315 0.001290
v -0.667578 0.088124 0.001299
v -0.672639 0.076872 0.001290
v -0.673395 0.058078 0.001290
v -0.398282 0.124483 0.014152
v -0.491883 0.124103 0.014163
v -0.553961 0.122160 0.014155
v -0.604771 0.117195 0.014130
v -0.637992 0.109722 0.018676
v -0.648825 0.104512 0.013515
v -0.660292 0.097360 0.014167
v -0.673234 0.077453 0.014104
v -0.673842 0.059170 0.009775
v -0.669869 0.088674 0.021680
v -0.675609 0.065427 0.021638
v -0.397200 0.126916 0.028519
v -0.492492 0.126530 0.028569
v -0.555540 0.124502 0.028554
v -0.607075 0.119320 0.028511
v -0.657765 0.102754 0.028568
v -0.667812 0.097260 0.035142
v -0.676450 0.077909 0.028483
v -0.642455 0.112507 0.034645
v -0.674083 0.089907 0.034617
v -0.681077 0.061652 0.037233
v -0.395433 0.130890 0.039994
v -0.493434 0.130509 0.040092
v -0.558078 0.128344 0.040076
v -0.610808 0.122818 0.040030
v -0.662642 0.105162 0.040066
v -0.682078 0.076925 0.039787
v -0.647632 0.115969 0.044717
v -0.680091 0.091663 0.044684
v -0.393139 0.136044 0.048581
v -0.494640 0.135692 0.048718
v -0.561316 0.133356 0.048706
v -0.615594 0.127399 0.048673
v -0.668982 0.108308 0.048680
v -0.681796 0.099011 0.050579
v -0.690066 0.067101 0.048556
v -0.657136 0.118873 0.051756
v -0.688829 0.086948 0.050768
v -0.390473 0.142031 0.054317
v -0.496146 0.141715 0.054440
v -0.564980 0.139193 0.054435
v -0.621017 0.132768 0.054419
v -0.684733 0.107454 0.055564
v -0.698202 0.066916 0.054366
v -0.665667 0.123156 0.056190
v -0.697480 0.093139 0.056185
v -0.387526 0.148649 0.057261
v -0.545530 0.147243 0.057272
v -0.624822 0.137139 0.056717
v -0.704738 0.067116 0.056711
v -0.655297 0.136005 0.057549
v -0.688203 0.120129 0.057554
v -0.706768 0.099001 0.057651
v -0.711520 0.064389 0.057626
v -0.383780 0.157100 0.057032
v -0.582151 0.151012 0.057361
v -0.502801 0.158065 0.056218
v -0.636826 0.145466 0.056743
v -0.682650 0.131912 0.056224
v -0.703981 0.114899 0.056207
v -0.720893 0.079931 0.055901
v -0.573282 0.158049 0.054694
v -0.641161 0.149763 0.054456
v -0.717646 0.101771 0.054419
v -0.724291 0.062615 0.054405
v -0.380169 0.165230 0.051797
v -0.502396 0.164402 0.051950
v -0.678409 0.141550 0.051942
v -0.696297 0.133487 0.051072
v -0.707927 0.122623 0.052015
v -0.579308 0.162633 0.050585
v -0.629869 0.158042 0.048738
v -0.657967 0.151973 0.048733
v -0.720929 0.112617 0.048696
v -0.728834 0.094996 0.048693
v -0.731602 0.076147 0.049132
v -0.377682 0.170842 0.044643
v -0.503191 0.170062 0.044781
v -0.684579 0.145944 0.044780
v -0.711896 0.128805 0.044762
v -0.583874 0.167884 0.042603
v -0.632486 0.163982 0.038394
v -0.663087 0.156400 0.040120
v -0.701949 0.139980 0.040056
v -0.728900 0.112018 0.041103
v -0.740009 0.091385 0.035059
v -0.738074 0.073715 0.042024
v -0.375635 0.175460 0.034588
v -0.504290 0.175704 0.031958
v -0.689710 0.149513 0.034721
v -0.717589 0.131610 0.034708
v -0.735004 0.107040 0.034701
v -0.587149 0.172064 0.031671
v -0.652958 0.163365 0.028610
v -0.674488 0.159322 0.022167
v -0.708508 0.143906 0.022127
v -0.731809 0.121935 0.022118
v -0.744485 0.075329 0.028529
v -0.374194 0.178709 0.021633
v -0.614909 0.171399 0.021776
v -0.693323 0.152020 0.021764
v -0.721598 0.133581 0.021754
v -0.739251 0.108281 0.021745
v -0.504859 0.178947 0.014178
v -0.566133 0.176560 0.014199
v -0.655223 0.165518 0.014207
v -0.746551 0.087135 0.014162
v -0.748438 0.061938 0.010233
v -0.373518 0.180232 0.005745
v -0.613992 0.173260 0.002258
v -0.695009 0.153209 0.005869
v -0.723476 0.134519 0.005853
v -0.741249 0.108873 0.005836
v -0.504709 0.179382 -0.007689
v -0.566059 0.177001 -0.007681
v -0.655653 0.166004 -0.003230
v -0.675288 0.160266 -0.011990
v -0.710073 0.144819 -0.003264
v -0.733035 0.122576 -0.011938
v -0.746992 0.088356 -0.006502
v -0.373758 0.179691 -0.011657
v -0.694375 0.152826 -0.011576
v -0.722795 0.134227 -0.011596
v -0.740541 0.108702 -0.011622
v -0.615894 0.171832 -0.016156
v -0.654166 0.164671 -0.019134
v -0.706627 0.142999 -0.026392
v -0.747218 0.075330 -0.015547
v -0.374844 0.177244 -0.026030
v -0.504011 0.176526 -0.025994
v -0.564581 0.174205 -0.025983
v -0.691614 0.150981 -0.025987
v -0.719758 0.132788 -0.026003
v -0.740888 0.097762 -0.026037
v -0.613893 0.169026 -0.029810
v -0.665040 0.158318 -0.032106
v -0.731672 0.116432 -0.029295
v -0.743383 0.075047 -0.029246
v -0.376615 0.173248 -0.037510
v -0.502937 0.172548 -0.037518
v -0.562335 0.170315 -0.037512
v -0.636836 0.163257 -0.035761
v -0.687092 0.147958 -0.037505
v -0.714787 0.130435 -0.037509
v -0.729872 0.110701 -0.037460
v -0.735602 0.096682 -0.037532
v -0.660266 0.154422 -0.042182
v -0.737585 0.074579 -0.040049
v -0.378911 0.168068 -0.046089
v -0.501461 0.167369 -0.046144
v -0.584390 0.164951 -0.044707
v -0.629200 0.158175 -0.046137
v -0.689266 0.142069 -0.044650
v -0.717187 0.120796 -0.044422
v -0.728729 0.095298 -0.046129
v -0.732501 0.069459 -0.046130
v -0.608732 0.156544 -0.050952
v -0.652803 0.148366 -0.050884
v -0.699561 0.131445 -0.048362
v -0.717135 0.114089 -0.048491
v -0.381569 0.162071 -0.051790
v -0.527474 0.162472 -0.050574
v -0.672472 0.138240 -0.052999
v -0.717351 0.102387 -0.051844
v -0.722981 0.084343 -0.051847
v -0.721601 0.065429 -0.053285
v -0.497671 0.158161 -0.053638
v -0.574797 0.155108 -0.053639
v -0.697334 0.122123 -0.053647
v -0.385317 0.153619 -0.055144
v -0.632807 0.144506 -0.054698
v -0.708991 0.100104 -0.054771
v -0.563136 0.149954 -0.055038
v -0.671724 0.129354 -0.055001
v -0.711126 0.077807 -0.055041
v -0.690971 0.111136 -0.054711
v -0.389060 0.145203 -0.053531
v -0.545386 0.143931 -0.053628
v -0.624546 0.135509 -0.053623
v -0.668632 0.123796 -0.054137
v -0.703557 0.081954 -0.054132
v -0.662600 0.120502 -0.051808
v -0.685430 0.103959 -0.051803
v -0.696974 0.081442 -0.051783
v -0.391858 0.138924 -0.049192
v -0.495061 0.138624 -0.049361
v -0.563227 0.136182 -0.049351
v -0.618482 0.129963 -0.049330
v -0.645680 0.119693 -0.046110
v -0.662196 0.112514 -0.046091
v -0.674874 0.103537 -0.046073
v -0.684265 0.087204 -0.044261
v -0.687723 0.072655 -0.044377
v -0.394349 0.133328 -0.042044
v -0.493730 0.132975 -0.042187
v -0.559535 0.130729 -0.042172
v -0.613096 0.124996 -0.042141
v -0.638642 0.114836 -0.035127
v -0.654619 0.108316 -0.035103
v -0.673928 0.099129 -0.041215
v -0.396396 0.128724 -0.032016
v -0.492652 0.128350 -0.032111
v -0.556549 0.126264 -0.032095
v -0.608706 0.120933 -0.032062
v -0.665631 0.099625 -0.032065
v -0.674120 0.089861 -0.032054
v -0.678899 0.078166 -0.032061
v -0.679980 0.065237 -0.032104
v -0.397839 0.125480 -0.019092
v -0.491924 0.125103 -0.019146
v -0.554481 0.123130 -0.019134
v -0.605642 0.118083 -0.019110
v -0.633889 0.111574 -0.019143
v -0.649528 0.105495 -0.019133
v -0.661542 0.097896 -0.019121
v -0.669885 0.088657 -0.019118
v -0.674578 0.077606 -0.019129
v -0.675729 0.065735 -0.019564
v -0.398402 0.124180 -0.007351
v -0.419081 0.124177 -0.007351
v -0.439028 0.124151 -0.007351
v -0.458235 0.124083 -0.007351
v -0.476690 0.123949 -0.007351
v -0.494385 0.123728 -0.007351
v -0.511310 0.123399 -0.007351
v -0.527455 0.122940 -0.007351
v -0.542811 0.122329 -0.007351
v -0.557368 0.121544 -0.007351
v -0.571117 0.120564 -0.007351
v -0.584049 0.119366 -0.007351
v -0.596153 0.117931 -0.007351
v -0.607420 0.116234 -0.007351
v -0.617840 0.114256 -0.007351
v -0.627405 0.111974 -0.007351
v -0.636104 0.109366 -0.007351
v -0.643928 0.106411 -0.007351
v -0.650868 0.103087 -0.007351
v -0.656913 0.099373 -0.007351
v -0.662054 0.095246 -0.007351
v -0.666282 0.090685 -0.007351
v -0.669587 0.085668 -0.007351
v -0.671959 0.080175 -0.007351
v -0.673390 0.074181 -0.007351
v -0.673869 0.067668 -0.007351
v -0.666076 0.023784 0.001300
v -0.650366 -0.014998 0.001299
v -0.624915 -0.056753 0.001290
v -0.590057 -0.096410 0.001290
v -0.552696 -0.126559 0.001295
v -0.529429 -0.141303 0.001298
v -0.498602 -0.157506 0.001291
v -0.626231 -0.056011 0.014139
v -0.601172 -0.085601 0.014128
v -0.581318 -0.104779 0.014136
v -0.564880 -0.119249 0.022176
v -0.498402 -0.157683 0.009929
v -0.674085 0.048971 0.021682
v -0.668218 0.022973 0.021635
v -0.652273 -0.016073 0.021658
v -0.546622 -0.132624 0.021723
v -0.519527 -0.149556 0.025534
v -0.497852 -0.159382 0.021623
v -0.627285 -0.059363 0.028763
v -0.602496 -0.087956 0.028549
v -0.582173 -0.107286 0.028561
v -0.674942 0.030736 0.034563
v -0.660751 -0.008213 0.034583
v -0.644652 -0.039680 0.037614
v -0.546687 -0.136356 0.034700
v -0.517136 -0.156630 0.041477
v -0.496426 -0.163685 0.034496
v -0.631294 -0.061258 0.040049
v -0.614192 -0.081761 0.040065
v -0.594445 -0.101728 0.040080
v -0.571980 -0.120856 0.040093
v -0.680841 0.028757 0.044636
v -0.665952 -0.011285 0.044649
v -0.546634 -0.143345 0.047103
v -0.494409 -0.169763 0.044459
v -0.643635 -0.055369 0.048632
v -0.607701 -0.097027 0.048661
v -0.573227 -0.126426 0.048722
v -0.688086 0.026372 0.051847
v -0.672357 -0.014994 0.051852
v -0.516736 -0.165516 0.051956
v -0.491985 -0.177050 0.051504
v -0.649101 -0.060226 0.054388
v -0.611257 -0.102639 0.054406
v -0.561929 -0.142328 0.054428
v -0.696247 0.023749 0.056183
v -0.679608 -0.019078 0.056184
v -0.489167 -0.185608 0.055812
v -0.653106 -0.071374 0.057682
v -0.614973 -0.108888 0.057274
v -0.563145 -0.149343 0.057276
v -0.697269 0.001255 0.057449
v -0.486039 -0.194768 0.057594
v -0.698147 -0.010765 0.057367
v -0.591696 -0.137078 0.057357
v -0.527343 -0.178493 0.057279
v -0.713677 0.028410 0.056735
v -0.669632 -0.063298 0.056737
v -0.636921 -0.104801 0.055871
v -0.482792 -0.204514 0.055918
v -0.720122 0.026963 0.054402
v -0.703567 -0.020072 0.054394
v -0.674499 -0.066903 0.054412
v -0.610032 -0.131211 0.054664
v -0.567833 -0.163233 0.053811
v -0.531358 -0.185180 0.053594
v -0.480091 -0.212548 0.051592
v -0.731524 0.049296 0.048666
v -0.727647 0.025047 0.048659
v -0.720625 0.000771 0.048657
v -0.710409 -0.023426 0.048662
v -0.696958 -0.047432 0.048672
v -0.680238 -0.071141 0.048687
v -0.660214 -0.094453 0.048704
v -0.636852 -0.117269 0.048722
v -0.610119 -0.139497 0.048738
v -0.580778 -0.163872 0.044806
v -0.529871 -0.192733 0.047264
v -0.477643 -0.219883 0.044504
v -0.738426 0.048525 0.040048
v -0.734405 0.023327 0.040037
v -0.727124 -0.001707 0.040035
v -0.716539 -0.026507 0.040040
v -0.702612 -0.051001 0.040052
v -0.685302 -0.075118 0.040069
v -0.664571 -0.098789 0.040089
v -0.641080 -0.123075 0.037725
v -0.613179 -0.145717 0.037751
v -0.511394 -0.208750 0.036029
v -0.582056 -0.168749 0.034741
v -0.546789 -0.191301 0.032006
v -0.475618 -0.225972 0.034527
v -0.744389 0.046204 0.026288
v -0.739586 0.021973 0.028535
v -0.729897 -0.009974 0.028528
v -0.715461 -0.041961 0.025406
v -0.699350 -0.066679 0.025429
v -0.672563 -0.097269 0.029108
v -0.680233 -0.091448 0.021744
v -0.615284 -0.149869 0.021774
v -0.582919 -0.172201 0.021776
v -0.474279 -0.230450 0.021754
v -0.742750 0.021146 0.014151
v -0.739457 0.006047 0.009032
v -0.730046 -0.017668 0.014155
v -0.651775 -0.121084 0.018481
v -0.537652 -0.200268 0.014232
v -0.746171 0.034163 0.001277
v -0.717868 -0.043338 0.005854
v -0.701526 -0.068261 0.005866
v -0.681628 -0.092683 0.005875
v -0.645017 -0.128318 0.005885
v -0.616035 -0.151368 0.005884
v -0.583343 -0.173817 0.005877
v -0.473599 -0.232499 0.005881
v -0.730629 -0.017768 -0.007648
v -0.664458 -0.109946 -0.011905
v -0.537656 -0.200880 -0.003282
v -0.746970 0.047606 -0.011581
v -0.739400 0.008198 -0.011569
v -0.717317 -0.042915 -0.011549
v -0.701041 -0.067798 -0.011542
v -0.681216 -0.092189 -0.011538
v -0.644731 -0.127785 -0.011543
v -0.615844 -0.150808 -0.011554
v -0.583255 -0.173227 -0.011573
v -0.473792 -0.232236 -0.007954
v -0.537669 -0.199099 -0.019242
v -0.474185 -0.230283 -0.019046
v -0.744092 0.040767 -0.023092
v -0.736320 0.009311 -0.025952
v -0.727176 -0.016141 -0.025941
v -0.714622 -0.041227 -0.025935
v -0.698613 -0.065903 -0.025933
v -0.679106 -0.090123 -0.025937
v -0.643189 -0.125495 -0.025954
v -0.614744 -0.148369 -0.025972
v -0.582651 -0.170623 -0.025996
v -0.504304 -0.212287 -0.033430
v -0.735262 0.020464 -0.035305
v -0.663803 -0.101130 -0.035748
v -0.546892 -0.188913 -0.035157
v -0.475612 -0.225980 -0.031919
v -0.738454 0.048832 -0.037471
v -0.724809 -0.008076 -0.037513
v -0.713387 -0.032793 -0.037520
v -0.698615 -0.057189 -0.037532
v -0.680454 -0.081189 -0.037549
v -0.640655 -0.121741 -0.037481
v -0.612946 -0.144365 -0.037502
v -0.581680 -0.166341 -0.037526
v -0.477629 -0.219901 -0.041883
v -0.730830 0.042918 -0.046153
v -0.726138 0.018671 -0.046147
v -0.718289 -0.005585 -0.046149
v -0.707235 -0.029736 -0.046158
v -0.692938 -0.053672 -0.046173
v -0.675364 -0.077283 -0.046192
v -0.654488 -0.100465 -0.046210
v -0.630281 -0.123119 -0.046226
v -0.602715 -0.145149 -0.046235
v -0.571750 -0.166469 -0.046236
v -0.526333 -0.192686 -0.046750
v -0.480188 -0.212452 -0.049243
v -0.720394 0.028207 -0.051824
v -0.704193 -0.018791 -0.051810
v -0.675413 -0.065739 -0.051822
v -0.633820 -0.111319 -0.051856
v -0.579374 -0.154336 -0.051903
v -0.529595 -0.184296 -0.051882
v -0.483411 -0.202777 -0.054172
v -0.707650 0.014881 -0.054791
v -0.692918 -0.026815 -0.054151
v -0.655990 -0.074954 -0.055029
v -0.613551 -0.118108 -0.055018
v -0.563847 -0.156626 -0.054762
v -0.703492 0.019937 -0.054870
v -0.589414 -0.130415 -0.054689
v -0.530781 -0.169102 -0.054694
v -0.487770 -0.189536 -0.054593
v -0.700510 0.043594 -0.053606
v -0.689021 0.001946 -0.053603
v -0.666794 -0.041610 -0.053604
v -0.633375 -0.085191 -0.053612
v -0.587249 -0.123609 -0.051847
v -0.531564 -0.161289 -0.051862
v -0.490622 -0.181064 -0.051499
v -0.692156 0.045509 -0.049277
v -0.681387 0.005704 -0.049275
v -0.660450 -0.036660 -0.049289
v -0.628883 -0.079388 -0.049317
v -0.596707 -0.107000 -0.046136
v -0.572879 -0.124977 -0.044514
v -0.546750 -0.143275 -0.044529
v -0.517193 -0.161977 -0.046159
v -0.493213 -0.173327 -0.045825
v -0.684713 0.047172 -0.042070
v -0.674579 0.009020 -0.042077
v -0.654790 -0.032261 -0.042108
v -0.624865 -0.074208 -0.042149
v -0.599676 -0.096892 -0.037481
v -0.525750 -0.150308 -0.035017
v -0.495471 -0.166546 -0.037297
v -0.678368 0.048143 -0.032056
v -0.672263 0.021343 -0.032009
v -0.656878 -0.019182 -0.034683
v -0.630434 -0.060657 -0.034646
v -0.582911 -0.106840 -0.027426
v -0.559356 -0.127675 -0.032160
v -0.658553 -0.006844 -0.025964
v -0.646523 -0.028234 -0.023409
v -0.635461 -0.047488 -0.026003
v -0.618013 -0.069470 -0.023522
v -0.602515 -0.087963 -0.026040
v -0.497220 -0.161286 -0.025870
v -0.673511 0.045107 -0.019167
v -0.669439 0.027611 -0.019161
v -0.663192 0.008853 -0.019166
v -0.558958 -0.124044 -0.019203
v -0.533520 -0.140891 -0.019184
v -0.498132 -0.158903 -0.015468
v -0.672725 0.053110 -0.007357
v -0.648038 -0.019750 -0.007358
v -0.622169 -0.060144 -0.007356
v -0.586453 -0.099512 -0.007354
v -0.673626 0.060625 -0.007351
v -0.671658 0.045100 -0.007351
v -0.669913 0.036704 -0.007351
v -0.667648 0.027943 -0.007351
v -0.664854 0.018860 -0.007351
v -0.661520 0.009498 -0.007351
v -0.657638 -0.000100 -0.007351
v -0.653197 -0.009891 -0.007351
v -0.642602 -0.029879 -0.007351
v -0.636429 -0.039991 -0.007351
v -0.629660 -0.050123 -0.007351
v -0.614292 -0.070278 -0.007351
v -0.605675 -0.080215 -0.007351
v -0.596423 -0.090001 -0.007351
v -0.575976 -0.108947 -0.007351
v -0.564762 -0.118021 -0.007351
v -0.552875 -0.126772 -0.007351
v -0.540305 -0.135157 -0.007351
v -0.527042 -0.143132 -0.007351
v -0.513078 -0.150655 -0.007351
v -0.498402 -0.157683 -0.007351
v 0.426483 -0.026199 0.012730
v 0.464872 -0.024426 0.001453
v 0.495468 -0.019222 0.010965
v 0.513512 -0.014161 0.010804
v 0.536738 -0.004490 0.001385
v 0.560106 0.011555 0.009147
v 0.578794 0.031943 0.001231
v 0.594699 0.058852 -0.005898
v 0.607097 0.090594 -0.004873
v 0.621807 0.134677 0.006279
v 0.634764 0.166380 -0.002877
v 0.651665 0.193408 0.005249
v 0.665438 0.208371 -0.002447
v 0.679496 0.219977 -0.002058
v 0.464901 -0.025357 0.020301
v 0.537290 -0.005984 0.027390
v 0.571084 0.020439 0.024894
v 0.586766 0.041917 0.022979
v 0.598600 0.065489 0.021007
v 0.608573 0.091631 0.019883
v 0.632377 0.158753 0.014051
v 0.644390 0.181069 0.013580
v 0.666626 0.208257 0.012063
v 0.682531 0.221034 0.012195
v 0.426482 -0.032029 0.047243
v 0.465113 -0.028004 0.037576
v 0.496533 -0.024168 0.045006
v 0.514794 -0.018868 0.044217
v 0.557184 0.003996 0.040842
v 0.624510 0.134041 0.024322
v 0.465912 -0.034699 0.060795
v 0.539651 -0.012911 0.056585
v 0.573327 0.013572 0.052403
v 0.585724 0.030339 0.048101
v 0.598458 0.053778 0.044069
v 0.612082 0.086296 0.041558
v 0.634127 0.152665 0.028672
v 0.643906 0.171285 0.027565
v 0.656330 0.193285 0.021932
v 0.674065 0.207914 0.026749
v 0.686640 0.219380 0.023857
v 0.426482 -0.044065 0.075369
v 0.507925 -0.029232 0.065620
v 0.560843 -0.004355 0.065909
v 0.467338 -0.048510 0.085935
v 0.510328 -0.038966 0.083652
v 0.542315 -0.021194 0.074387
v 0.578824 0.005618 0.072420
v 0.595037 0.029438 0.066576
v 0.607261 0.055374 0.060429
v 0.620662 0.092409 0.052724
v 0.637127 0.141909 0.042057
v 0.649309 0.167683 0.037848
v 0.664048 0.192850 0.032500
v 0.696265 0.220606 0.031152
v 0.426482 -0.061086 0.097245
v 0.544997 -0.032681 0.090428
v 0.558161 -0.018564 0.082194
v 0.681552 0.202555 0.037884
v 0.706119 0.220829 0.037212
v 0.469445 -0.066487 0.104806
v 0.514236 -0.055390 0.101998
v 0.574751 -0.018058 0.091526
v 0.592067 0.008896 0.081196
v 0.613016 0.044758 0.073615
v 0.636945 0.123190 0.052467
v 0.666971 0.173377 0.046904
v 0.426482 -0.081935 0.112902
v 0.551835 -0.047148 0.103967
v 0.597815 0.000216 0.090289
v 0.612320 0.028247 0.082326
v 0.648979 0.145850 0.050170
v 0.694387 0.198016 0.045916
v 0.722135 0.221740 0.042900
v 0.497045 -0.077270 0.113573
v 0.582312 -0.032440 0.102273
v 0.629083 0.066658 0.072902
v 0.426483 -0.100357 0.120635
v 0.567324 -0.061415 0.111608
v 0.613195 -0.000522 0.094166
v 0.639049 0.070671 0.074441
v 0.662037 0.138799 0.057853
v 0.426482 -0.117854 0.124560
v 0.517060 -0.097130 0.120955
v 0.737858 0.219856 0.046973
v 0.477451 -0.121467 0.124400
v 0.579640 -0.070069 0.112371
v 0.619132 -0.011995 0.096689
v 0.661339 0.109504 0.065061
v 0.684700 0.155446 0.055486
v 0.707350 0.185279 0.050660
v 0.762755 0.224422 0.047711
v 0.426482 -0.142918 0.124246
v 0.516763 -0.121261 0.121308
v 0.549827 -0.105768 0.117849
v 0.608128 -0.051063 0.104063
v 0.629856 -0.009841 0.093546
v 0.659742 0.083240 0.070199
v 0.748619 0.205906 0.047730
v 0.769312 0.222133 0.047719
v 0.478647 -0.144935 0.121337
v 0.588883 -0.085772 0.109269
v 0.662108 0.068119 0.071204
v 0.682124 0.125125 0.059251
v 0.700404 0.158428 0.053181
v 0.725790 0.188340 0.048921
v 0.426481 -0.167053 0.117508
v 0.533258 -0.137507 0.114295
v 0.573917 -0.112669 0.109209
v 0.618225 -0.061097 0.098591
v 0.643644 -0.006512 0.085772
v 0.682354 0.104145 0.059466
v 0.785391 0.221169 0.045360
v 0.462799 -0.171018 0.112218
v 0.494365 -0.162992 0.111289
v 0.600867 -0.098362 0.099360
v 0.632794 -0.051804 0.089022
v 0.672501 0.066463 0.064749
v 0.701285 0.139091 0.051689
v 0.724295 0.172195 0.046892
v 0.753168 0.192704 0.042153
v 0.426479 -0.188947 0.104571
v 0.523895 -0.162729 0.102869
v 0.548566 -0.150726 0.101013
v 0.569940 -0.137168 0.098735
v 0.588336 -0.122211 0.096085
v 0.617464 -0.088731 0.089854
v 0.656365 -0.002985 0.074062
v 0.691551 0.099954 0.052002
v 0.778748 0.205824 0.038026
v 0.812770 0.226466 0.040015
v 0.463974 -0.191092 0.096453
v 0.496791 -0.182299 0.095663
v 0.607051 -0.113093 0.085458
v 0.632145 -0.076615 0.079278
v 0.645462 -0.049273 0.074688
v 0.680694 0.060949 0.055564
v 0.710833 0.136420 0.044513
v 0.732830 0.160660 0.037337
v 0.747485 0.177067 0.035835
v 0.816771 0.223576 0.035753
v 0.426477 -0.207549 0.085537
v 0.527122 -0.179642 0.084386
v 0.552599 -0.166834 0.082871
v 0.574641 -0.152431 0.081012
v 0.593581 -0.136596 0.078846
v 0.623497 -0.101285 0.073747
v 0.663514 -0.011132 0.061043
v 0.699125 0.096370 0.041357
v 0.465006 -0.207471 0.074415
v 0.498831 -0.198053 0.073810
v 0.612131 -0.125109 0.065968
v 0.637780 -0.086962 0.061209
v 0.651394 -0.058447 0.057690
v 0.687346 0.056460 0.042837
v 0.718632 0.134236 0.034484
v 0.773499 0.191684 0.024919
v 0.824592 0.223326 0.030265
v 0.426477 -0.221781 0.060368
v 0.529623 -0.192615 0.059747
v 0.555716 -0.179190 0.058680
v 0.578267 -0.164138 0.057372
v 0.597623 -0.147628 0.055846
v 0.628140 -0.110905 0.052251
v 0.669052 -0.017518 0.043444
v 0.704656 0.093758 0.027521
v 0.797975 0.205441 0.018788
v 0.465466 -0.216526 0.053409
v 0.500276 -0.209120 0.045713
v 0.616566 -0.135034 0.034114
v 0.642706 -0.095324 0.031664
v 0.655567 -0.064885 0.035776
v 0.692007 0.053378 0.026571
v 0.724111 0.132690 0.021566
v 0.742549 0.159101 0.020124
v 0.758051 0.176062 0.019346
v 0.838722 0.223698 0.012560
v 0.426478 -0.230462 0.028959
v 0.465964 -0.222530 0.029558
v 0.531154 -0.200547 0.028934
v 0.557624 -0.186742 0.028427
v 0.580487 -0.171291 0.027806
v 0.600097 -0.154366 0.027083
v 0.630980 -0.116775 0.025371
v 0.672056 -0.022386 0.022122
v 0.706476 0.090872 0.014444
v 0.500754 -0.213489 0.020082
v 0.657213 -0.069633 0.001302
v 0.695220 0.054519 0.001300
v 0.721891 0.122165 0.001304
v 0.733112 0.141309 0.001305
v 0.746428 0.159453 0.001305
v 0.762179 0.176377 0.001304
v 0.786653 0.196466 0.001304
v 0.837106 0.222222 0.001288
v 0.426482 -0.232332 0.001289
v 0.482535 -0.220487 0.001287
v 0.531400 -0.202330 0.001289
v 0.568288 -0.182374 0.001287
v 0.607684 -0.149112 0.001287
v 0.636277 -0.111081 0.001288
v 0.672644 -0.024189 0.001289
v 0.707197 0.090682 0.001289
v 0.426482 -0.231369 -0.017719
v 0.465956 -0.223511 -0.017664
v 0.500754 -0.213489 -0.017504
v 0.531410 -0.201860 -0.017287
v 0.557950 -0.187984 -0.016946
v 0.580871 -0.172459 -0.016526
v 0.600281 -0.155207 -0.016005
v 0.617018 -0.136951 -0.015460
v 0.631205 -0.117566 -0.014865
v 0.643198 -0.097223 -0.014230
v 0.653351 -0.076096 -0.013563
v 0.662017 -0.054358 -0.012873
v 0.669552 -0.032179 -0.012169
v 0.676310 -0.009734 -0.011461
v 0.682645 0.012807 -0.010757
v 0.688912 0.035269 -0.010067
v 0.695464 0.057481 -0.009400
v 0.702657 0.079270 -0.008765
v 0.710845 0.100464 -0.008170
v 0.720382 0.120890 -0.007625
v 0.731622 0.140376 -0.007139
v 0.744920 0.158750 -0.006721
v 0.760631 0.175838 -0.006380
v 0.779108 0.191469 -0.006126
v 0.800707 0.205469 -0.005966
v 0.825781 0.217668 -0.005911
v 0.426479 -0.226689 -0.043642
v 0.465539 -0.219067 -0.043375
v 0.500114 -0.209209 -0.043017
v 0.599008 -0.151693 -0.039514
v 0.615647 -0.133644 -0.038236
v 0.629757 -0.114467 -0.036846
v 0.641690 -0.094328 -0.035362
v 0.655499 -0.064950 -0.033400
v 0.669992 -0.023303 -0.030354
v 0.691294 0.051079 -0.024126
v 0.705406 0.093364 -0.021703
v 0.724074 0.132755 -0.019204
v 0.742564 0.159184 -0.017674
v 0.756924 0.176264 -0.020088
v 0.776308 0.191618 -0.016223
v 0.794603 0.205573 -0.021870
v 0.836393 0.223963 -0.016018
v 0.529474 -0.192720 -0.057083
v 0.555596 -0.179299 -0.056021
v 0.578169 -0.164250 -0.054714
v 0.426481 -0.214873 -0.071915
v 0.464737 -0.207582 -0.071758
v 0.498615 -0.198167 -0.071163
v 0.595681 -0.142725 -0.065430
v 0.612051 -0.125249 -0.063340
v 0.631536 -0.098248 -0.060199
v 0.651286 -0.058563 -0.055273
v 0.665576 -0.018061 -0.050230
v 0.686482 0.053403 -0.040450
v 0.700415 0.095737 -0.036116
v 0.713025 0.123549 -0.033121
v 0.731785 0.152079 -0.027523
v 0.769182 0.192009 -0.027291
v 0.818464 0.219952 -0.026863
v 0.526909 -0.179773 -0.081769
v 0.552426 -0.166975 -0.080255
v 0.574499 -0.152580 -0.078395
v 0.726260 0.153111 -0.035396
v 0.747193 0.177226 -0.033038
v 0.426482 -0.197985 -0.094036
v 0.463589 -0.191209 -0.093852
v 0.496471 -0.182431 -0.093067
v 0.590934 -0.129952 -0.085590
v 0.606922 -0.113291 -0.082868
v 0.625956 -0.087469 -0.078700
v 0.645301 -0.049500 -0.072244
v 0.660282 -0.006860 -0.065270
v 0.686494 0.079957 -0.050230
v 0.701309 0.117976 -0.044553
v 0.759065 0.192568 -0.035894
v 0.778688 0.205936 -0.035108
v 0.820261 0.226137 -0.033991
v 0.523553 -0.162895 -0.100297
v 0.548279 -0.150914 -0.098441
v 0.569701 -0.137376 -0.096163
v 0.716927 0.154891 -0.043503
v 0.736793 0.178293 -0.040664
v 0.426482 -0.177090 -0.109996
v 0.462166 -0.171147 -0.109656
v 0.493823 -0.163158 -0.108733
v 0.592950 -0.107175 -0.098658
v 0.618493 -0.077080 -0.091436
v 0.639923 -0.041364 -0.081569
v 0.648061 -0.012528 -0.078871
v 0.675158 0.073173 -0.060227
v 0.694424 0.120256 -0.050510
v 0.755751 0.200638 -0.041481
v 0.793692 0.221284 -0.040774
v 0.519590 -0.143205 -0.112665
v 0.554341 -0.126260 -0.109464
v 0.625381 -0.050151 -0.092616
v 0.679899 0.105352 -0.058175
v 0.695880 0.140359 -0.051679
v 0.715470 0.173435 -0.047558
v 0.426481 -0.153314 -0.119613
v 0.477159 -0.145310 -0.118806
v 0.572705 -0.100291 -0.110149
v 0.599688 -0.075516 -0.103630
v 0.636767 -0.009402 -0.087472
v 0.659773 0.058557 -0.070638
v 0.741395 0.201265 -0.045087
v 0.525742 -0.119215 -0.117866
v 0.613372 -0.042850 -0.099412
v 0.673254 0.119032 -0.059517
v 0.688898 0.150950 -0.053147
v 0.769383 0.222210 -0.045132
v 0.426474 -0.119464 -0.122526
v 0.473857 -0.122191 -0.121957
v 0.540239 -0.098446 -0.116961
v 0.580573 -0.077003 -0.109648
v 0.623850 -0.008035 -0.092566
v 0.655165 0.084107 -0.068454
v 0.718693 0.196553 -0.046700
v 0.588301 -0.057922 -0.106936
v 0.673320 0.147994 -0.054197
v 0.750010 0.221784 -0.045174
v 0.518419 -0.092875 -0.117393
v 0.580904 -0.047370 -0.105066
v 0.620215 0.013900 -0.087427
v 0.645099 0.090577 -0.066786
v 0.729382 0.219676 -0.043164
v 0.426481 -0.091451 -0.114971
v 0.501034 -0.087567 -0.115670
v 0.684423 0.184080 -0.045825
v 0.501164 -0.076229 -0.110770
v 0.569840 -0.040131 -0.100631
v 0.607691 0.010179 -0.086041
v 0.623984 0.058651 -0.071280
v 0.660656 0.154653 -0.049415
v 0.713820 0.219743 -0.038971
v 0.426482 -0.069459 -0.101993
v 0.469410 -0.066459 -0.102203
v 0.514375 -0.055326 -0.099395
v 0.548916 -0.038818 -0.094829
v 0.568395 -0.023882 -0.090630
v 0.585261 -0.006159 -0.085610
v 0.601820 0.019515 -0.078453
v 0.652375 0.155658 -0.045070
v 0.681729 0.199642 -0.037557
v 0.610586 0.051453 -0.064974
v 0.621512 0.081492 -0.057996
v 0.426483 -0.050727 -0.082784
v 0.467610 -0.048470 -0.083346
v 0.510569 -0.038882 -0.081046
v 0.535480 -0.028410 -0.078451
v 0.557211 -0.015091 -0.075053
v 0.578937 0.005715 -0.069853
v 0.595104 0.029497 -0.064030
v 0.634128 0.136277 -0.039724
v 0.649558 0.168189 -0.035164
v 0.666088 0.192291 -0.032167
v 0.699352 0.220719 -0.030792
v 0.607751 0.066646 -0.048192
v 0.672435 0.208761 -0.021442
v 0.426483 -0.036431 -0.057300
v 0.466640 -0.037705 -0.064682
v 0.507581 -0.026288 -0.056605
v 0.531938 -0.016672 -0.054794
v 0.552854 -0.004524 -0.052409
v 0.574070 0.014849 -0.048778
v 0.591062 0.035505 -0.049621
v 0.628243 0.138688 -0.027569
v 0.643001 0.173010 -0.021673
v 0.657813 0.193006 -0.022114
v 0.693376 0.223693 -0.021236
v 0.465934 -0.032099 -0.050494
v 0.588771 0.040666 -0.034166
v 0.603170 0.071195 -0.029113
v 0.634081 0.158446 -0.018761
v 0.682789 0.219363 -0.015614
v 0.426483 -0.027823 -0.025515
v 0.465395 -0.027919 -0.034741
v 0.506138 -0.020110 -0.033757
v 0.537309 -0.005975 -0.024817
v 0.561383 0.010766 -0.023255
v 0.579496 0.030851 -0.021435
v 0.622465 0.134078 -0.012507
v 0.652795 0.193402 -0.009690
v 0.465037 -0.025312 -0.017423
v 0.505531 -0.017735 -0.016922
v 0.694574 0.228298 0.007748
v 0.702289 0.231097 0.002113
v 0.710734 0.231293 0.004048
v 0.711967 0.228812 0.001296
v 0.708062 0.223097 0.001319
v 0.701482 0.217668 0.001289
v 0.713124 0.228826 0.008273
v 0.709058 0.223093 0.007730
v 0.701949 0.217668 0.005609
v 0.709478 0.231886 0.014646
v 0.714621 0.231297 0.013609
v 0.703299 0.217668 0.009569
v 0.700809 0.227757 0.022544
v 0.718396 0.228840 0.016095
v 0.713784 0.223193 0.014998
v 0.706508 0.217595 0.014512
v 0.718448 0.232165 0.023815
v 0.722118 0.231402 0.020637
v 0.715221 0.227875 0.033788
v 0.723636 0.231279 0.031550
v 0.727871 0.229694 0.022833
v 0.720836 0.223246 0.020451
v 0.713327 0.217630 0.020278
v 0.737179 0.231903 0.028700
v 0.728670 0.223537 0.024192
v 0.739365 0.229681 0.027460
v 0.722309 0.217649 0.024653
v 0.741743 0.228725 0.042737
v 0.754905 0.233259 0.038744
v 0.762603 0.233529 0.036493
v 0.740427 0.223756 0.027621
v 0.755604 0.232082 0.032456
v 0.752654 0.227539 0.029826
v 0.737334 0.217681 0.028614
v 0.760384 0.228921 0.045419
v 0.779487 0.232882 0.034541
v 0.767180 0.227968 0.031019
v 0.783883 0.233483 0.042088
v 0.781865 0.228406 0.030629
v 0.765933 0.217658 0.028555
v 0.784792 0.229427 0.045411
v 0.804067 0.233424 0.041262
v 0.807803 0.234929 0.034113
v 0.798724 0.227857 0.044015
v 0.809773 0.235292 0.037338
v 0.799385 0.231884 0.030814
v 0.816701 0.232877 0.039185
v 0.786012 0.224521 0.027722
v 0.826917 0.234361 0.025193
v 0.811988 0.231507 0.026673
v 0.780755 0.217765 0.024513
v 0.828529 0.234590 0.035011
v 0.836991 0.231945 0.031147
v 0.841387 0.235316 0.028708
v 0.836683 0.236330 0.028929
v 0.789596 0.217761 0.020269
v 0.813303 0.225024 0.015223
v 0.833809 0.224423 0.023737
v 0.848357 0.232280 0.022260
v 0.848926 0.236086 0.023177
v 0.837740 0.233233 0.013098
v 0.794621 0.217668 0.016409
v 0.855968 0.235911 0.015672
v 0.853154 0.237071 0.014652
v 0.797507 0.217668 0.013169
v 0.855315 0.232479 0.011149
v 0.799664 0.217668 0.009569
v 0.859383 0.236304 0.007567
v 0.801000 0.217703 0.005600
v 0.859639 0.234595 0.001288
v 0.859548 0.236969 0.001292
v 0.841939 0.233934 0.001287
v 0.801428 0.217787 0.001288
v 0.832157 0.220386 -0.005898
v 0.837828 0.222920 -0.005859
v 0.842807 0.225263 -0.005797
v 0.847104 0.227410 -0.005713
v 0.850732 0.229355 -0.005611
v 0.853703 0.231093 -0.005493
v 0.856028 0.232619 -0.005360
v 0.857720 0.233928 -0.005215
v 0.858790 0.235013 -0.005060
v 0.859250 0.235870 -0.004897
v 0.859111 0.236494 -0.004729
v 0.858387 0.236878 -0.004557
v 0.857088 0.237018 -0.004385
v 0.855230 0.236878 -0.004211
v 0.852814 0.236542 -0.004045
v 0.849864 0.235916 -0.003882
v 0.846386 0.235024 -0.003727
v 0.842393 0.233861 -0.003582
v 0.837896 0.232421 -0.003449
v 0.832909 0.230699 -0.003330
v 0.827442 0.228689 -0.003229
v 0.821507 0.226386 -0.003145
v 0.815116 0.223785 -0.003083
v 0.808281 0.220881 -0.003044
v 0.801014 0.217668 -0.003031
v 0.852427 0.232444 -0.014545
v 0.855815 0.235550 -0.013209
v 0.855954 0.236767 -0.011680
v 0.844487 0.235576 -0.012630
v 0.825687 0.229117 -0.009204
v 0.799651 0.217703 -0.006978
v 0.797507 0.217668 -0.010591
v 0.837239 0.228741 -0.025526
v 0.846621 0.234427 -0.022938
v 0.844303 0.236552 -0.023171
v 0.828243 0.234789 -0.023601
v 0.816404 0.229384 -0.019257
v 0.793308 0.217791 -0.014993
v 0.832694 0.233510 -0.031037
v 0.785373 0.217777 -0.019984
v 0.816223 0.228280 -0.036733
v 0.829299 0.235890 -0.030367
v 0.806675 0.234932 -0.032564
v 0.811946 0.232401 -0.038073
v 0.792777 0.231956 -0.029590
v 0.798872 0.228912 -0.025382
v 0.775658 0.217750 -0.023585
v 0.793997 0.225951 -0.042361
v 0.804294 0.233996 -0.038077
v 0.774725 0.224966 -0.027093
v 0.764955 0.217685 -0.025883
v 0.783104 0.229142 -0.043064
v 0.795399 0.234765 -0.036907
v 0.776180 0.232736 -0.040236
v 0.744093 0.217690 -0.026926
v 0.763560 0.228746 -0.043121
v 0.763679 0.233222 -0.032633
v 0.768571 0.230730 -0.029792
v 0.756852 0.224027 -0.027147
v 0.741347 0.228465 -0.040317
v 0.757323 0.233457 -0.035754
v 0.753356 0.230177 -0.028150
v 0.743813 0.223773 -0.025665
v 0.727536 0.217663 -0.023788
v 0.727147 0.231904 -0.029602
v 0.736965 0.232161 -0.026405
v 0.739390 0.229677 -0.024888
v 0.731817 0.223533 -0.022706
v 0.719278 0.227932 -0.033051
v 0.728721 0.232412 -0.023940
v 0.717661 0.217651 -0.020118
v 0.727504 0.229265 -0.020023
v 0.721582 0.223327 -0.018290
v 0.706101 0.227707 -0.025026
v 0.709633 0.217626 -0.015027
v 0.710465 0.231830 -0.015741
v 0.718022 0.231432 -0.015089
v 0.718509 0.228973 -0.013602
v 0.713793 0.223175 -0.012448
v 0.705456 0.217668 -0.010591
v 0.694176 0.227649 -0.008834
v 0.712140 0.231188 -0.006294
v 0.713129 0.228822 -0.005709
v 0.709072 0.223088 -0.005203
v 0.703299 0.217668 -0.006991
v 0.701949 0.217668 -0.003031
v -0.020655 0.405868 0.001288
v 0.052128 0.402930 0.001289
v 0.075930 0.398249 0.001289
v 0.088623 0.391555 0.001291
v 0.092609 0.383737 0.001293
v 0.090451 0.374301 0.001292
v 0.083151 0.363238 0.001290
v 0.053559 0.330280 0.001291
v 0.044954 0.315257 0.001301
v 0.043254 0.304537 0.001291
v 0.046655 0.297400 0.001290
v 0.051541 0.292657 0.001294
v 0.023557 0.404815 0.002769
v 0.077878 0.357755 0.011459
v 0.023421 0.404815 0.004219
v 0.035918 0.403836 0.025203
v 0.061724 0.400962 0.024023
v 0.074566 0.397128 0.028736
v 0.083390 0.393777 0.020714
v 0.090108 0.387951 0.016390
v 0.091043 0.379482 0.016334
v 0.086418 0.369346 0.015508
v 0.052696 0.330031 0.009774
v 0.041697 0.307592 0.013372
v 0.042469 0.302346 0.013545
v 0.045069 0.297365 0.014262
v 0.050863 0.292667 0.009489
v 0.023197 0.404815 0.005637
v 0.022888 0.404815 0.007021
v 0.084487 0.390012 0.032393
v 0.086641 0.385823 0.033056
v 0.086934 0.379475 0.033060
v 0.082501 0.369305 0.031376
v 0.073828 0.357588 0.028153
v 0.050306 0.330002 0.019424
v 0.042057 0.315204 0.016409
v 0.049462 0.292667 0.015730
v 0.022497 0.404815 0.008368
v 0.022026 0.404815 0.009675
v 0.076197 0.393776 0.040516
v 0.047327 0.292667 0.021632
v 0.021479 0.404815 0.010939
v 0.020857 0.404815 0.012159
v 0.074518 0.390011 0.051835
v 0.076446 0.385823 0.053008
v 0.076728 0.379476 0.053087
v 0.072833 0.369308 0.050367
v 0.065206 0.357606 0.045118
v 0.044467 0.330002 0.030866
v 0.037184 0.315204 0.025916
v 0.033143 0.307592 0.029298
v 0.033765 0.302368 0.029777
v 0.035823 0.297399 0.031518
v 0.044505 0.292667 0.027144
v 0.020163 0.404815 0.013330
v 0.019400 0.404815 0.014451
v 0.043971 0.400961 0.049860
v 0.053097 0.397124 0.060100
v 0.064564 0.393775 0.057505
v 0.039164 0.292660 0.034629
v 0.018571 0.404815 0.015519
v 0.017678 0.404815 0.016532
v 0.060216 0.390011 0.067969
v 0.061806 0.385823 0.069574
v 0.062060 0.379476 0.069720
v 0.058932 0.369309 0.066141
v 0.052792 0.357610 0.059209
v 0.036079 0.330001 0.040376
v 0.030194 0.315204 0.033818
v 0.016724 0.404815 0.017486
v 0.015712 0.404815 0.018378
v 0.049139 0.393775 0.071014
v 0.029983 0.292660 0.042733
v 0.014644 0.404815 0.019208
v 0.013523 0.404815 0.019970
v 0.042273 0.390011 0.080100
v 0.043428 0.385823 0.082039
v 0.043641 0.379476 0.082242
v 0.041473 0.369307 0.078019
v 0.037194 0.357598 0.069811
v 0.025550 0.330002 0.047540
v 0.021430 0.315205 0.039767
v 0.020817 0.307593 0.038475
v 0.016436 0.302372 0.041592
v 0.017420 0.297404 0.044096
v 0.012351 0.404815 0.020664
v 0.011132 0.404815 0.021286
v -0.001499 0.403857 0.042995
v 0.012216 0.402145 0.056765
v 0.014569 0.399922 0.068748
v 0.029732 0.395230 0.078432
v 0.021832 0.292667 0.047131
v 0.009868 0.404815 0.021834
v 0.008561 0.404815 0.022305
v 0.018602 0.390020 0.088245
v 0.019184 0.385828 0.090430
v 0.022188 0.379474 0.089955
v 0.021138 0.369302 0.085336
v 0.019030 0.357573 0.076328
v 0.012582 0.333488 0.055226
v 0.011861 0.320874 0.046082
v 0.010917 0.309760 0.042028
v 0.015930 0.292667 0.049268
v 0.007214 0.404815 0.022696
v 0.005830 0.404815 0.023004
v 0.006325 0.397083 0.078629
v 0.006771 0.393785 0.085316
v 0.009689 0.292667 0.050670
v 0.004411 0.404815 0.023228
v 0.002961 0.404815 0.023365
v 0.004423 0.379482 0.091987
v -0.004219 0.369249 0.087411
v -0.003594 0.357190 0.077872
v -0.001874 0.326581 0.050882
v -0.001443 0.315198 0.044464
v -0.001295 0.307593 0.043052
v -0.001294 0.302340 0.043844
v -0.001414 0.297356 0.046536
v 0.003159 0.292667 0.051288
v 0.001482 0.404815 0.023411
v -0.007573 0.390013 0.089259
v -0.007662 0.385824 0.091507
v -0.004391 0.337488 0.059494
v 0.000002 0.404815 0.023365
v -0.010571 0.379478 0.091355
v -0.005110 0.292664 0.050942
v -0.001448 0.404815 0.023228
v -0.021252 0.400962 0.061532
v -0.025965 0.397128 0.074373
v -0.017943 0.393777 0.083197
v -0.002867 0.404815 0.023004
v -0.004250 0.404815 0.022696
v -0.029622 0.390012 0.084294
v -0.030285 0.385823 0.086448
v -0.030289 0.379475 0.086741
v -0.028605 0.369305 0.082308
v -0.025382 0.357588 0.073635
v -0.016653 0.330002 0.050113
v -0.013639 0.315204 0.041864
v -0.013081 0.307593 0.040550
v -0.013309 0.302336 0.041307
v -0.014196 0.297349 0.043854
v -0.012960 0.292667 0.049270
v -0.005597 0.404815 0.022305
v -0.006904 0.404815 0.021834
v -0.037745 0.393776 0.076004
v -0.018861 0.292667 0.047134
v -0.008169 0.404815 0.021286
v -0.009388 0.404815 0.020664
v -0.049064 0.390011 0.074325
v -0.050238 0.385823 0.076253
v -0.050316 0.379476 0.076535
v -0.047596 0.369308 0.072640
v -0.042347 0.357606 0.065013
v -0.028095 0.330002 0.044275
v -0.023146 0.315204 0.036992
v -0.026527 0.307592 0.032950
v -0.027006 0.302368 0.033573
v -0.028747 0.297399 0.035630
v -0.024374 0.292667 0.044312
v -0.010560 0.404815 0.019970
v -0.011681 0.404815 0.019208
v -0.032957 0.403802 0.024612
v -0.047668 0.402235 0.030353
v -0.050283 0.399901 0.046698
v -0.057329 0.397124 0.052904
v -0.054734 0.393775 0.064371
v -0.031858 0.292660 0.038972
v -0.012749 0.404815 0.018378
v -0.013761 0.404815 0.017486
v -0.065198 0.390011 0.060023
v -0.066803 0.385823 0.061613
v -0.066949 0.379476 0.061868
v -0.063371 0.369309 0.058739
v -0.056438 0.357610 0.052600
v -0.037605 0.330001 0.035886
v -0.031047 0.315204 0.030002
v -0.014715 0.404815 0.016532
v -0.015608 0.404815 0.015519
v -0.068244 0.393775 0.048946
v -0.039962 0.292660 0.029791
v -0.016437 0.404815 0.014451
v -0.017200 0.404815 0.013330
v -0.077329 0.390011 0.042080
v -0.079269 0.385823 0.043235
v -0.079472 0.379476 0.043448
v -0.075249 0.369307 0.041280
v -0.067041 0.357598 0.037002
v -0.044769 0.330002 0.025357
v -0.036997 0.315205 0.021237
v -0.038102 0.307594 0.015925
v -0.038821 0.302372 0.016243
v -0.041325 0.297404 0.017227
v -0.017893 0.404815 0.012159
v -0.018515 0.404815 0.010939
v -0.070077 0.398352 0.022438
v -0.079495 0.393796 0.025355
v -0.044360 0.292667 0.021639
v -0.019063 0.404815 0.009675
v -0.019534 0.404815 0.008368
v -0.084776 0.390012 0.021193
v -0.086936 0.385823 0.021835
v -0.087184 0.379474 0.021995
v -0.083222 0.369252 0.018259
v -0.073557 0.357573 0.018837
v -0.049183 0.330003 0.013102
v -0.040658 0.315206 0.011045
v -0.046497 0.292667 0.015738
v -0.019925 0.404815 0.007021
v -0.020234 0.404815 0.005637
v -0.039385 0.403795 0.001289
v -0.047899 0.292667 0.009497
v -0.020458 0.404815 0.004219
v -0.020594 0.404815 0.002769
v -0.061861 0.401019 0.001289
v -0.080152 0.395338 0.001290
v -0.086749 0.390090 0.001291
v -0.089598 0.384138 0.001293
v -0.087510 0.374204 0.001288
v -0.075842 0.358086 0.001291
v -0.050534 0.330153 0.001291
v -0.041701 0.315294 0.001291
v -0.040252 0.304764 0.001291
v -0.043781 0.297287 0.001290
v -0.048594 0.292673 0.001295
v -0.020640 0.404815 0.001289
v -0.020594 0.404815 -0.000190
v -0.039099 0.403938 -0.001431
v -0.054301 0.402490 -0.002453
v -0.066319 0.399868 -0.003255
v -0.075558 0.397068 -0.003874
v -0.082288 0.393879 -0.004337
v -0.086663 0.390105 -0.004652
v -0.088946 0.385868 -0.004828
v -0.089370 0.381234 -0.004854
v -0.088167 0.376278 -0.004750
v -0.085722 0.370990 -0.004579
v -0.081750 0.365769 -0.004288
v -0.077269 0.360146 -0.003987
v -0.072195 0.354364 -0.003646
v -0.066776 0.348468 -0.003283
v -0.061360 0.342408 -0.002917
v -0.055899 0.336501 -0.002552
v -0.050940 0.330518 -0.002219
v -0.046632 0.324592 -0.001929
v -0.043342 0.318710 -0.001700
v -0.041087 0.313054 -0.001546
v -0.040221 0.307593 -0.001485
v -0.040994 0.302362 -0.001536
v -0.043658 0.297398 -0.001715
v -0.048414 0.292668 -0.002041
v -0.020458 0.404815 -0.001641
v -0.062826 0.399903 -0.022879
v -0.071602 0.397128 -0.026158
v -0.074576 0.357846 -0.011378
v -0.046216 0.326508 -0.013111
v -0.047900 0.292667 -0.006911
v -0.020234 0.404815 -0.003059
v -0.019925 0.404815 -0.004443
v -0.077425 0.393776 -0.028347
v -0.081524 0.390012 -0.029815
v -0.083677 0.385823 -0.030478
v -0.083971 0.379475 -0.030482
v -0.079537 0.369305 -0.028798
v -0.070865 0.357588 -0.025574
v -0.053489 0.337521 -0.019181
v -0.039094 0.315204 -0.013831
v -0.037779 0.307593 -0.013274
v -0.038536 0.302336 -0.013502
v -0.041084 0.297349 -0.014388
v -0.046499 0.292667 -0.013152
v -0.019534 0.404815 -0.005790
v -0.019063 0.404815 -0.007097
v -0.044363 0.292667 -0.019054
v -0.018515 0.404815 -0.008361
v -0.017893 0.404815 -0.009581
v -0.067932 0.393775 -0.046826
v -0.071554 0.390011 -0.049257
v -0.073483 0.385823 -0.050430
v -0.073765 0.379476 -0.050509
v -0.069869 0.369308 -0.047789
v -0.062242 0.357606 -0.042540
v -0.041504 0.330002 -0.028288
v -0.034221 0.315204 -0.023338
v -0.030180 0.307592 -0.026720
v -0.030802 0.302368 -0.027199
v -0.032859 0.297399 -0.028939
v -0.041542 0.292667 -0.024566
v -0.017200 0.404815 -0.010752
v -0.016437 0.404815 -0.011873
v -0.016341 0.403851 -0.036669
v -0.041008 0.400961 -0.047282
v -0.050134 0.397124 -0.057522
v -0.036201 0.292660 -0.032051
v -0.015608 0.404815 -0.012941
v -0.014715 0.404815 -0.013954
v -0.054321 0.393775 -0.062158
v -0.057253 0.390011 -0.065391
v -0.058843 0.385823 -0.066996
v -0.059097 0.379476 -0.067142
v -0.055969 0.369309 -0.063563
v -0.049829 0.357610 -0.056631
v -0.033116 0.330001 -0.037798
v -0.027231 0.315204 -0.031239
v -0.013761 0.404815 -0.014908
v -0.012749 0.404815 -0.015800
v -0.027020 0.292660 -0.040155
v -0.011681 0.404815 -0.016629
v -0.010560 0.404815 -0.017392
v -0.037248 0.393776 -0.073680
v -0.039309 0.390011 -0.077522
v -0.040465 0.385823 -0.079461
v -0.040677 0.379476 -0.079664
v -0.038510 0.369307 -0.075441
v -0.034231 0.357598 -0.067233
v -0.022587 0.330002 -0.044962
v -0.018467 0.315205 -0.037189
v -0.017854 0.307593 -0.035897
v -0.013472 0.302372 -0.039014
v -0.014457 0.297404 -0.041518
v -0.009388 0.404815 -0.018086
v -0.008169 0.404815 -0.018708
v -0.009253 0.402145 -0.054187
v -0.011606 0.399922 -0.066170
v -0.013413 0.397162 -0.075370
v -0.018868 0.292667 -0.044553
v -0.006904 0.404815 -0.019256
v -0.005597 0.404815 -0.019726
v -0.014725 0.393784 -0.081403
v -0.015638 0.390020 -0.085667
v -0.016221 0.385828 -0.087852
v -0.019224 0.379474 -0.087377
v -0.018175 0.369302 -0.082758
v -0.016067 0.357573 -0.073750
v -0.009619 0.333488 -0.052648
v -0.008897 0.320874 -0.043504
v -0.007954 0.309760 -0.039450
v -0.012967 0.292667 -0.046690
v -0.004250 0.404815 -0.020118
v -0.002867 0.404815 -0.020426
v -0.006726 0.292667 -0.048091
v -0.001448 0.404815 -0.020650
v 0.000002 0.404815 -0.020787
v -0.001460 0.379482 -0.089409
v 0.007182 0.369249 -0.084833
v 0.006558 0.357190 -0.075294
v 0.004837 0.326581 -0.048304
v 0.004406 0.315198 -0.041886
v 0.004258 0.307593 -0.040474
v 0.004258 0.302340 -0.041266
v 0.004377 0.297356 -0.043958
v -0.000196 0.292667 -0.048710
v 0.001482 0.404815 -0.020833
v 0.015647 0.393799 -0.081896
v 0.010536 0.390013 -0.086681
v 0.010625 0.385824 -0.088929
v 0.007354 0.337488 -0.056916
v 0.002961 0.404815 -0.020787
v 0.013534 0.379478 -0.088777
v 0.008073 0.292664 -0.048364
v 0.004411 0.404815 -0.020650
v 0.025395 0.403836 -0.033148
v 0.024216 0.400962 -0.058953
v 0.028928 0.397128 -0.071795
v 0.005830 0.404815 -0.020426
v 0.007214 0.404815 -0.020118
v 0.032586 0.390012 -0.081716
v 0.033248 0.385823 -0.083870
v 0.033252 0.379475 -0.084163
v 0.031568 0.369305 -0.079730
v 0.028345 0.357588 -0.071057
v 0.019617 0.330002 -0.047535
v 0.016602 0.315204 -0.039286
v 0.016045 0.307593 -0.037972
v 0.016272 0.302336 -0.038729
v 0.017159 0.297349 -0.041276
v 0.015923 0.292667 -0.046692
v 0.008561 0.404815 -0.019726
v 0.009868 0.404815 -0.019256
v 0.040709 0.393776 -0.073426
v 0.021825 0.292667 -0.044556
v 0.011132 0.404815 -0.018708
v 0.012351 0.404815 -0.018086
v 0.052027 0.390011 -0.071747
v 0.053201 0.385823 -0.073675
v 0.053280 0.379476 -0.073957
v 0.050559 0.369308 -0.070062
v 0.045311 0.357606 -0.062435
v 0.031059 0.330002 -0.041697
v 0.026109 0.315204 -0.034414
v 0.029491 0.307592 -0.030372
v 0.029969 0.302368 -0.030995
v 0.031710 0.297399 -0.033052
v 0.027337 0.292667 -0.041734
v 0.013523 0.404815 -0.017392
v 0.014644 0.404815 -0.016629
v 0.050053 0.400961 -0.041201
v 0.060293 0.397124 -0.050326
v 0.057697 0.393775 -0.061793
v 0.034822 0.292660 -0.036394
v 0.015712 0.404815 -0.015800
v 0.016724 0.404815 -0.014908
v 0.068162 0.390011 -0.057445
v 0.069766 0.385823 -0.059035
v 0.069912 0.379476 -0.059289
v 0.066334 0.369309 -0.056161
v 0.059402 0.357610 -0.050022
v 0.040568 0.330001 -0.033308
v 0.034010 0.315204 -0.027424
v 0.017678 0.404815 -0.013954
v 0.018571 0.404815 -0.012941
v 0.071207 0.393775 -0.046368
v 0.042926 0.292660 -0.027212
v 0.019400 0.404815 -0.011873
v 0.020163 0.404815 -0.010752
v 0.080292 0.390011 -0.039502
v 0.082232 0.385823 -0.040657
v 0.082435 0.379476 -0.040870
v 0.078212 0.369307 -0.038702
v 0.070004 0.357598 -0.034424
v 0.047732 0.330002 -0.022779
v 0.039960 0.315205 -0.018659
v 0.041066 0.307594 -0.013347
v 0.041785 0.302372 -0.013665
v 0.044288 0.297404 -0.014649
v 0.020857 0.404815 -0.009581
v 0.021479 0.404815 -0.008361
v 0.042057 0.403870 -0.001431
v 0.057239 0.402329 -0.002450
v 0.071411 0.398346 -0.024218
v 0.080581 0.393776 -0.027814
v 0.047324 0.292667 -0.019061
v 0.022026 0.404815 -0.007097
v 0.022497 0.404815 -0.005790
v 0.087739 0.390012 -0.018615
v 0.089899 0.385823 -0.019257
v 0.090147 0.379474 -0.019417
v 0.085528 0.369302 -0.018367
v 0.076521 0.357573 -0.016259
v 0.052146 0.330003 -0.010523
v 0.043621 0.315206 -0.008467
v 0.049460 0.292667 -0.013160
v 0.022888 0.404815 -0.004443
v 0.023197 0.404815 -0.003059
v 0.069295 0.399918 -0.003257
v 0.078553 0.397148 -0.003881
v 0.085244 0.393871 -0.004340
v 0.050862 0.292667 -0.006919
v 0.023421 0.404815 -0.001641
v 0.023557 0.404815 -0.000190
v 0.089487 0.389997 -0.004609
v 0.091713 0.385814 -0.004758
v 0.092099 0.381256 -0.004783
v 0.090895 0.376368 -0.004702
v 0.088350 0.371191 -0.004532
v 0.084713 0.365769 -0.004288
v 0.080233 0.360146 -0.003987
v 0.075158 0.354364 -0.003646
v 0.069739 0.348468 -0.003283
v 0.064224 0.342499 -0.002912
v 0.058863 0.336501 -0.002552
v 0.053903 0.330518 -0.002219
v 0.049596 0.324592 -0.001929
v 0.046188 0.318768 -0.001700
v 0.043930 0.313087 -0.001548
v 0.043071 0.307593 -0.001489
v 0.043860 0.302330 -0.001540
v 0.046546 0.297340 -0.001719
v 0.051567 0.292684 0.001304
v 0.062929 0.285939 0.001290
v 0.085323 0.277657 0.001289
v 0.135952 0.266345 0.001290
v 0.243022 0.249818 0.001289
v 0.293101 0.239659 0.001290
v 0.316212 0.230801 0.001293
v 0.325339 0.223327 0.001299
v 0.326827 0.217641 0.001303
v 0.058177 0.288343 0.005073
v 0.057825 0.288343 0.008785
v 0.068161 0.282769 0.019952
v 0.088584 0.275951 0.027280
v 0.146756 0.263743 0.041626
v 0.239003 0.249921 0.041201
v 0.271305 0.243132 0.064424
v 0.292281 0.237534 0.069485
v 0.311364 0.231045 0.053250
v 0.320610 0.223624 0.054772
v 0.322516 0.217666 0.054260
v 0.057248 0.288343 0.012417
v 0.056451 0.288343 0.015963
v 0.110730 0.269978 0.041638
v 0.226346 0.250320 0.082789
v 0.302513 0.231044 0.092403
v 0.311497 0.223623 0.095094
v 0.313448 0.217666 0.094847
v 0.055442 0.288343 0.019415
v 0.054228 0.288343 0.022767
v 0.061070 0.282884 0.036158
v 0.132166 0.263764 0.076742
v 0.240036 0.245069 0.125747
v 0.266766 0.237530 0.139749
v 0.289053 0.231044 0.129420
v 0.297638 0.223622 0.133217
v 0.299602 0.217666 0.133226
v 0.052816 0.288343 0.026012
v 0.051212 0.288343 0.029142
v 0.069784 0.276069 0.061497
v 0.088465 0.270298 0.077997
v 0.183914 0.253082 0.126840
v 0.271291 0.231044 0.163989
v 0.279349 0.223621 0.168819
v 0.281296 0.217666 0.169077
v 0.049425 0.288343 0.032151
v 0.047460 0.288343 0.035032
v 0.050873 0.282880 0.049607
v 0.110091 0.263752 0.106306
v 0.202894 0.245068 0.180084
v 0.225451 0.237528 0.200169
v 0.249535 0.231043 0.195801
v 0.256946 0.223621 0.201581
v 0.258847 0.217666 0.202079
v 0.045326 0.288343 0.037778
v 0.043028 0.288343 0.040381
v 0.148234 0.253077 0.167280
v 0.224093 0.231043 0.224541
v 0.230748 0.223621 0.231180
v 0.232576 0.217666 0.231907
v 0.040574 0.288343 0.042835
v 0.037970 0.288343 0.045133
v 0.037674 0.282881 0.060102
v 0.081348 0.263755 0.129418
v 0.153665 0.245068 0.223386
v 0.170693 0.237529 0.248319
v 0.195276 0.231044 0.249900
v 0.201075 0.223621 0.257296
v 0.202805 0.217666 0.258239
v 0.035225 0.288343 0.047268
v 0.032344 0.288343 0.049232
v 0.033115 0.276084 0.086461
v 0.054863 0.268110 0.115072
v 0.103426 0.253091 0.197670
v 0.163396 0.231044 0.271565
v 0.168247 0.223622 0.279610
v 0.169855 0.217666 0.280755
v 0.029335 0.288343 0.051020
v 0.026205 0.288343 0.052623
v 0.016428 0.282834 0.069028
v 0.082461 0.249547 0.231228
v 0.097566 0.243129 0.261504
v 0.104909 0.237532 0.281807
v 0.128765 0.231044 0.289229
v 0.132587 0.223622 0.297803
v 0.134051 0.217666 0.299134
v 0.022960 0.288343 0.054035
v 0.019608 0.288343 0.055249
v 0.027980 0.269980 0.114573
v 0.091696 0.231045 0.302583
v 0.094415 0.223623 0.311559
v 0.095714 0.217666 0.313058
v 0.016155 0.288343 0.056258
v 0.012609 0.288343 0.057055
v 0.023118 0.263820 0.149879
v 0.020060 0.250605 0.237801
v 0.040337 0.241270 0.283505
v 0.041352 0.234405 0.305738
v 0.053377 0.227440 0.316884
v 0.043690 0.222022 0.323052
v 0.055162 0.217666 0.322210
v 0.008977 0.288343 0.057633
v 0.005266 0.288343 0.057985
v -0.004382 0.275920 0.091826
v -0.006056 0.270023 0.117248
v -0.004655 0.244903 0.269743
v 0.022671 0.227430 0.320101
v 0.012729 0.217666 0.326272
v 0.001482 0.288343 0.058103
v -0.008818 0.237496 0.298991
v -0.009512 0.231046 0.315108
v -0.009809 0.223625 0.324468
v -0.002302 0.288343 0.057985
v -0.015175 0.284491 0.064571
v -0.017128 0.279641 0.077333
v -0.028222 0.263423 0.150972
v -0.020164 0.217668 0.325609
v -0.006014 0.288343 0.057633
v -0.053417 0.249965 0.236140
v -0.061653 0.243132 0.271112
v -0.066714 0.237534 0.292088
v -0.050480 0.231045 0.311172
v -0.052001 0.223624 0.320417
v -0.051489 0.217666 0.322323
v -0.009646 0.288343 0.057055
v -0.013192 0.288343 0.056258
v -0.044367 0.271896 0.098673
v -0.089632 0.231044 0.302321
v -0.092324 0.223623 0.311305
v -0.092077 0.217666 0.313255
v -0.016644 0.288343 0.055249
v -0.019996 0.288343 0.054035
v -0.038607 0.279312 0.069713
v -0.069085 0.263357 0.137148
v -0.110185 0.249961 0.215588
v -0.126862 0.243127 0.247481
v -0.136978 0.237530 0.266573
v -0.126649 0.231044 0.288861
v -0.130446 0.223622 0.297446
v -0.130456 0.217666 0.299409
v -0.023241 0.288343 0.052623
v -0.026372 0.288343 0.051020
v -0.041858 0.284557 0.050512
v -0.161219 0.231044 0.271099
v -0.166049 0.223621 0.279156
v -0.166307 0.217666 0.281103
v -0.029381 0.288343 0.049232
v -0.032262 0.288343 0.047268
v -0.054051 0.279308 0.057994
v -0.070939 0.271958 0.080261
v -0.100049 0.263355 0.116077
v -0.159009 0.249959 0.182259
v -0.182944 0.243125 0.209180
v -0.197399 0.237529 0.225258
v -0.193030 0.231043 0.249342
v -0.198810 0.223621 0.256754
v -0.199308 0.217666 0.258654
v -0.035007 0.288343 0.045133
v -0.037610 0.288343 0.042835
v -0.221771 0.231043 0.223900
v -0.228409 0.223621 0.230556
v -0.229136 0.217666 0.232384
v -0.040065 0.288343 0.040381
v -0.042362 0.288343 0.037778
v -0.066097 0.279308 0.042824
v -0.087864 0.271961 0.060339
v -0.124735 0.263356 0.088108
v -0.197919 0.249959 0.138064
v -0.227642 0.243126 0.158395
v -0.245549 0.237529 0.170500
v -0.247129 0.231044 0.195083
v -0.254526 0.223621 0.200882
v -0.255468 0.217666 0.202613
v -0.044497 0.288343 0.035032
v -0.046462 0.288343 0.032151
v -0.059857 0.284574 0.024112
v -0.268795 0.231044 0.163203
v -0.276840 0.223622 0.168055
v -0.277985 0.217666 0.169663
v -0.048249 0.288343 0.029142
v -0.049852 0.288343 0.026012
v -0.074588 0.279310 0.023516
v -0.101894 0.271772 0.032428
v -0.144445 0.263520 0.045178
v -0.224983 0.249962 0.084961
v -0.258734 0.243129 0.097374
v -0.279037 0.237532 0.104716
v -0.286458 0.231044 0.128573
v -0.295032 0.223623 0.132395
v -0.296364 0.217666 0.133859
v -0.051264 0.288343 0.022767
v -0.052478 0.288343 0.019415
v -0.299812 0.231045 0.091503
v -0.308788 0.223623 0.094223
v -0.310288 0.217666 0.095521
v -0.053487 0.288343 0.015963
v -0.054284 0.288343 0.012417
v -0.235635 0.250182 0.034092
v -0.285683 0.239825 0.047945
v -0.308551 0.231045 0.052306
v -0.317792 0.223624 0.053858
v -0.319439 0.217666 0.054969
v -0.054862 0.288343 0.008785
v -0.055214 0.288343 0.005073
v -0.067232 0.282846 0.001289
v -0.098049 0.273429 0.001289
v -0.151994 0.263185 0.001289
v -0.262210 0.245977 0.001289
v -0.295913 0.237724 0.001290
v -0.312310 0.231297 0.001292
v -0.321942 0.223918 0.001298
v -0.322839 0.217668 0.022935
v -0.055333 0.288343 0.001289
v -0.323518 0.217668 0.001289
v -0.055214 0.288343 -0.002495
v -0.063571 0.284427 -0.003050
v -0.073257 0.280735 -0.003697
v -0.084221 0.277517 -0.004427
v -0.096114 0.274068 -0.005225
v -0.108997 0.271111 -0.006085
v -0.122653 0.268420 -0.006995
v -0.136881 0.265730 -0.007946
v -0.151575 0.263248 -0.008926
v -0.166566 0.260868 -0.009927
v -0.181701 0.258559 -0.010937
v -0.196826 0.256293 -0.011947
v -0.211788 0.254042 -0.012945
v -0.226434 0.251776 -0.013923
v -0.240611 0.249468 -0.014869
v -0.254165 0.247087 -0.015774
v -0.267011 0.244927 -0.016638
v -0.278792 0.241994 -0.017417
v -0.289558 0.239224 -0.018136
v -0.299088 0.236268 -0.018772
v -0.307230 0.233095 -0.019315
v -0.313829 0.229677 -0.019756
v -0.318732 0.225986 -0.020083
v -0.321786 0.221992 -0.020287
v -0.322839 0.217668 -0.020357
v -0.054862 0.288343 -0.006207
v -0.102069 0.271973 -0.024883
v -0.147342 0.263362 -0.033286
v -0.233369 0.249965 -0.053611
v -0.292503 0.237495 -0.047877
v -0.308401 0.231045 -0.050672
v -0.317646 0.223624 -0.052194
v -0.319552 0.217666 -0.051682
v -0.054284 0.288343 -0.009839
v -0.053487 0.288343 -0.013385
v -0.066066 0.281552 -0.024015
v -0.258494 0.243130 -0.095449
v -0.278680 0.237532 -0.103117
v -0.299550 0.231044 -0.089824
v -0.308534 0.223623 -0.092516
v -0.310484 0.217666 -0.092269
v -0.052478 0.288343 -0.016837
v -0.051264 0.288343 -0.020189
v -0.092598 0.271963 -0.049765
v -0.134377 0.263357 -0.069277
v -0.211739 0.250315 -0.107606
v -0.286090 0.231044 -0.126841
v -0.294675 0.223622 -0.130639
v -0.296638 0.217666 -0.130649
v -0.049852 0.288343 -0.023434
v -0.048249 0.288343 -0.026564
v -0.047742 0.284557 -0.042051
v -0.061555 0.279309 -0.046905
v -0.220146 0.245068 -0.151581
v -0.244974 0.237529 -0.168764
v -0.268328 0.231044 -0.161411
v -0.276386 0.223621 -0.166241
v -0.278332 0.217666 -0.166500
v -0.046462 0.288343 -0.029573
v -0.044497 0.288343 -0.032454
v -0.077490 0.271958 -0.071131
v -0.113305 0.263355 -0.100241
v -0.164367 0.253077 -0.145624
v -0.246571 0.231043 -0.193223
v -0.253983 0.223621 -0.199003
v -0.255883 0.217666 -0.199501
v -0.042362 0.288343 -0.035200
v -0.040065 0.288343 -0.037803
v -0.048028 0.279307 -0.060733
v -0.176692 0.245068 -0.200672
v -0.196639 0.237528 -0.223351
v -0.221129 0.231043 -0.221963
v -0.227785 0.223621 -0.228602
v -0.229613 0.217666 -0.229328
v -0.037610 0.288343 -0.040257
v -0.035007 0.288343 -0.042555
v -0.057568 0.271961 -0.088057
v -0.085338 0.263356 -0.124928
v -0.123890 0.253082 -0.181265
v -0.192312 0.231044 -0.247322
v -0.198112 0.223621 -0.254718
v -0.199842 0.217666 -0.255661
v -0.032262 0.288343 -0.044690
v -0.029381 0.288343 -0.046654
v -0.031571 0.281551 -0.062891
v -0.122233 0.245069 -0.237647
v -0.136064 0.237530 -0.264465
v -0.160432 0.231044 -0.268987
v -0.165284 0.223622 -0.277032
v -0.166892 0.217666 -0.278177
v -0.026372 0.288343 -0.048442
v -0.023241 0.288343 -0.050045
v -0.023520 0.271403 -0.105939
v -0.051717 0.263360 -0.142109
v -0.075222 0.253103 -0.205964
v -0.125802 0.231044 -0.286651
v -0.129624 0.223622 -0.295225
v -0.131088 0.217666 -0.296556
v -0.019996 0.288343 -0.051457
v -0.016644 0.288343 -0.052671
v -0.010397 0.282885 -0.066617
v -0.075292 0.245050 -0.255749
v -0.084217 0.237495 -0.284493
v -0.088733 0.231045 -0.300005
v -0.091452 0.223623 -0.308981
v -0.092749 0.217666 -0.310480
v -0.013192 0.288343 -0.053680
v -0.009646 0.288343 -0.054477
v 0.001319 0.276018 -0.089439
v -0.013701 0.263365 -0.150599
v -0.014235 0.250028 -0.239140
v -0.016449 0.243203 -0.275092
v -0.037319 0.237509 -0.294388
v -0.039260 0.231056 -0.310445
v -0.051088 0.223624 -0.317984
v -0.052199 0.217666 -0.319632
v -0.006014 0.288343 -0.055055
v -0.002302 0.288343 -0.055407
v -0.019938 0.223616 -0.321243
v -0.009766 0.217666 -0.323694
v 0.001482 0.288343 -0.055525
v 0.011781 0.237496 -0.296413
v 0.012475 0.231046 -0.312530
v 0.012773 0.223625 -0.321890
v 0.005266 0.288343 -0.055407
v 0.011105 0.282938 -0.066864
v 0.025993 0.271566 -0.104747
v 0.036458 0.264014 -0.143863
v 0.023128 0.217668 -0.323031
v 0.008977 0.288343 -0.055055
v 0.056381 0.249965 -0.233562
v 0.064616 0.243132 -0.268534
v 0.069677 0.237534 -0.289510
v 0.053443 0.231045 -0.308594
v 0.054965 0.223624 -0.317839
v 0.054453 0.217666 -0.319745
v 0.012609 0.288343 -0.054477
v 0.016155 0.288343 -0.053680
v 0.092595 0.231044 -0.299743
v 0.095287 0.223623 -0.308726
v 0.095040 0.217666 -0.310677
v 0.019608 0.288343 -0.052671
v 0.022960 0.288343 -0.051457
v 0.029575 0.281122 -0.066486
v 0.049031 0.272828 -0.090481
v 0.076934 0.263764 -0.129394
v 0.113149 0.249960 -0.213010
v 0.129825 0.243127 -0.244903
v 0.139942 0.237530 -0.263995
v 0.129612 0.231044 -0.286283
v 0.133410 0.223622 -0.294868
v 0.133418 0.217666 -0.296831
v 0.026205 0.288343 -0.050045
v 0.029335 0.288343 -0.048442
v 0.054189 0.279339 -0.058520
v 0.087141 0.266178 -0.105408
v 0.164182 0.231044 -0.268521
v 0.169012 0.223621 -0.276578
v 0.169270 0.217666 -0.278525
v 0.032344 0.288343 -0.046654
v 0.035225 0.288343 -0.044690
v 0.050506 0.284557 -0.042275
v 0.078694 0.273059 -0.067228
v 0.161972 0.249958 -0.179681
v 0.185907 0.243125 -0.206601
v 0.200362 0.237528 -0.222680
v 0.195993 0.231043 -0.246764
v 0.201773 0.223621 -0.254175
v 0.202271 0.217666 -0.256076
v 0.037970 0.288343 -0.042555
v 0.040574 0.288343 -0.040257
v 0.116606 0.264896 -0.084954
v 0.224734 0.231043 -0.221322
v 0.231373 0.223621 -0.227977
v 0.232099 0.217666 -0.229805
v 0.043028 0.288343 -0.037803
v 0.045326 0.288343 -0.035200
v 0.200882 0.249959 -0.135487
v 0.230605 0.243126 -0.155817
v 0.248512 0.237529 -0.167922
v 0.250092 0.231044 -0.192505
v 0.257489 0.223621 -0.198304
v 0.258432 0.217666 -0.200034
v 0.047460 0.288343 -0.032454
v 0.049425 0.288343 -0.029573
v 0.071936 0.279207 -0.035459
v 0.133952 0.264900 -0.054247
v 0.271758 0.231044 -0.160625
v 0.279803 0.223622 -0.165477
v 0.280948 0.217666 -0.167085
v 0.051212 0.288343 -0.026564
v 0.052816 0.288343 -0.023434
v 0.072417 0.281048 -0.018007
v 0.102405 0.271971 -0.033922
v 0.227946 0.249962 -0.082382
v 0.261697 0.243129 -0.094796
v 0.282000 0.237531 -0.102138
v 0.289421 0.231044 -0.125994
v 0.297996 0.223622 -0.129817
v 0.299327 0.217666 -0.131280
v 0.054228 0.288343 -0.020189
v 0.055442 0.288343 -0.016837
v 0.236182 0.250183 -0.045195
v 0.302776 0.231045 -0.088925
v 0.311752 0.223623 -0.091645
v 0.313251 0.217666 -0.092942
v 0.056451 0.288343 -0.013385
v 0.057248 0.288343 -0.009839
v 0.066535 0.284430 -0.003050
v 0.099097 0.274147 -0.005225
v 0.111978 0.271190 -0.006085
v 0.154549 0.263313 -0.008927
v 0.281825 0.242295 -0.017433
v 0.295569 0.237495 -0.047231
v 0.311514 0.231045 -0.049728
v 0.320755 0.223624 -0.051280
v 0.322403 0.217666 -0.052392
v 0.057825 0.288343 -0.006207
v 0.058177 0.288343 -0.002495
v 0.076194 0.280658 -0.003697
v 0.087104 0.277240 -0.004426
v 0.125601 0.268341 -0.006995
v 0.139844 0.265730 -0.007946
v 0.169529 0.260868 -0.009927
v 0.184664 0.258559 -0.010937
v 0.199789 0.256293 -0.011947
v 0.214751 0.254042 -0.012945
v 0.229398 0.251776 -0.013923
v 0.243574 0.249468 -0.014869
v 0.257128 0.247087 -0.015774
v 0.269906 0.244605 -0.016626
v 0.292521 0.239224 -0.018136
v 0.302052 0.236268 -0.018772
v 0.310193 0.233095 -0.019315
v 0.316792 0.229677 -0.019756
v 0.321695 0.225986 -0.020083
v 0.324750 0.221992 -0.020287
v 0.325802 0.217668 -0.020357
v -0.348518 0.217668 0.001289
v -0.346835 0.221448 0.001289
v -0.348518 0.217668 0.001289
v -0.346835 0.221448 0.001289
v -0.345523 0.224913 0.001289
v -0.346835 0.221448 0.001289
v -0.345523 0.224913 0.001289
v -0.344562 0.228063 0.001289
v -0.345523 0.224913 0.001289
v -0.344562 0.228063 0.001289
v -0.343934 0.230898 0.001289
v -0.344562 0.228063 0.001289
v -0.343934 0.230898 0.001289
v -0.343618 0.233418 0.001289
v -0.343934 0.230898 0.001289
v -0.343618 0.233418 0.001289
v -0.343597 0.235623 0.001289
v -0.343618 0.233418 0.001289
v -0.343597 0.235623 0.001289
v -0.343851 0.237513 0.001289
v -0.343597 0.235623 0.001289
v -0.343851 0.237513 0.001289
v -0.344360 0.239088 0.001289
v -0.343851 0.237513 0.001289
v -0.344360 0.239088 0.001289
v -0.345106 0.240348 0.001289
v -0.344360 0.239088 0.001289
v -0.345106 0.240348 0.001289
v -0.346068 0.241293 0.001289
v -0.345106 0.240348 0.001289
v -0.346068 0.241293 0.001289
v -0.347229 0.241923 0.001289
v -0.346068 0.241293 0.001289
v -0.347229 0.241923 0.001289
v -0.348569 0.242238 0.001289
v -0.347229 0.241923 0.001289
v -0.348569 0.242238 0.001289
v -0.350068 0.242238 0.001289
v -0.348569 0.242238 0.001289
v -0.350068 0.242238 0.001289
v -0.351708 0.241923 0.001289
v -0.350068 0.242238 0.001289
v -0.351708 0.241923 0.001289
v -0.353468 0.241293 0.001289
v -0.351708 0.241923 0.001289
v -0.353468 0.241293 0.001289
v -0.355331 0.240348 0.001289
v -0.353468 0.241293 0.001289
v -0.355331 0.240348 0.001289
v -0.357277 0.239088 0.001289
v -0.355331 0.240348 0.001289
v -0.357277 0.239088 0.001289
v -0.359286 0.237513 0.001289
v -0.357277 0.239088 0.001289
v -0.359286 0.237513 0.001289
v -0.361340 0.235623 0.001289
v -0.359286 0.237513 0.001289
v -0.361340 0.235623 0.001289
v -0.363418 0.233418 0.001289
v -0.361340 0.235623 0.001289
v -0.363418 0.233418 0.001289
v -0.365503 0.230898 0.001289
v -0.363418 0.233418 0.001289
v -0.365503 0.230898 0.001289
v -0.367575 0.228063 0.001289
v -0.365503 0.230898 0.001289
v -0.367575 0.228063 0.001289
v -0.369614 0.224913 0.001289
v -0.367575 0.228063 0.001289
v -0.369614 0.224913 0.001289
v -0.371602 0.221448 0.001289
v -0.369614 0.224913 0.001289
v -0.371602 0.221448 0.001289
v -0.373518 0.217668 0.001289
v -0.371602 0.221448 0.001289
v 0.351482 0.217668 0.001289
v 0.349798 0.221448 0.001289
v 0.349798 0.221448 0.001289
v 0.349798 0.221448 0.001289
v 0.348486 0.224913 0.001289
v 0.348486 0.224913 0.001289
v 0.348486 0.224913 0.001289
v 0.347525 0.228063 0.001289
v 0.347525 0.228063 0.001289
v 0.347525 0.228063 0.001289
v 0.346897 0.230897 0.001289
v 0.346897 0.230897 0.001289
v 0.346897 0.230897 0.001289
v 0.346582 0.233418 0.001289
v 0.346582 0.233418 0.001289
v 0.346582 0.233418 0.001289
v 0.346560 0.235623 0.001289
v 0.346560 0.235623 0.001289
v 0.346560 0.235623 0.001289
v 0.346814 0.237513 0.001289
v 0.346814 0.237513 0.001289
v 0.346814 0.237513 0.001289
v 0.347323 0.239088 0.001289
v 0.347323 0.239088 0.001289
v 0.347323 0.239088 0.001289
v 0.348069 0.240348 0.001289
v 0.348069 0.240348 0.001289
v 0.348069 0.240348 0.001289
v 0.349032 0.241292 0.001289
v 0.349032 0.241292 0.001289
v 0.349032 0.241292 0.001289
v 0.350192 0.241922 0.001289
v 0.350192 0.241922 0.001289
v 0.350192 0.241922 0.001289
v 0.351532 0.242238 0.001289
v 0.351532 0.242238 0.001289
v 0.351532 0.242238 0.001289
v 0.353031 0.242238 0.001289
v 0.353031 0.242238 0.001289
v 0.353031 0.242238 0.001289
v 0.354671 0.241922 0.001289
v 0.354671 0.241922 0.001289
v 0.354671 0.241922 0.001289
v 0.356432 0.241292 0.001289
v 0.356432 0.241292 0.001289
v 0.356432 0.241292 0.001289
v 0.358294 0.240348 0.001289
v 0.358294 0.240348 0.001289
v 0.358294 0.240348 0.001289
v 0.360240 0.239088 0.001289
v 0.360240 0.239088 0.001289
v 0.360240 0.239088 0.001289
v 0.362249 0.237513 0.001289
v 0.362249 0.237513 0.001289
v 0.362249 0.237513 0.001289
v 0.364303 0.235623 0.001289
v 0.364303 0.235623 0.001289
v 0.364303 0.235623 0.001289
v 0.366382 0.233418 0.001289
v 0.366382 0.233418 0.001289
v 0.366382 0.233418 0.001289
v 0.368466 0.230897 0.001289
v 0.368466 0.230897 0.001289
v 0.368466 0.230897 0.001289
v 0.370538 0.228063 0.001289
v 0.370538 0.228063 0.001289
v 0.370538 0.228063 0.001289
v 0.372577 0.224913 0.001289
v 0.372577 0.224913 0.001289
v 0.372577 0.224913 0.001289
v 0.374565 0.221448 0.001289
v 0.374565 0.221448 0.001289
v 0.374565 0.221448 0.001289
v 0.376482 0.217668 0.001289
v 0.376482 0.217668 0.001289
v -0.373518 0.217668 0.001289
v -0.381014 0.201919 0.001289
v -0.373518 0.217668 0.001289
v -0.381014 0.201919 0.001289
v -0.388486 0.186177 0.001289
v -0.381014 0.201919 0.001289
v -0.388486 0.186177 0.001289
v -0.395910 0.170450 0.001289
v -0.388486 0.186177 0.001289
v -0.395910 0.170450 0.001289
v -0.403262 0.154744 0.001289
v -0.395910 0.170450 0.001289
v -0.403262 0.154744 0.001289
v -0.410518 0.139068 0.001289
v -0.403262 0.154744 0.001289
v -0.410518 0.139068 0.001289
v -0.417654 0.123427 0.001289
v -0.410518 0.139068 0.001289
v -0.417654 0.123427 0.001289
v -0.424646 0.107829 0.001289
v -0.417654 0.123427 0.001289
v -0.424646 0.107829 0.001289
v -0.431470 0.092282 0.001289
v -0.424646 0.107829 0.001289
v -0.431470 0.092282 0.001289
v -0.438102 0.076792 0.001289
v -0.431470 0.092282 0.001289
v -0.438102 0.076792 0.001289
v -0.444518 0.061368 0.001289
v -0.438102 0.076792 0.001289
v -0.444518 0.061368 0.001289
v -0.450694 0.046015 0.001289
v -0.444518 0.061368 0.001289
v -0.450694 0.046015 0.001289
v -0.456606 0.030741 0.001289
v -0.450694 0.046015 0.001289
v -0.456606 0.030741 0.001289
v -0.462230 0.015554 0.001289
v -0.456606 0.030741 0.001289
v -0.462230 0.015554 0.001289
v -0.467542 0.000460 0.001289
v -0.462230 0.015554 0.001289
v -0.467542 0.000460 0.001289
v -0.472518 -0.014532 0.001289
v -0.467542 0.000460 0.001289
v -0.472518 -0.014532 0.001289
v -0.477134 -0.029417 0.001289
v -0.472518 -0.014532 0.001289
v -0.477134 -0.029417 0.001289
v -0.481366 -0.044187 0.001289
v -0.477134 -0.029417 0.001289
v -0.481366 -0.044187 0.001289
v -0.485190 -0.058834 0.001289
v -0.481366 -0.044187 0.001289
v -0.485190 -0.058834 0.001289
v -0.488582 -0.073352 0.001289
v -0.485190 -0.058834 0.001289
v -0.488582 -0.073352 0.001289
v -0.491518 -0.087732 0.001289
v -0.488582 -0.073352 0.001289
v -0.491518 -0.087732 0.001289
v -0.493974 -0.101969 0.001289
v -0.491518 -0.087732 0.001289
v -0.493974 -0.101969 0.001289
v -0.495926 -0.116055 0.001289
v -0.493974 -0.101969 0.001289
v -0.495926 -0.116055 0.001289
v -0.497350 -0.129982 0.001289
v -0.495926 -0.116055 0.001289
v -0.497350 -0.129982 0.001289
v -0.498222 -0.143744 0.001289
v -0.497350 -0.129982 0.001289
v -0.498222 -0.143744 0.001289
v -0.498518 -0.157332 0.001289
v -0.498222 -0.143744 0.001289
v 0.376482 0.217668 0.001289
v 0.383978 0.201919 0.001289
v 0.383978 0.201919 0.001289
v 0.383978 0.201919 0.001289
v 0.391450 0.186177 0.001289
v 0.391450 0.186177 0.001289
v 0.391450 0.186177 0.001289
v 0.398874 0.170450 0.001289
v 0.398874 0.170450 0.001289
v 0.398874 0.170450 0.001289
v 0.406226 0.154744 0.001289
v 0.406226 0.154744 0.001289
v 0.406226 0.154744 0.001289
v 0.413482 0.139068 0.001289
v 0.413482 0.139068 0.001289
v 0.413482 0.139068 0.001289
v 0.420618 0.123427 0.001289
v 0.420618 0.123427 0.001289
v 0.420618 0.123427 0.001289
v 0.427610 0.107829 0.001289
v 0.427610 0.107829 0.001289
v 0.427610 0.107829 0.001289
v 0.434434 0.092282 0.001289
v 0.434434 0.092282 0.001289
v 0.434434 0.092282 0.001289
v 0.441066 0.076792 0.001289
v 0.441066 0.076792 0.001289
v 0.441066 0.076792 0.001289
v 0.447482 0.061368 0.001289
v 0.447482 0.061368 0.001289
v 0.447482 0.061368 0.001289
v 0.453658 0.046015 0.001289
v 0.453658 0.046015 0.001289
v 0.453658 0.046015 0.001289
v 0.459570 0.030741 0.001289
v 0.459570 0.030741 0.001289
v 0.459570 0.030741 0.001289
v 0.465194 0.015554 0.001289
v 0.465194 0.015554 0.001289
v 0.465194 0.015554 0.001289
v 0.470506 0.000460 0.001289
v 0.470506 0.000460 0.001289
v 0.470506 0.000460 0.001289
v 0.475482 -0.014532 0.001289
v 0.475482 -0.014532 0.001289
v 0.475482 -0.014532 0.001289
v 0.480098 -0.029417 0.001289
v 0.480098 -0.029417 0.001289
v 0.480098 -0.029417 0.001289
v 0.484330 -0.044187 0.001289
v 0.484330 -0.044187 0.001289
v 0.484330 -0.044187 0.001289
v 0.488154 -0.058834 0.001289
v 0.488154 -0.058834 0.001289
v 0.488154 -0.058834 0.001289
v 0.491546 -0.073352 0.001289
v 0.491546 -0.073352 0.001289
v 0.491546 -0.073352 0.001289
v 0.494482 -0.087733 0.001289
v 0.494482 -0.087733 0.001289
v 0.494482 -0.087733 0.001289
v 0.496938 -0.101969 0.001289
v 0.496938 -0.101969 0.001289
v 0.496938 -0.101969 0.001289
v 0.498890 -0.116055 0.001289
v 0.498890 -0.116055 0.001289
v 0.498890 -0.116055 0.001289
v 0.500314 -0.129982 0.001289
v 0.500314 -0.129982 0.001289
v 0.500314 -0.129982 0.001289
v 0.501186 -0.143744 0.001289
v 0.501186 -0.143744 0.001289
v 0.501186 -0.143744 0.001289
v 0.501482 -0.157333 0.001289
v 0.501482 -0.157333 0.001289
v -0.498518 -0.157332 0.001289
v -0.497934 -0.170564 0.001289
v -0.498518 -0.157332 0.001289
v -0.497934 -0.170564 0.001289
v -0.496246 -0.183262 0.001289
v -0.497934 -0.170564 0.001289
v -0.496246 -0.183262 0.001289
v -0.493550 -0.195435 0.001289
v -0.496246 -0.183262 0.001289
v -0.493550 -0.195435 0.001289
v -0.489942 -0.207089 0.001289
v -0.493550 -0.195435 0.001289
v -0.489942 -0.207089 0.001289
v -0.485518 -0.218232 0.001289
v -0.489942 -0.207089 0.001289
v -0.485518 -0.218232 0.001289
v -0.480374 -0.228872 0.001289
v -0.485518 -0.218232 0.001289
v -0.480374 -0.228872 0.001289
v -0.474606 -0.239014 0.001289
v -0.480374 -0.228872 0.001289
v -0.474606 -0.239014 0.001289
v -0.468310 -0.248667 0.001289
v -0.474606 -0.239014 0.001289
v -0.468310 -0.248667 0.001289
v -0.461582 -0.257837 0.001289
v -0.468310 -0.248667 0.001289
v -0.461582 -0.257837 0.001289
v -0.454518 -0.266532 0.001289
v -0.461582 -0.257837 0.001289
v -0.454518 -0.266532 0.001289
v -0.447214 -0.274760 0.001289
v -0.454518 -0.266532 0.001289
v -0.447214 -0.274760 0.001289
v -0.439766 -0.282526 0.001289
v -0.447214 -0.274760 0.001289
v -0.439766 -0.282526 0.001289
v -0.432270 -0.289839 0.001289
v -0.439766 -0.282526 0.001289
v -0.432270 -0.289839 0.001289
v -0.424822 -0.296705 0.001289
v -0.432270 -0.289839 0.001289
v -0.424822 -0.296705 0.001289
v -0.417518 -0.303132 0.001289
v -0.424822 -0.296705 0.001289
v -0.417518 -0.303132 0.001289
v -0.410454 -0.309128 0.001289
v -0.417518 -0.303132 0.001289
v -0.410454 -0.309128 0.001289
v -0.403726 -0.314698 0.001289
v -0.410454 -0.309128 0.001289
v -0.403726 -0.314698 0.001289
v -0.397430 -0.319851 0.001289
v -0.403726 -0.314698 0.001289
v -0.397430 -0.319851 0.001289
v -0.391662 -0.324593 0.001289
v -0.397430 -0.319851 0.001289
v -0.391662 -0.324593 0.001289
v -0.386518 -0.328932 0.001289
v -0.391662 -0.324593 0.001289
v -0.386518 -0.328932 0.001289
v -0.382094 -0.332876 0.001289
v -0.386518 -0.328932 0.001289
v -0.382094 -0.332876 0.001289
v -0.378486 -0.336430 0.001289
v -0.382094 -0.332876 0.001289
v -0.378486 -0.336430 0.001289
v -0.375790 -0.339603 0.001289
v -0.378486 -0.336430 0.001289
v -0.375790 -0.339603 0.001289
v -0.374102 -0.342401 0.001289
v -0.375790 -0.339603 0.001289
v -0.374102 -0.342401 0.001289
v -0.373518 -0.344832 0.001289
v -0.374102 -0.342401 0.001289
v 0.501482 -0.157333 0.001289
v 0.500898 -0.170564 0.001289
v 0.500898 -0.170564 0.001289
v 0.500898 -0.170564 0.001289
v 0.499210 -0.183262 0.001289
v 0.499210 -0.183262 0.001289
v 0.499210 -0.183262 0.001289
v 0.496514 -0.195435 0.001289
v 0.496514 -0.195435 0.001289
v 0.496514 -0.195435 0.001289
v 0.492906 -0.207089 0.001289
v 0.492906 -0.207089 0.001289
v 0.492906 -0.207089 0.001289
v 0.488482 -0.218232 0.001289
v 0.488482 -0.218232 0.001289
v 0.488482 -0.218232 0.001289
v 0.483338 -0.228872 0.001289
v 0.483338 -0.228872 0.001289
v 0.483338 -0.228872 0.001289
v 0.477570 -0.239014 0.001289
v 0.477570 -0.239014 0.001289
v 0.477570 -0.239014 0.001289
v 0.471274 -0.248667 0.001289
v 0.471274 -0.248667 0.001289
v 0.471274 -0.248667 0.001289
v 0.464546 -0.257837 0.001289
v 0.464546 -0.257837 0.001289
v 0.464546 -0.257837 0.001289
v 0.457482 -0.266532 0.001289
v 0.457482 -0.266532 0.001289
v 0.457482 -0.266532 0.001289
v 0.450178 -0.274760 0.001289
v 0.450178 -0.274760 0.001289
v 0.450178 -0.274760 0.001289
v 0.442730 -0.282526 0.001289
v 0.442730 -0.282526 0.001289
v 0.442730 -0.282526 0.001289
v 0.435234 -0.289839 0.001289
v 0.435234 -0.289839 0.001289
v 0.435234 -0.289839 0.001289
v 0.427786 -0.296705 0.001289
v 0.427786 -0.296705 0.001289
v 0.427786 -0.296705 0.001289
v 0.420482 -0.303132 0.001289
v 0.420482 -0.303132 0.001289
v 0.420482 -0.303132 0.001289
v 0.413418 -0.309128 0.001289
v 0.413418 -0.309128 0.001289
v 0.413418 -0.309128 0.001289
v 0.406690 -0.314698 0.001289
v 0.406690 -0.314698 0.001289
v 0.406690 -0.314698 0.001289
v 0.400394 -0.319851 0.001289
v 0.400394 -0.319851 0.001289
v 0.400394 -0.319851 0.001289
v 0.394626 -0.324593 0.001289
v 0.394626 -0.324593 0.001289
v 0.394626 -0.324593 0.001289
v 0.389482 -0.328932 0.001289
v 0.389482 -0.328932 0.001289
v 0.389482 -0.328932 0.001289
v 0.385058 -0.332876 0.001289
v 0.385058 -0.332876 0.001289
v 0.385058 -0.332876 0.001289
v 0.381450 -0.336430 0.001289
v 0.381450 -0.336430 0.001289
v 0.381450 -0.336430 0.001289
v 0.378754 -0.339603 0.001289
v 0.378754 -0.339603 0.001289
v 0.378754 -0.339603 0.001289
v 0.377066 -0.342401 0.001289
v 0.377066 -0.342401 0.001289
v 0.377066 -0.342401 0.001289
v 0.376482 -0.344832 0.001289
v 0.376482 -0.344832 0.001289
v 0.001482 -0.382332 0.001289
v 0.001482 -0.382332 0.001289
v 0.001482 -0.382332 0.001289
v 0.001482 -0.382332 0.001289
v 0.001482 -0.382332 0.001289
v 0.001482 -0.382332 0.001289
v 0.001482 -0.382332 0.001289
v 0.001482 -0.382332 0.001289
v 0.001482 -0.382332 0.001289
v 0.001482 -0.382332 0.001289
v 0.001482 -0.382332 0.001289
v 0.001482 -0.382332 0.001289
v 0.001482 -0.382332 0.001289
v 0.001482 -0.382332 0.001289
v 0.001482 -0.382332 0.001289
v 0.001482 -0.382332 0.001289
v 0.001482 -0.382332 0.001289
v 0.001482 -0.382332 0.001289
v 0.001482 -0.382332 0.001289
v 0.001482 -0.382332 0.001289
v 0.001482 -0.382332 0.001289
v 0.001482 -0.382332 0.001289
v 0.001482 -0.382332 0.001289
v 0.001482 -0.382332 0.001289
v 0.001482 -0.382332 0.001289
v 0.001482 -0.382332 0.001289
v 0.001482 -0.382332 0.001289
v 0.001482 -0.382332 0.001289
v 0.001482 -0.382332 0.001289
v 0.001482 -0.382332 0.001289
v 0.001482 -0.382332 0.001289
v 0.001482 -0.382332 0.001289
v 0.001482 -0.382332 0.001289
v 0.001482 -0.382332 0.001289
v 0.001482 -0.382332 0.001289
v 0.001482 -0.382332 0.001289
v 0.001482 -0.382332 0.001289
v 0.001482 -0.382332 0.001289
v 0.001482 -0.382332 0.001289
v 0.001482 -0.382332 0.001289
v 0.001482 -0.382332 0.001289
v 0.001482 -0.382332 0.001289
v 0.001482 -0.382332 0.001289
v 0.001482 -0.382332 0.001289
v 0.001482 -0.382332 0.001289
v 0.001482 -0.382332 0.001289
v 0.001482 -0.382332 0.001289
v 0.001482 -0.382332 0.001289
v 0.001482 -0.382332 0.001289
v 0.001482 -0.382332 0.001289
v 0.001482 -0.382332 0.001289
v 0.001482 -0.382332 0.001289
v 0.001482 -0.382332 0.001289
v 0.001482 -0.382332 0.001289
v 0.001482 -0.382332 0.001289
v 0.001482 -0.382332 0.001289
v 0.001482 -0.382332 0.001289
v 0.001482 -0.382332 0.001289
v 0.001482 -0.382332 0.001289
v 0.001482 -0.382332 0.001289
v 0.001482 -0.382332 0.001289
v 0.001482 -0.382332 0.001289
v 0.001482 -0.382332 0.001289
v 0.001482 -0.382332 0.001289
v 0.001482 -0.382332 0.001289
v 0.001482 -0.382332 0.001289
v 0.001482 -0.382332 0.001289
v 0.001482 -0.382332 0.001289
v 0.001482 -0.382332 0.001289
v 0.001482 -0.382332 0.001289
v 0.001482 -0.382332 0.001289
v 0.001482 -0.382332 0.001289
v 0.001482 -0.382332 0.001289
v 0.001482 -0.382332 0.001289
v 0.001482 -0.382332 0.001289
v 0.001482 -0.382332 0.001289
v 0.001482 -0.382332 0.001289
v 0.001482 -0.382332 0.001289
v 0.001482 -0.382332 0.001289
v 0.001482 -0.382332 0.001289
v 0.001482 -0.382332 0.001289
v 0.001482 -0.382332 0.001289
v 0.001482 -0.382332 0.001289
v 0.001482 -0.382332 0.001289
v 0.001482 -0.382332 0.001289
v 0.001482 -0.382332 0.001289
v 0.001482 -0.382332 0.001289
v 0.001482 -0.382332 0.001289
v 0.001482 -0.382332 0.001289
v 0.001482 -0.382332 0.001289
v 0.001482 -0.382332 0.001289
v 0.001482 -0.382332 0.001289
v 0.001482 -0.382332 0.001289
v 0.001482 -0.382332 0.001289
v 0.001482 -0.382332 0.001289
v 0.001482 -0.382332 0.001289
v 0.001482 -0.382332 0.001289
v -0.373518 -0.344832 0.001289
v -0.373408 -0.347081 0.001289
v -0.373518 -0.344832 0.001289
v -0.373408 -0.347081 0.001289
v -0.372995 -0.349323 0.001289
v -0.373408 -0.347081 0.001289
v -0.372995 -0.349323 0.001289
v -0.372158 -0.351550 0.001289
v -0.372995 -0.349323 0.001289
v -0.372158 -0.351550 0.001289
v -0.370773 -0.353756 0.001289
v -0.372158 -0.351550 0.001289
v -0.370773 -0.353756 0.001289
v -0.368718 -0.355932 0.001289
v -0.370773 -0.353756 0.001289
v -0.368718 -0.355932 0.001289
v -0.365872 -0.358073 0.001289
v -0.368718 -0.355932 0.001289
v -0.365872 -0.358073 0.001289
v -0.362111 -0.360171 0.001289
v -0.365872 -0.358073 0.001289
v -0.362111 -0.360171 0.001289
v -0.357314 -0.362218 0.001289
v -0.362111 -0.360171 0.001289
v -0.357314 -0.362218 0.001289
v -0.351357 -0.364208 0.001289
v -0.357314 -0.362218 0.001289
v -0.351357 -0.364208 0.001289
v -0.344118 -0.366132 0.001289
v -0.351357 -0.364208 0.001289
v -0.344118 -0.366132 0.001289
v -0.335476 -0.367985 0.001289
v -0.344118 -0.366132 0.001289
v -0.335476 -0.367985 0.001289
v -0.325307 -0.369759 0.001289
v -0.335476 -0.367985 0.001289
v -0.325307 -0.369759 0.001289
v -0.313490 -0.371446 0.001289
v -0.325307 -0.369759 0.001289
v -0.313490 -0.371446 0.001289
v -0.299901 -0.373040 0.001289
v -0.313490 -0.371446 0.001289
v -0.299901 -0.373040 0.001289
v -0.284418 -0.374532 0.001289
v -0.299901 -0.373040 0.001289
v -0.284418 -0.374532 0.001289
v -0.266920 -0.375917 0.001289
v -0.284418 -0.374532 0.001289
v -0.266920 -0.375917 0.001289
v -0.247283 -0.377187 0.001289
v -0.266920 -0.375917 0.001289
v -0.247283 -0.377187 0.001289
v -0.225386 -0.378334 0.001289
v -0.247283 -0.377187 0.001289
v -0.225386 -0.378334 0.001289
v -0.201105 -0.379352 0.001289
v -0.225386 -0.378334 0.001289
v -0.201105 -0.379352 0.001289
v -0.174318 -0.380232 0.001289
v -0.201105 -0.379352 0.001289
v -0.174318 -0.380232 0.001289
v -0.144904 -0.380969 0.001289
v -0.174318 -0.380232 0.001289
v -0.144904 -0.380969 0.001289
v -0.112739 -0.381555 0.001289
v -0.144904 -0.380969 0.001289
v -0.112739 -0.381555 0.001289
v -0.077701 -0.381982 0.001289
v -0.112739 -0.381555 0.001289
v -0.077701 -0.381982 0.001289
v -0.039669 -0.382244 0.001289
v -0.077701 -0.381982 0.001289
v -0.039669 -0.382244 0.001289
v -0.019094 -0.382288 0.001289
v 0.001482 -0.382332 0.001289
v 0.001482 -0.382332 0.001289
v 0.001482 -0.382332 0.001289
v 0.001482 -0.382332 0.001289
v 0.001482 -0.382332 0.001289
v 0.001482 -0.382332 0.001289
v 0.001482 -0.382332 0.001289
v 0.001482 -0.382332 0.001289
v 0.001482 -0.382332 0.001289
v 0.001482 -0.382332 0.001289
v 0.001482 -0.382332 0.001289
v 0.001482 -0.382332 0.001289
v 0.001482 -0.382332 0.001289
v 0.001482 -0.382332 0.001289
v 0.001482 -0.382332 0.001289
v 0.001482 -0.382332 0.001289
v 0.001482 -0.382332 0.001289
v 0.001482 -0.382332 0.001289
v 0.001482 -0.382332 0.001289
v 0.001482 -0.382332 0.001289
v 0.001482 -0.382332 0.001289
v 0.001482 -0.382332 0.001289
v 0.001482 -0.382332 0.001289
v 0.001482 -0.382332 0.001289
v 0.001482 -0.382332 0.001289
v 0.001482 -0.382332 0.001289
v 0.001482 -0.382332 0.001289
v 0.001482 -0.382332 0.001289
v 0.001482 -0.382332 0.001289
v 0.001482 -0.382332 0.001289
v 0.001482 -0.382332 0.001289
v 0.001482 -0.382332 0.001289
v 0.001482 -0.382332 0.001289
v 0.001482 -0.382332 0.001289
v 0.001482 -0.382332 0.001289
v 0.001482 -0.382332 0.001289
v 0.001482 -0.382332 0.001289
v 0.001482 -0.382332 0.001289
v 0.001482 -0.382332 0.001289
v 0.001482 -0.382332 0.001289
v 0.001482 -0.382332 0.001289
v 0.001482 -0.382332 0.001289
v 0.001482 -0.382332 0.001289
v 0.001482 -0.382332 0.001289
v 0.001482 -0.382332 0.001289
v 0.001482 -0.382332 0.001289
v 0.001482 -0.382332 0.001289
v 0.001482 -0.382332 0.001289
v 0.001482 -0.382332 0.001289
v 0.001482 -0.382332 0.001289
v 0.001482 -0.382332 0.001289
v 0.001482 -0.382332 0.001289
v 0.001482 -0.382332 0.001289
v 0.001482 -0.382332 0.001289
v 0.001482 -0.382332 0.001289
v 0.001482 -0.382332 0.001289
v 0.001482 -0.382332 0.001289
v 0.001482 -0.382332 0.001289
v 0.001482 -0.382332 0.001289
v 0.001482 -0.382332 0.001289
v 0.001482 -0.382332 0.001289
v 0.001482 -0.382332 0.001289
v 0.001482 -0.382332 0.001289
v 0.001482 -0.382332 0.001289
v 0.001482 -0.382332 0.001289
v 0.001482 -0.382332 0.001289
v 0.001482 -0.382332 0.001289
v 0.001482 -0.382332 0.001289
v 0.001482 -0.382332 0.001289
v 0.001482 -0.382332 0.001289
v 0.001482 -0.382332 0.001289
v 0.001482 -0.382332 0.001289
v 0.001482 -0.382332 0.001289
v 0.001482 -0.382332 0.001289
v 0.001482 -0.382332 0.001289
v 0.001482 -0.382332 0.001289
v 0.001482 -0.382332 0.001289
v 0.001482 -0.382332 0.001289
v 0.001482 -0.382332 0.001289
v 0.001482 -0.382332 0.001289
v 0.001482 -0.382332 0.001289
v 0.001482 -0.382332 0.001289
v 0.001482 -0.382332 0.001289
v 0.001482 -0.382332 0.001289
v 0.001482 -0.382332 0.001289
v 0.001482 -0.382332 0.001289
v 0.001482 -0.382332 0.001289
v 0.001482 -0.382332 0.001289
v 0.001482 -0.382332 0.001289
v 0.001482 -0.382332 0.001289
v 0.001482 -0.382332 0.001289
v 0.001482 -0.382332 0.001289
v 0.001482 -0.382332 0.001289
v 0.001482 -0.382332 0.001289
v 0.001482 -0.382332 0.001289
v 0.376482 -0.344832 0.001289
v 0.376371 -0.347081 0.001289
v 0.376371 -0.347081 0.001289
v 0.376371 -0.347081 0.001289
v 0.375958 -0.349323 0.001289
v 0.375958 -0.349323 0.001289
v 0.375958 -0.349323 0.001289
v 0.375121 -0.351550 0.001289
v 0.375121 -0.351550 0.001289
v 0.375121 -0.351550 0.001289
v 0.373736 -0.353756 0.001289
v 0.373736 -0.353756 0.001289
v 0.373736 -0.353756 0.001289
v 0.371682 -0.355933 0.001289
v 0.371682 -0.355933 0.001289
v 0.371682 -0.355933 0.001289
v 0.368835 -0.358073 0.001289
v 0.368835 -0.358073 0.001289
v 0.368835 -0.358073 0.001289
v 0.365074 -0.360171 0.001289
v 0.365074 -0.360171 0.001289
v 0.365074 -0.360171 0.001289
v 0.360277 -0.362218 0.001289
v 0.360277 -0.362218 0.001289
v 0.360277 -0.362218 0.001289
v 0.354320 -0.364208 0.001289
v 0.354320 -0.364208 0.001289
v 0.354320 -0.364208 0.001289
v 0.347082 -0.366132 0.001289
v 0.347082 -0.366132 0.001289
v 0.347082 -0.366132 0.001289
v 0.338439 -0.367985 0.001289
v 0.338439 -0.367985 0.001289
v 0.338439 -0.367985 0.001289
v 0.328270 -0.369759 0.001289
v 0.328270 -0.369759 0.001289
v 0.328270 -0.369759 0.001289
v 0.316453 -0.371446 0.001289
v 0.316453 -0.371446 0.001289
v 0.316453 -0.371446 0.001289
v 0.302864 -0.373040 0.001289
v 0.302864 -0.373040 0.001289
v 0.302864 -0.373040 0.001289
v 0.287382 -0.374532 0.001289
v 0.287382 -0.374532 0.001289
v 0.287382 -0.374532 0.001289
v 0.269883 -0.375917 0.001289
v 0.269883 -0.375917 0.001289
v 0.269883 -0.375917 0.001289
v 0.250246 -0.377187 0.001289
v 0.250246 -0.377187 0.001289
v 0.250246 -0.377187 0.001289
v 0.228349 -0.378334 0.001289
v 0.228349 -0.378334 0.001289
v 0.228349 -0.378334 0.001289
v 0.204068 -0.379352 0.001289
v 0.204068 -0.379352 0.001289
v 0.204068 -0.379352 0.001289
v 0.177282 -0.380232 0.001289
v 0.177282 -0.380232 0.001289
v 0.177282 -0.380232 0.001289
v 0.147867 -0.380969 0.001289
v 0.147867 -0.380969 0.001289
v 0.147867 -0.380969 0.001289
v 0.115702 -0.381555 0.001289
v 0.115702 -0.381555 0.001289
v 0.115702 -0.381555 0.001289
v 0.080665 -0.381982 0.001289
v 0.080665 -0.381982 0.001289
v 0.080665 -0.381982 0.001289
v 0.042632 -0.382244 0.001289
v 0.042632 -0.382244 0.001289
v 0.042632 -0.382244 0.001289
v 0.001482 -0.382332 0.001289
v 0.001482 -0.382332 0.001289
v -0.398518 0.123918 0.001289
v -0.419157 0.123914 0.001289
v -0.419157 0.123914 0.001289
v -0.419157 0.123914 0.001289
v -0.439066 0.123889 0.001289
v -0.439066 0.123889 0.001289
v -0.439066 0.123889 0.001289
v -0.458235 0.123820 0.001289
v -0.458235 0.123820 0.001289
v -0.458235 0.123820 0.001289
v -0.476656 0.123687 0.001289
v -0.476656 0.123687 0.001289
v -0.476656 0.123687 0.001289
v -0.494318 0.123468 0.001289
v -0.494318 0.123468 0.001289
v -0.494318 0.123468 0.001289
v -0.511213 0.123140 0.001289
v -0.511213 0.123140 0.001289
v -0.511213 0.123140 0.001289
v -0.527330 0.122683 0.001289
v -0.527330 0.122683 0.001289
v -0.527330 0.122683 0.001289
v -0.542659 0.122074 0.001289
v -0.542659 0.122074 0.001289
v -0.542659 0.122074 0.001289
v -0.557192 0.121293 0.001289
v -0.557192 0.121293 0.001289
v -0.557192 0.121293 0.001289
v -0.570918 0.120318 0.001289
v -0.570918 0.120318 0.001289
v -0.570918 0.120318 0.001289
v -0.583829 0.119126 0.001289
v -0.583829 0.119126 0.001289
v -0.583829 0.119126 0.001289
v -0.595914 0.117697 0.001289
v -0.595914 0.117697 0.001289
v -0.595914 0.117697 0.001289
v -0.607163 0.116008 0.001289
v -0.607163 0.116008 0.001289
v -0.607163 0.116008 0.001289
v -0.617568 0.114039 0.001289
v -0.617568 0.114039 0.001289
v -0.617568 0.114039 0.001289
v -0.627118 0.111768 0.001289
v -0.627118 0.111768 0.001289
v -0.627118 0.111768 0.001289
v -0.635805 0.109172 0.001289
v -0.635805 0.109172 0.001289
v -0.635805 0.109172 0.001289
v -0.643618 0.106231 0.001289
v -0.643618 0.106231 0.001289
v -0.643618 0.106231 0.001289
v -0.650547 0.102922 0.001289
v -0.650547 0.102922 0.001289
v -0.650547 0.102922 0.001289
v -0.656584 0.099225 0.001289
v -0.656584 0.099225 0.001289
v -0.656584 0.099225 0.001289
v -0.661718 0.095118 0.001289
v -0.661718 0.095118 0.001289
v -0.661718 0.095118 0.001289
v -0.665941 0.090578 0.001289
v -0.665941 0.090578 0.001289
v -0.665941 0.090578 0.001289
v -0.669242 0.085585 0.001289
v -0.669242 0.085585 0.001289
v -0.669242 0.085585 0.001289
v -0.671611 0.080116 0.001289
v -0.671611 0.080116 0.001289
v -0.671611 0.080116 0.001289
v -0.673040 0.074151 0.001289
v -0.673040 0.074151 0.001289
v -0.673040 0.074151 0.001289
v -0.673518 0.067668 0.001289
v -0.673518 0.067668 0.001289
v -0.673518 0.067668 0.001289
v -0.673277 0.060655 0.001289
v -0.673277 0.060655 0.001289
v -0.673277 0.060655 0.001289
v -0.672546 0.053145 0.001289
v -0.672546 0.053145 0.001289
v -0.672546 0.053145 0.001289
v -0.671315 0.045182 0.001289
v -0.671315 0.045182 0.001289
v -0.671315 0.045182 0.001289
v -0.669576 0.036808 0.001289
v -0.669576 0.036808 0.001289
v -0.669576 0.036808 0.001289
v -0.667318 0.028068 0.001289
v -0.667318 0.028068 0.001289
v -0.667318 0.028068 0.001289
v -0.664533 0.019003 0.001289
v -0.664533 0.019003 0.001289
v -0.664533 0.019003 0.001289
v -0.661210 0.009657 0.001289
v -0.661210 0.009657 0.001289
v -0.661210 0.009657 0.001289
v -0.657339 0.000074 0.001289
v -0.657339 0.000074 0.001289
v -0.657339 0.000074 0.001289
v -0.652912 -0.009704 0.001289
v -0.652912 -0.009704 0.001289
v -0.652912 -0.009704 0.001289
v -0.647918 -0.019632 0.001289
v -0.647918 -0.019632 0.001289
v -0.647918 -0.019632 0.001289
v -0.642349 -0.029669 0.001289
v -0.642349 -0.029669 0.001289
v -0.642349 -0.029669 0.001289
v -0.636194 -0.039771 0.001289
v -0.636194 -0.039771 0.001289
v -0.636194 -0.039771 0.001289
v -0.629443 -0.049894 0.001289
v -0.629443 -0.049894 0.001289
v -0.629443 -0.049894 0.001289
v -0.622088 -0.059996 0.001289
v -0.622088 -0.059996 0.001289
v -0.622088 -0.059996 0.001289
v -0.614118 -0.070032 0.001289
v -0.614118 -0.070032 0.001289
v -0.614118 -0.070032 0.001289
v -0.605525 -0.079961 0.001289
v -0.605525 -0.079961 0.001289
v -0.605525 -0.079961 0.001289
v -0.596298 -0.089739 0.001289
v -0.596298 -0.089739 0.001289
v -0.596298 -0.089739 0.001289
v -0.586427 -0.099322 0.001289
v -0.586427 -0.099322 0.001289
v -0.586427 -0.099322 0.001289
v -0.575904 -0.108668 0.001289
v -0.575904 -0.108668 0.001289
v -0.575904 -0.108668 0.001289
v -0.564718 -0.117732 0.001289
v -0.564718 -0.117732 0.001289
v -0.564718 -0.117732 0.001289
v -0.552861 -0.126473 0.001289
v -0.552861 -0.126473 0.001289
v -0.552861 -0.126473 0.001289
v -0.540322 -0.134847 0.001289
v -0.540322 -0.134847 0.001289
v -0.540322 -0.134847 0.001289
v -0.527091 -0.142810 0.001289
v -0.527091 -0.142810 0.001289
v -0.527091 -0.142810 0.001289
v -0.513160 -0.150320 0.001289
v -0.513160 -0.150320 0.001289
v -0.513160 -0.150320 0.001289
v -0.498518 -0.157332 0.001289
v -0.498518 -0.157332 0.001289
v 0.426482 -0.232332 0.001289
v 0.466021 -0.224441 0.001289
v 0.426482 -0.232332 0.001289
v 0.466021 -0.224441 0.001289
v 0.500875 -0.214383 0.001289
v 0.466021 -0.224441 0.001289
v 0.500875 -0.214383 0.001289
v 0.531400 -0.202330 0.001289
v 0.500875 -0.214383 0.001289
v 0.531400 -0.202330 0.001289
v 0.557950 -0.188456 0.001289
v 0.531400 -0.202330 0.001289
v 0.557950 -0.188456 0.001289
v 0.580882 -0.172933 0.001289
v 0.557950 -0.188456 0.001289
v 0.580882 -0.172933 0.001289
v 0.600549 -0.155933 0.001289
v 0.580882 -0.172933 0.001289
v 0.600549 -0.155933 0.001289
v 0.617307 -0.137631 0.001289
v 0.600549 -0.155933 0.001289
v 0.617307 -0.137631 0.001289
v 0.631512 -0.118198 0.001289
v 0.617307 -0.137631 0.001289
v 0.631512 -0.118198 0.001289
v 0.643518 -0.097808 0.001289
v 0.631512 -0.118198 0.001289
v 0.643518 -0.097808 0.001289
v 0.653682 -0.076633 0.001289
v 0.643518 -0.097808 0.001289
v 0.653682 -0.076633 0.001289
v 0.662357 -0.054845 0.001289
v 0.653682 -0.076633 0.001289
v 0.662357 -0.054845 0.001289
v 0.669899 -0.032619 0.001289
v 0.662357 -0.054845 0.001289
v 0.669899 -0.032619 0.001289
v 0.676664 -0.010126 0.001289
v 0.669899 -0.032619 0.001289
v 0.676664 -0.010126 0.001289
v 0.683006 0.012460 0.001289
v 0.676664 -0.010126 0.001289
v 0.683006 0.012460 0.001289
v 0.689282 0.034967 0.001289
v 0.683006 0.012460 0.001289
v 0.689282 0.034967 0.001289
v 0.695845 0.057223 0.001289
v 0.689282 0.034967 0.001289
v 0.695845 0.057223 0.001289
v 0.703051 0.079053 0.001289
v 0.695845 0.057223 0.001289
v 0.703051 0.079053 0.001289
v 0.711256 0.100286 0.001289
v 0.703051 0.079053 0.001289
v 0.711256 0.100286 0.001289
v 0.720814 0.120748 0.001289
v 0.711256 0.100286 0.001289
v 0.720814 0.120748 0.001289
v 0.732082 0.140268 0.001289
v 0.720814 0.120748 0.001289
v 0.732082 0.140268 0.001289
v 0.745413 0.158671 0.001289
v 0.732082 0.140268 0.001289
v 0.745413 0.158671 0.001289
v 0.761163 0.175785 0.001289
v 0.745413 0.158671 0.001289
v 0.761163 0.175785 0.001289
v 0.779688 0.191438 0.001289
v 0.761163 0.175785 0.001289
v 0.779688 0.191438 0.001289
v 0.801343 0.205456 0.001289
v 0.779688 0.191438 0.001289
v 0.801343 0.205456 0.001289
v 0.826482 0.217668 0.001289
v 0.801343 0.205456 0.001289
v 0.826482 0.217668 0.001289
v 0.832874 0.220389 0.001289
v 0.826482 0.217668 0.001289
v 0.832874 0.220389 0.001289
v 0.838558 0.222925 0.001289
v 0.832874 0.220389 0.001289
v 0.838558 0.222925 0.001289
v 0.843546 0.225271 0.001289
v 0.838558 0.222925 0.001289
v 0.843546 0.225271 0.001289
v 0.847850 0.227420 0.001289
v 0.843546 0.225271 0.001289
v 0.847850 0.227420 0.001289
v 0.851482 0.229367 0.001289
v 0.847850 0.227420 0.001289
v 0.851482 0.229367 0.001289
v 0.854454 0.231108 0.001289
v 0.851482 0.229367 0.001289
v 0.854454 0.231108 0.001289
v 0.856778 0.232636 0.001289
v 0.854454 0.231108 0.001289
v 0.856778 0.232636 0.001289
v 0.858466 0.233947 0.001289
v 0.856778 0.232636 0.001289
v 0.858466 0.233947 0.001289
v 0.859530 0.235034 0.001289
v 0.858466 0.233947 0.001289
v 0.859530 0.235034 0.001289
v 0.859982 0.235892 0.001289
v 0.859530 0.235034 0.001289
v 0.859982 0.235892 0.001289
v 0.859834 0.236517 0.001289
v 0.859982 0.235892 0.001289
v 0.859834 0.236517 0.001289
v 0.859098 0.236902 0.001289
v 0.859834 0.236517 0.001289
v 0.859098 0.236902 0.001289
v 0.857786 0.237043 0.001289
v 0.859098 0.236902 0.001289
v 0.857786 0.237043 0.001289
v 0.855910 0.236933 0.001289
v 0.857786 0.237043 0.001289
v 0.855910 0.236933 0.001289
v 0.853482 0.236567 0.001289
v 0.855910 0.236933 0.001289
v 0.853482 0.236567 0.001289
v 0.850514 0.235941 0.001289
v 0.853482 0.236567 0.001289
v 0.850514 0.235941 0.001289
v 0.847018 0.235048 0.001289
v 0.850514 0.235941 0.001289
v 0.847018 0.235048 0.001289
v 0.843006 0.233884 0.001289
v 0.847018 0.235048 0.001289
v 0.843006 0.233884 0.001289
v 0.838490 0.232442 0.001289
v 0.843006 0.233884 0.001289
v 0.838490 0.232442 0.001289
v 0.833482 0.230717 0.001289
v 0.838490 0.232442 0.001289
v 0.833482 0.230717 0.001289
v 0.827994 0.228705 0.001289
v 0.833482 0.230717 0.001289
v 0.827994 0.228705 0.001289
v 0.822038 0.226399 0.001289
v 0.827994 0.228705 0.001289
v 0.822038 0.226399 0.001289
v 0.815626 0.223795 0.001289
v 0.822038 0.226399 0.001289
v 0.815626 0.223795 0.001289
v 0.808770 0.220886 0.001289
v 0.815626 0.223795 0.001289
v 0.808770 0.220886 0.001289
v 0.801482 0.217668 0.001289
v 0.808770 0.220886 0.001289
v 0.001482 0.405168 0.001289
v 0.001482 0.405168 0.001289
v 0.001482 0.405168 0.001289
v 0.001482 0.405168 0.001289
v 0.001482 0.405168 0.001289
v 0.001482 0.405168 0.001289
v 0.001482 0.405168 0.001289
v 0.001482 0.405168 0.001289
v 0.001482 0.405168 0.001289
v 0.001482 0.405168 0.001289
v 0.001482 0.405168 0.001289
v 0.001482 0.405168 0.001289
v 0.001482 0.405168 0.001289
v 0.001482 0.405168 0.001289
v 0.001482 0.405168 0.001289
v 0.001482 0.405168 0.001289
v 0.001482 0.405168 0.001289
v 0.001482 0.405168 0.001289
v 0.001482 0.405168 0.001289
v 0.001482 0.405168 0.001289
v 0.001482 0.405168 0.001289
v 0.001482 0.405168 0.001289
v 0.001482 0.405168 0.001289
v 0.001482 0.405168 0.001289
v 0.001482 0.405168 0.001289
v 0.001482 0.405168 0.001289
v 0.001482 0.405168 0.001289
v 0.001482 0.405168 0.001289
v 0.001482 0.405168 0.001289
v 0.001482 0.405168 0.001289
v 0.001482 0.405168 0.001289
v 0.001482 0.405168 0.001289
v 0.001482 0.405168 0.001289
v 0.001482 0.405168 0.001289
v 0.001482 0.405168 0.001289
v 0.001482 0.405168 0.001289
v 0.001482 0.405168 0.001289
v 0.001482 0.405168 0.001289
v 0.001482 0.405168 0.001289
v 0.001482 0.405168 0.001289
v 0.001482 0.405168 0.001289
v 0.001482 0.405168 0.001289
v 0.001482 0.405168 0.001289
v 0.001482 0.405168 0.001289
v 0.001482 0.405168 0.001289
v 0.001482 0.405168 0.001289
v 0.001482 0.405168 0.001289
v 0.001482 0.405168 0.001289
v 0.001482 0.405168 0.001289
v 0.001482 0.405168 0.001289
v 0.001482 0.405168 0.001289
v 0.001482 0.405168 0.001289
v 0.001482 0.405168 0.001289
v 0.001482 0.405168 0.001289
v 0.001482 0.405168 0.001289
v 0.001482 0.405168 0.001289
v 0.001482 0.405168 0.001289
v 0.001482 0.405168 0.001289
v 0.001482 0.405168 0.001289
v 0.001482 0.405168 0.001289
v 0.001482 0.405168 0.001289
v 0.001482 0.405168 0.001289
v 0.001482 0.405168 0.001289
v 0.001482 0.405168 0.001289
v 0.001482 0.405168 0.001289
v 0.001482 0.405168 0.001289
v 0.001482 0.405168 0.001289
v 0.001482 0.405168 0.001289
v 0.001482 0.405168 0.001289
v 0.001482 0.405168 0.001289
v 0.001482 0.405168 0.001289
v 0.001482 0.405168 0.001289
v 0.001482 0.405168 0.001289
v 0.001482 0.405168 0.001289
v 0.001482 0.405168 0.001289
v 0.001482 0.405168 0.001289
v 0.001482 0.405168 0.001289
v 0.001482 0.405168 0.001289
v 0.001482 0.405168 0.001289
v 0.001482 0.405168 0.001289
v 0.001482 0.405168 0.001289
v 0.001482 0.405168 0.001289
v 0.001482 0.405168 0.001289
v 0.001482 0.405168 0.001289
v 0.001482 0.405168 0.001289
v 0.001482 0.405168 0.001289
v 0.001482 0.405168 0.001289
v 0.001482 0.405168 0.001289
v 0.001482 0.405168 0.001289
v 0.001482 0.405168 0.001289
v 0.001482 0.405168 0.001289
v 0.001482 0.405168 0.001289
v 0.001482 0.405168 0.001289
v 0.001482 0.405168 0.001289
v 0.001482 0.405168 0.001289
v 0.001482 0.405168 0.001289
v 0.001482 0.405168 0.001289
v 0.001482 0.405168 0.001289
v -0.020640 0.404815 0.001289
v -0.039171 0.403785 0.001289
v -0.020640 0.404815 0.001289
v -0.039171 0.403785 0.001289
v -0.054362 0.402122 0.001289
v -0.039171 0.403785 0.001289
v -0.054362 0.402122 0.001289
v -0.066461 0.399868 0.001289
v -0.054362 0.402122 0.001289
v -0.066461 0.399868 0.001289
v -0.075718 0.397068 0.001289
v -0.066461 0.399868 0.001289
v -0.075718 0.397068 0.001289
v -0.082384 0.393763 0.001289
v -0.075718 0.397068 0.001289
v -0.082384 0.393763 0.001289
v -0.086707 0.389997 0.001289
v -0.082384 0.393763 0.001289
v -0.086707 0.389997 0.001289
v -0.088938 0.385814 0.001289
v -0.086707 0.389997 0.001289
v -0.088938 0.385814 0.001289
v -0.089325 0.381256 0.001289
v -0.088938 0.385814 0.001289
v -0.089325 0.381256 0.001289
v -0.088118 0.376368 0.001289
v -0.089325 0.381256 0.001289
v -0.088118 0.376368 0.001289
v -0.085568 0.371191 0.001289
v -0.088118 0.376368 0.001289
v -0.085568 0.371191 0.001289
v -0.081923 0.365769 0.001289
v -0.085568 0.371191 0.001289
v -0.081923 0.365769 0.001289
v -0.077434 0.360146 0.001289
v -0.081923 0.365769 0.001289
v -0.077434 0.360146 0.001289
v -0.072349 0.354364 0.001289
v -0.077434 0.360146 0.001289
v -0.072349 0.354364 0.001289
v -0.066918 0.348468 0.001289
v -0.072349 0.354364 0.001289
v -0.066918 0.348468 0.001289
v -0.061392 0.342499 0.001289
v -0.066918 0.348468 0.001289
v -0.061392 0.342499 0.001289
v -0.056019 0.336501 0.001289
v -0.061392 0.342499 0.001289
v -0.056019 0.336501 0.001289
v -0.051050 0.330518 0.001289
v -0.056019 0.336501 0.001289
v -0.051050 0.330518 0.001289
v -0.046733 0.324592 0.001289
v -0.051050 0.330518 0.001289
v -0.046733 0.324592 0.001289
v -0.043318 0.318768 0.001289
v -0.046733 0.324592 0.001289
v -0.043318 0.318768 0.001289
v -0.041056 0.313087 0.001289
v -0.043318 0.318768 0.001289
v -0.041056 0.313087 0.001289
v -0.040195 0.307593 0.001289
v -0.041056 0.313087 0.001289
v -0.040195 0.307593 0.001289
v -0.040986 0.302330 0.001289
v -0.040195 0.307593 0.001289
v -0.040986 0.302330 0.001289
v -0.043677 0.297340 0.001289
v -0.040986 0.302330 0.001289
v -0.043677 0.297340 0.001289
v -0.048518 0.292668 0.001289
v -0.043677 0.297340 0.001289
v 0.001482 0.405168 0.001289
v 0.001482 0.405168 0.001289
v 0.001482 0.405168 0.001289
v 0.001482 0.405168 0.001289
v 0.001482 0.405168 0.001289
v 0.001482 0.405168 0.001289
v 0.001482 0.405168 0.001289
v 0.001482 0.405168 0.001289
v 0.001482 0.405168 0.001289
v 0.001482 0.405168 0.001289
v 0.001482 0.405168 0.001289
v 0.001482 0.405168 0.001289
v 0.001482 0.405168 0.001289
v 0.001482 0.405168 0.001289
v 0.001482 0.405168 0.001289
v 0.001482 0.405168 0.001289
v 0.001482 0.405168 0.001289
v 0.001482 0.405168 0.001289
v 0.001482 0.405168 0.001289
v 0.001482 0.405168 0.001289
v 0.001482 0.405168 0.001289
v 0.001482 0.405168 0.001289
v 0.001482 0.405168 0.001289
v 0.001482 0.405168 0.001289
v 0.001482 0.405168 0.001289
v 0.001482 0.405168 0.001289
v 0.001482 0.405168 0.001289
v 0.001482 0.405168 0.001289
v 0.001482 0.405168 0.001289
v 0.001482 0.405168 0.001289
v 0.001482 0.405168 0.001289
v 0.001482 0.405168 0.001289
v 0.001482 0.405168 0.001289
v 0.001482 0.405168 0.001289
v 0.001482 0.405168 0.001289
v 0.001482 0.405168 0.001289
v 0.001482 0.405168 0.001289
v 0.001482 0.405168 0.001289
v 0.001482 0.405168 0.001289
v 0.001482 0.405168 0.001289
v 0.001482 0.405168 0.001289
v 0.001482 0.405168 0.001289
v 0.001482 0.405168 0.001289
v 0.001482 0.405168 0.001289
v 0.001482 0.405168 0.001289
v 0.001482 0.405168 0.001289
v 0.001482 0.405168 0.001289
v 0.001482 0.405168 0.001289
v 0.001482 0.405168 0.001289
v 0.001482 0.405168 0.001289
v 0.001482 0.405168 0.001289
v 0.001482 0.405168 0.001289
v 0.001482 0.405168 0.001289
v 0.001482 0.405168 0.001289
v 0.001482 0.405168 0.001289
v 0.001482 0.405168 0.001289
v 0.001482 0.405168 0.001289
v 0.001482 0.405168 0.001289
v 0.001482 0.405168 0.001289
v 0.001482 0.405168 0.001289
v 0.001482 0.405168 0.001289
v 0.001482 0.405168 0.001289
v 0.001482 0.405168 0.001289
v 0.001482 0.405168 0.001289
v 0.001482 0.405168 0.001289
v 0.001482 0.405168 0.001289
v 0.001482 0.405168 0.001289
v 0.001482 0.405168 0.001289
v 0.001482 0.405168 0.001289
v 0.001482 0.405168 0.001289
v 0.001482 0.405168 0.001289
v 0.001482 0.405168 0.001289
v 0.001482 0.405168 0.001289
v 0.001482 0.405168 0.001289
v 0.001482 0.405168 0.001289
v 0.001482 0.405168 0.001289
v 0.001482 0.405168 0.001289
v 0.001482 0.405168 0.001289
v 0.001482 0.405168 0.001289
v 0.001482 0.405168 0.001289
v 0.001482 0.405168 0.001289
v 0.001482 0.405168 0.001289
v 0.001482 0.405168 0.001289
v 0.001482 0.405168 0.001289
v 0.001482 0.405168 0.001289
v 0.001482 0.405168 0.001289
v 0.001482 0.405168 0.001289
v 0.001482 0.405168 0.001289
v 0.001482 0.405168 0.001289
v 0.001482 0.405168 0.001289
v 0.001482 0.405168 0.001289
v 0.001482 0.405168 0.001289
v 0.001482 0.405168 0.001289
v 0.001482 0.405168 0.001289
v 0.001482 0.405168 0.001289
v 0.001482 0.405168 0.001289
v 0.001482 0.405168 0.001289
v 0.023603 0.404815 0.001289
v 0.023603 0.404815 0.001289
v 0.001482 0.405168 0.001289
v 0.023603 0.404815 0.001289
v 0.042134 0.403785 0.001289
v 0.042134 0.403785 0.001289
v 0.042134 0.403785 0.001289
v 0.057325 0.402122 0.001289
v 0.057325 0.402122 0.001289
v 0.057325 0.402122 0.001289
v 0.069424 0.399868 0.001289
v 0.069424 0.399868 0.001289
v 0.069424 0.399868 0.001289
v 0.078682 0.397068 0.001289
v 0.078682 0.397068 0.001289
v 0.078682 0.397068 0.001289
v 0.085347 0.393763 0.001289
v 0.085347 0.393763 0.001289
v 0.085347 0.393763 0.001289
v 0.089670 0.389997 0.001289
v 0.089670 0.389997 0.001289
v 0.089670 0.389997 0.001289
v 0.091901 0.385814 0.001289
v 0.091901 0.385814 0.001289
v 0.091901 0.385814 0.001289
v 0.092288 0.381256 0.001289
v 0.092288 0.381256 0.001289
v 0.092288 0.381256 0.001289
v 0.091082 0.376368 0.001289
v 0.091082 0.376368 0.001289
v 0.091082 0.376368 0.001289
v 0.088531 0.371191 0.001289
v 0.088531 0.371191 0.001289
v 0.088531 0.371191 0.001289
v 0.084886 0.365769 0.001289
v 0.084886 0.365769 0.001289
v 0.084886 0.365769 0.001289
v 0.080397 0.360146 0.001289
v 0.080397 0.360146 0.001289
v 0.080397 0.360146 0.001289
v 0.075312 0.354364 0.001289
v 0.075312 0.354364 0.001289
v 0.075312 0.354364 0.001289
v 0.069882 0.348468 0.001289
v 0.069882 0.348468 0.001289
v 0.069882 0.348468 0.001289
v 0.064355 0.342499 0.001289
v 0.064355 0.342499 0.001289
v 0.064355 0.342499 0.001289
v 0.058982 0.336501 0.001289
v 0.058982 0.336501 0.001289
v 0.058982 0.336501 0.001289
v 0.054013 0.330518 0.001289
v 0.054013 0.330518 0.001289
v 0.054013 0.330518 0.001289
v 0.049696 0.324592 0.001289
v 0.049696 0.324592 0.001289
v 0.049696 0.324592 0.001289
v 0.046282 0.318768 0.001289
v 0.046282 0.318768 0.001289
v 0.046282 0.318768 0.001289
v 0.044019 0.313087 0.001289
v 0.044019 0.313087 0.001289
v 0.044019 0.313087 0.001289
v 0.043158 0.307593 0.001289
v 0.043158 0.307593 0.001289
v 0.043158 0.307593 0.001289
v 0.043949 0.302330 0.001289
v 0.043949 0.302330 0.001289
v 0.043949 0.302330 0.001289
v 0.046640 0.297340 0.001289
v 0.046640 0.297340 0.001289
v 0.046640 0.297340 0.001289
v 0.051482 0.292668 0.001289
v 0.051482 0.292668 0.001289
v 0.051377 0.292668 0.004619
v 0.051482 0.292668 0.001289
v 0.051377 0.292668 0.004619
v 0.051067 0.292668 0.007886
v 0.051377 0.292668 0.004619
v 0.051067 0.292668 0.007886
v 0.050559 0.292668 0.011082
v 0.051067 0.292668 0.007886
v 0.050559 0.292668 0.011082
v 0.049858 0.292668 0.014203
v 0.050559 0.292668 0.011082
v 0.049858 0.292668 0.014203
v 0.048970 0.292668 0.017241
v 0.049858 0.292668 0.014203
v 0.048970 0.292668 0.017241
v 0.047901 0.292668 0.020191
v 0.048970 0.292668 0.017241
v 0.047901 0.292668 0.020191
v 0.046658 0.292668 0.023047
v 0.047901 0.292668 0.020191
v 0.046658 0.292668 0.023047
v 0.045248 0.292668 0.025802
v 0.046658 0.292668 0.023047
v 0.045248 0.292668 0.025802
v 0.043675 0.292668 0.028450
v 0.045248 0.292668 0.025802
v 0.043675 0.292668 0.028450
v 0.041946 0.292668 0.030985
v 0.043675 0.292668 0.028450
v 0.041946 0.292668 0.030985
v 0.040067 0.292668 0.033401
v 0.041946 0.292668 0.030985
v 0.040067 0.292668 0.033401
v 0.038045 0.292668 0.035692
v 0.040067 0.292668 0.033401
v 0.038045 0.292668 0.035692
v 0.035885 0.292668 0.037852
v 0.038045 0.292668 0.035692
v 0.035885 0.292668 0.037852
v 0.033594 0.292668 0.039874
v 0.035885 0.292668 0.037852
v 0.033594 0.292668 0.039874
v 0.031178 0.292668 0.041753
v 0.033594 0.292668 0.039874
v 0.031178 0.292668 0.041753
v 0.028642 0.292668 0.043482
v 0.031178 0.292668 0.041753
v 0.028642 0.292668 0.043482
v 0.025994 0.292668 0.045055
v 0.028642 0.292668 0.043482
v 0.025994 0.292668 0.045055
v 0.023239 0.292668 0.046466
v 0.025994 0.292668 0.045055
v 0.023239 0.292668 0.046466
v 0.020384 0.292668 0.047709
v 0.023239 0.292668 0.046466
v 0.020384 0.292668 0.047709
v 0.017434 0.292668 0.048777
v 0.020384 0.292668 0.047709
v 0.017434 0.292668 0.048777
v 0.014395 0.292668 0.049665
v 0.017434 0.292668 0.048777
v 0.014395 0.292668 0.049665
v 0.011275 0.292668 0.050366
v 0.014395 0.292668 0.049665
v 0.011275 0.292668 0.050366
v 0.008078 0.292668 0.050875
v 0.011275 0.292668 0.050366
v 0.008078 0.292668 0.050875
v 0.004812 0.292668 0.051184
v 0.008078 0.292668 0.050875
v 0.004812 0.292668 0.051184
v 0.001482 0.292668 0.051289
v 0.004812 0.292668 0.051184
v 0.001482 0.292668 0.051289
v -0.001849 0.292668 0.051184
v 0.001482 0.292668 0.051289
v -0.001849 0.292668 0.051184
v -0.005115 0.292668 0.050875
v -0.001849 0.292668 0.051184
v -0.005115 0.292668 0.050875
v -0.008311 0.292668 0.050366
v -0.005115 0.292668 0.050875
v -0.008311 0.292668 0.050366
v -0.011432 0.292668 0.049665
v -0.008311 0.292668 0.050366
v -0.011432 0.292668 0.049665
v -0.014470 0.292668 0.048777
v -0.011432 0.292668 0.049665
v -0.014470 0.292668 0.048777
v -0.017420 0.292668 0.047709
v -0.014470 0.292668 0.048777
v -0.017420 0.292668 0.047709
v -0.020276 0.292668 0.046466
v -0.017420 0.292668 0.047709
v -0.020276 0.292668 0.046466
v -0.023031 0.292668 0.045055
v -0.020276 0.292668 0.046466
v -0.023031 0.292668 0.045055
v -0.025679 0.292668 0.043482
v -0.023031 0.292668 0.045055
v -0.025679 0.292668 0.043482
v -0.028214 0.292668 0.041753
v -0.025679 0.292668 0.043482
v -0.028214 0.292668 0.041753
v -0.030631 0.292668 0.039874
v -0.028214 0.292668 0.041753
v -0.030631 0.292668 0.039874
v -0.032922 0.292668 0.037852
v -0.030631 0.292668 0.039874
v -0.032922 0.292668 0.037852
v -0.035081 0.292668 0.035692
v -0.032922 0.292668 0.037852
v -0.035081 0.292668 0.035692
v -0.037104 0.292668 0.033401
v -0.035081 0.292668 0.035692
v -0.037104 0.292668 0.033401
v -0.038982 0.292668 0.030985
v -0.037104 0.292668 0.033401
v -0.038982 0.292668 0.030985
v -0.040711 0.292668 0.028450
v -0.038982 0.292668 0.030985
v -0.040711 0.292668 0.028450
v -0.042284 0.292668 0.025802
v -0.040711 0.292668 0.028450
v -0.042284 0.292668 0.025802
v -0.043695 0.292668 0.023047
v -0.042284 0.292668 0.025802
v -0.043695 0.292668 0.023047
v -0.044938 0.292668 0.020191
v -0.043695 0.292668 0.023047
v -0.044938 0.292668 0.020191
v -0.046006 0.292668 0.017241
v -0.044938 0.292668 0.020191
v -0.046006 0.292668 0.017241
v -0.046894 0.292668 0.014203
v -0.046006 0.292668 0.017241
v -0.046894 0.292668 0.014203
v -0.047596 0.292668 0.011082
v -0.046894 0.292668 0.014203
v -0.047596 0.292668 0.011082
v -0.048104 0.292668 0.007886
v -0.047596 0.292668 0.011082
v -0.048104 0.292668 0.007886
v -0.048414 0.292668 0.004619
v -0.048104 0.292668 0.007886
v -0.048414 0.292668 0.004619
v -0.048518 0.292668 0.001289
v -0.048414 0.292668 0.004619
v -0.048518 0.292668 0.001289
v -0.048414 0.292668 -0.002041
v -0.055333 0.288343 0.001289
v -0.048518 0.292668 0.001289
v -0.055333 0.288343 0.001289
v -0.063674 0.284349 0.001289
v -0.055333 0.288343 0.001289
v -0.063674 0.284349 0.001289
v -0.073387 0.280658 0.001289
v -0.063674 0.284349 0.001289
v -0.073387 0.280658 0.001289
v -0.084320 0.277240 0.001289
v -0.073387 0.280658 0.001289
v -0.084320 0.277240 0.001289
v -0.096318 0.274068 0.001289
v -0.084320 0.277240 0.001289
v -0.096318 0.274068 0.001289
v -0.109229 0.271111 0.001289
v -0.096318 0.274068 0.001289
v -0.109229 0.271111 0.001289
v -0.122898 0.268341 0.001289
v -0.109229 0.271111 0.001289
v -0.122898 0.268341 0.001289
v -0.137171 0.265730 0.001289
v -0.122898 0.268341 0.001289
v -0.137171 0.265730 0.001289
v -0.151896 0.263248 0.001289
v -0.137171 0.265730 0.001289
v -0.151896 0.263248 0.001289
v -0.166918 0.260868 0.001289
v -0.151896 0.263248 0.001289
v -0.166918 0.260868 0.001289
v -0.182085 0.258559 0.001289
v -0.166918 0.260868 0.001289
v -0.182085 0.258559 0.001289
v -0.197242 0.256293 0.001289
v -0.182085 0.258559 0.001289
v -0.197242 0.256293 0.001289
v -0.212235 0.254042 0.001289
v -0.197242 0.256293 0.001289
v -0.212235 0.254042 0.001289
v -0.226912 0.251776 0.001289
v -0.212235 0.254042 0.001289
v -0.226912 0.251776 0.001289
v -0.241118 0.249468 0.001289
v -0.226912 0.251776 0.001289
v -0.241118 0.249468 0.001289
v -0.254701 0.247087 0.001289
v -0.241118 0.249468 0.001289
v -0.254701 0.247087 0.001289
v -0.267506 0.244605 0.001289
v -0.254701 0.247087 0.001289
v -0.267506 0.244605 0.001289
v -0.279379 0.241994 0.001289
v -0.267506 0.244605 0.001289
v -0.279379 0.241994 0.001289
v -0.290168 0.239224 0.001289
v -0.279379 0.241994 0.001289
v -0.290168 0.239224 0.001289
v -0.299718 0.236268 0.001289
v -0.290168 0.239224 0.001289
v -0.299718 0.236268 0.001289
v -0.307877 0.233095 0.001289
v -0.299718 0.236268 0.001289
v -0.307877 0.233095 0.001289
v -0.314490 0.229677 0.001289
v -0.307877 0.233095 0.001289
v -0.314490 0.229677 0.001289
v -0.319403 0.225986 0.001289
v -0.314490 0.229677 0.001289
v -0.319403 0.225986 0.001289
v -0.322464 0.221992 0.001289
v -0.319403 0.225986 0.001289
v -0.322464 0.221992 0.001289
v -0.323518 0.217668 0.001289
v -0.322464 0.221992 0.001289
v -0.048414 0.292668 -0.002041
v -0.048104 0.292668 -0.005308
v -0.048414 0.292668 -0.002041
v -0.048104 0.292668 -0.005308
v -0.047596 0.292668 -0.008504
v -0.048104 0.292668 -0.005308
v -0.047596 0.292668 -0.008504
v -0.046894 0.292668 -0.011625
v -0.047596 0.292668 -0.008504
v -0.046894 0.292668 -0.011625
v -0.046006 0.292668 -0.014663
v -0.046894 0.292668 -0.011625
v -0.046006 0.292668 -0.014663
v -0.044938 0.292668 -0.017613
v -0.046006 0.292668 -0.014663
v -0.044938 0.292668 -0.017613
v -0.043695 0.292668 -0.020469
v -0.044938 0.292668 -0.017613
v -0.043695 0.292668 -0.020469
v -0.042284 0.292668 -0.023223
v -0.043695 0.292668 -0.020469
v -0.042284 0.292668 -0.023223
v -0.040711 0.292668 -0.025872
v -0.042284 0.292668 -0.023223
v -0.040711 0.292668 -0.025872
v -0.038982 0.292668 -0.028407
v -0.040711 0.292668 -0.025872
v -0.038982 0.292668 -0.028407
v -0.037104 0.292668 -0.030823
v -0.038982 0.292668 -0.028407
v -0.037104 0.292668 -0.030823
v -0.035081 0.292668 -0.033114
v -0.037104 0.292668 -0.030823
v -0.035081 0.292668 -0.033114
v -0.032922 0.292668 -0.035274
v -0.035081 0.292668 -0.033114
v -0.032922 0.292668 -0.035274
v -0.030631 0.292668 -0.037296
v -0.032922 0.292668 -0.035274
v -0.030631 0.292668 -0.037296
v -0.028214 0.292668 -0.039175
v -0.030631 0.292668 -0.037296
v -0.028214 0.292668 -0.039175
v -0.025679 0.292668 -0.040904
v -0.028214 0.292668 -0.039175
v -0.025679 0.292668 -0.040904
v -0.023031 0.292668 -0.042477
v -0.025679 0.292668 -0.040904
v -0.023031 0.292668 -0.042477
v -0.020276 0.292668 -0.043888
v -0.023031 0.292668 -0.042477
v -0.020276 0.292668 -0.043888
v -0.017420 0.292668 -0.045131
v -0.020276 0.292668 -0.043888
v -0.017420 0.292668 -0.045131
v -0.014470 0.292668 -0.046199
v -0.017420 0.292668 -0.045131
v -0.014470 0.292668 -0.046199
v -0.011432 0.292668 -0.047087
v -0.014470 0.292668 -0.046199
v -0.011432 0.292668 -0.047087
v -0.008311 0.292668 -0.047788
v -0.011432 0.292668 -0.047087
v -0.008311 0.292668 -0.047788
v -0.005115 0.292668 -0.048297
v -0.008311 0.292668 -0.047788
v -0.005115 0.292668 -0.048297
v -0.001849 0.292668 -0.048606
v -0.005115 0.292668 -0.048297
v -0.001849 0.292668 -0.048606
v 0.001482 0.292668 -0.048711
v -0.001849 0.292668 -0.048606
v 0.001482 0.292668 -0.048711
v 0.004812 0.292668 -0.048606
v 0.001482 0.292668 -0.048711
v 0.004812 0.292668 -0.048606
v 0.008078 0.292668 -0.048297
v 0.004812 0.292668 -0.048606
v 0.008078 0.292668 -0.048297
v 0.011275 0.292668 -0.047788
v 0.008078 0.292668 -0.048297
v 0.011275 0.292668 -0.047788
v 0.014395 0.292668 -0.047087
v 0.011275 0.292668 -0.047788
v 0.014395 0.292668 -0.047087
v 0.017434 0.292668 -0.046199
v 0.014395 0.292668 -0.047087
v 0.017434 0.292668 -0.046199
v 0.020384 0.292668 -0.045131
v 0.017434 0.292668 -0.046199
v 0.020384 0.292668 -0.045131
v 0.023239 0.292668 -0.043888
v 0.020384 0.292668 -0.045131
v 0.023239 0.292668 -0.043888
v 0.025994 0.292668 -0.042477
v 0.023239 0.292668 -0.043888
v 0.025994 0.292668 -0.042477
v 0.028642 0.292668 -0.040904
v 0.025994 0.292668 -0.042477
v 0.028642 0.292668 -0.040904
v 0.031178 0.292668 -0.039175
v 0.028642 0.292668 -0.040904
v 0.031178 0.292668 -0.039175
v 0.033594 0.292668 -0.037296
v 0.031178 0.292668 -0.039175
v 0.033594 0.292668 -0.037296
v 0.035885 0.292668 -0.035274
v 0.033594 0.292668 -0.037296
v 0.035885 0.292668 -0.035274
v 0.038045 0.292668 -0.033114
v 0.035885 0.292668 -0.035274
v 0.038045 0.292668 -0.033114
v 0.040067 0.292668 -0.030823
v 0.038045 0.292668 -0.033114
v 0.040067 0.292668 -0.030823
v 0.041946 0.292668 -0.028407
v 0.040067 0.292668 -0.030823
v 0.041946 0.292668 -0.028407
v 0.043675 0.292668 -0.025872
v 0.041946 0.292668 -0.028407
v 0.043675 0.292668 -0.025872
v 0.045248 0.292668 -0.023223
v 0.043675 0.292668 -0.025872
v 0.045248 0.292668 -0.023223
v 0.046658 0.292668 -0.020469
v 0.045248 0.292668 -0.023223
v 0.046658 0.292668 -0.020469
v 0.047901 0.292668 -0.017613
v 0.046658 0.292668 -0.020469
v 0.047901 0.292668 -0.017613
v 0.048970 0.292668 -0.014663
v 0.047901 0.292668 -0.017613
v 0.048970 0.292668 -0.014663
v 0.049858 0.292668 -0.011625
v 0.048970 0.292668 -0.014663
v 0.049858 0.292668 -0.011625
v 0.050559 0.292668 -0.008504
v 0.049858 0.292668 -0.011625
v 0.050559 0.292668 -0.008504
v 0.051067 0.292668 -0.005308
v 0.050559 0.292668 -0.008504
v 0.051067 0.292668 -0.005308
v 0.051377 0.292668 -0.002041
v 0.051067 0.292668 -0.005308
v 0.051377 0.292668 -0.002041
v 0.051482 0.292668 0.001289
v 0.058296 0.288343 0.001289
v 0.058296 0.288343 0.001289
v 0.051377 0.292668 -0.002041
v 0.058296 0.288343 0.001289
v 0.066637 0.284349 0.001289
v 0.066637 0.284349 0.001289
v 0.066637 0.284349 0.001289
v 0.076350 0.280658 0.001289
v 0.076350 0.280658 0.001289
v 0.076350 0.280658 0.001289
v 0.087283 0.277240 0.001289
v 0.087283 0.277240 0.001289
v 0.087283 0.277240 0.001289
v 0.099282 0.274068 0.001289
v 0.099282 0.274068 0.001289
v 0.099282 0.274068 0.001289
v 0.112192 0.271111 0.001289
v 0.112192 0.271111 0.001289
v 0.112192 0.271111 0.001289
v 0.125861 0.268341 0.001289
v 0.125861 0.268341 0.001289
v 0.125861 0.268341 0.001289
v 0.140134 0.265730 0.001289
v 0.140134 0.265730 0.001289
v 0.140134 0.265730 0.001289
v 0.154859 0.263248 0.001289
v 0.154859 0.263248 0.001289
v 0.154859 0.263248 0.001289
v 0.169882 0.260868 0.001289
v 0.169882 0.260868 0.001289
v 0.169882 0.260868 0.001289
v 0.185048 0.258559 0.001289
v 0.185048 0.258559 0.001289
v 0.185048 0.258559 0.001289
v 0.200205 0.256293 0.001289
v 0.200205 0.256293 0.001289
v 0.200205 0.256293 0.001289
v 0.215198 0.254042 0.001289
v 0.215198 0.254042 0.001289
v 0.215198 0.254042 0.001289
v 0.229875 0.251776 0.001289
v 0.229875 0.251776 0.001289
v 0.229875 0.251776 0.001289
v 0.244082 0.249468 0.001289
v 0.244082 0.249468 0.001289
v 0.244082 0.249468 0.001289
v 0.257664 0.247087 0.001289
v 0.257664 0.247087 0.001289
v 0.257664 0.247087 0.001289
v 0.270469 0.244605 0.001289
v 0.270469 0.244605 0.001289
v 0.270469 0.244605 0.001289
v 0.282342 0.241994 0.001289
v 0.282342 0.241994 0.001289
v 0.282342 0.241994 0.001289
v 0.293131 0.239224 0.001289
v 0.293131 0.239224 0.001289
v 0.293131 0.239224 0.001289
v 0.302682 0.236268 0.001289
v 0.302682 0.236268 0.001289
v 0.302682 0.236268 0.001289
v 0.310840 0.233095 0.001289
v 0.310840 0.233095 0.001289
v 0.310840 0.233095 0.001289
v 0.317453 0.229677 0.001289
v 0.317453 0.229677 0.001289
v 0.317453 0.229677 0.001289
v 0.322366 0.225986 0.001289
v 0.322366 0.225986 0.001289
v 0.322366 0.225986 0.001289
v 0.325427 0.221992 0.001289
v 0.325427 0.221992 0.001289
v 0.325427 0.221992 0.001289
v 0.326482 0.217668 0.001289
v 0.326482 0.217668 0.001289
vn -0.9264 -0.3752 -0.0306
vn -0.9223 -0.3814 -0.0621
vn -0.9681 -0.2413 -0.0681
vn -0.9727 -0.2297 -0.0325
vn -0.9737 0.2211 -0.0545
vn -0.9299 0.3651 -0.0450
vn -0.8918 0.4430 -0.0921
vn -0.2501 0.9681 -0.0165
vn 0.6925 0.7189 0.0601
vn 0.8044 0.5940 0.0146
vn 0.4466 0.8946 0.0166
vn 0.8609 0.5056 0.0573
vn -0.9134 -0.3944 -0.1004
vn -0.9519 -0.2647 -0.1546
vn -0.9870 0.0085 -0.1603
vn -0.9003 0.4046 -0.1607
vn 0.0822 0.9964 0.0194
vn 0.4129 0.9088 0.0600
vn 0.7065 0.6986 0.1133
vn 0.8466 0.5138 0.1390
vn -0.9006 -0.3913 -0.1892
vn -0.8869 -0.3786 -0.2647
vn -0.9239 -0.2691 -0.2719
vn -0.9598 0.0106 -0.2806
vn -0.8558 0.4521 -0.2514
vn -0.5603 0.8095 -0.1753
vn 0.3974 0.9094 0.1225
vn 0.6881 0.6972 0.2010
vn 0.8232 0.5143 0.2404
vn -0.8484 -0.3789 -0.3697
vn -0.8835 -0.2678 -0.3842
vn -0.9168 0.0106 -0.3991
vn -0.8172 0.4525 -0.3570
vn -0.5563 0.8005 -0.2229
vn 0.0680 0.9971 0.0352
vn 0.3846 0.9085 0.1634
vn 0.6571 0.6975 0.2858
vn 0.7863 0.5146 0.3420
vn -0.7953 -0.3792 -0.4730
vn -0.8284 -0.2680 -0.4919
vn -0.8596 0.0106 -0.5108
vn -0.7660 0.4526 -0.4565
vn -0.4934 0.8143 -0.3057
vn 0.3545 0.9094 0.2177
vn 0.6159 0.6978 0.3657
vn 0.7371 0.5148 0.4377
vn -0.7302 -0.3793 -0.5683
vn -0.7606 -0.2681 -0.5913
vn -0.7892 0.0106 -0.6140
vn -0.7031 0.4528 -0.5483
vn -0.4796 0.8041 -0.3514
vn 0.0559 0.9972 0.0497
vn 0.3320 0.9085 0.2538
vn 0.5654 0.6979 0.4396
vn 0.6767 0.5150 0.5261
vn -0.6538 -0.3794 -0.6546
vn -0.6812 -0.2682 -0.6812
vn -0.7068 0.0106 -0.7073
vn -0.6294 0.4529 -0.6315
vn -0.4010 0.8159 -0.4166
vn 0.2897 0.9093 0.2986
vn 0.5063 0.6980 0.5064
vn 0.6061 0.5151 0.6061
vn -0.5674 -0.3793 -0.7308
vn -0.5912 -0.2681 -0.7606
vn -0.6134 0.0106 -0.7897
vn -0.5460 0.4528 -0.7049
vn -0.3788 0.8033 -0.4596
vn 0.0423 0.9972 0.0623
vn 0.2590 0.9085 0.3279
vn 0.4395 0.6979 0.5655
vn 0.5260 0.5150 0.6768
vn -0.4720 -0.3792 -0.7959
vn -0.4918 -0.2680 -0.8285
vn -0.5101 0.0106 -0.8600
vn -0.4539 0.4527 -0.7675
vn -0.2868 0.8142 -0.5048
vn 0.2070 0.9093 0.3611
vn 0.3656 0.6978 0.6160
vn 0.4376 0.5148 0.7372
vn -0.3687 -0.3790 -0.8488
vn -0.3842 -0.2678 -0.8836
vn -0.3983 0.0107 -0.9172
vn -0.3542 0.4524 -0.8184
vn -0.2561 0.7988 -0.5444
vn 0.0263 0.9969 0.0736
vn 0.1696 0.9085 0.3819
vn 0.2857 0.6975 0.6571
vn 0.3419 0.5146 0.7863
vn -0.2594 -0.3816 -0.8872
vn -0.2700 -0.2676 -0.9249
vn -0.2797 0.0107 -0.9600
vn -0.2484 0.4521 -0.8567
vn -0.1535 0.8095 -0.5667
vn 0.1105 0.9093 0.4013
vn 0.2009 0.6972 0.6882
vn 0.2404 0.5143 0.8233
vn -0.1945 -0.4020 -0.8947
vn -0.1521 -0.2661 -0.9519
vn -0.1565 0.0106 -0.9876
vn -0.1383 0.4518 -0.8813
vn -0.1143 0.7914 -0.6005
vn 0.0074 0.9966 0.0819
vn 0.0688 0.9085 0.4121
vn 0.1125 0.6969 0.7083
vn 0.1346 0.5139 0.8472
vn -0.1004 -0.3941 -0.9136
vn -0.0731 -0.3942 -0.9161
vn -0.0370 -0.2620 -0.9644
vn -0.0387 0.0056 -0.9992
vn -0.0264 0.4519 -0.8917
vn -0.0068 0.8041 -0.5945
vn 0.0068 0.9095 0.4157
vn 0.0226 0.6967 0.7170
vn 0.0270 0.5137 0.8575
vn 0.0142 -0.3956 -0.9183
vn 0.0383 -0.3988 -0.9162
vn 0.0914 -0.2615 -0.9608
vn 0.0373 0.2637 -0.9639
vn 0.0463 0.7811 -0.6227
vn -0.0134 0.9965 0.0824
vn -0.0362 0.9085 0.4164
vn -0.0675 0.6963 0.7145
vn -0.0809 0.5137 0.8541
vn 0.1237 -0.4108 -0.9033
vn 0.1570 0.0108 -0.9875
vn 0.1394 0.3569 -0.9237
vn 0.1471 -0.4197 -0.8957
vn 0.1980 -0.3291 -0.9233
vn 0.1461 0.8041 -0.5762
vn -0.0984 0.9078 0.4078
vn -0.1570 0.6953 0.7013
vn -0.1879 0.5137 0.8372
vn 0.2314 -0.4415 -0.8669
vn 0.2803 -0.0392 -0.9591
vn 0.2554 0.3287 -0.9093
vn 0.2554 -0.4508 -0.8553
vn 0.3076 -0.3531 -0.8836
vn 0.0226 0.9980 -0.0582
vn -0.1404 0.9052 0.4011
vn -0.2396 0.6954 0.6775
vn -0.2853 0.5134 0.8093
vn 0.3344 -0.4753 -0.8138
vn 0.3959 0.0745 -0.9152
vn 0.2904 0.6786 -0.6746
vn 0.3591 -0.4818 -0.7994
vn 0.4194 -0.3721 -0.8280
vn -0.0097 0.9997 0.0219
vn -0.2259 0.8690 0.4402
vn -0.3227 0.6500 0.6880
vn -0.3719 0.4834 0.7925
vn 0.4306 -0.5035 -0.7491
vn 0.5165 0.1397 -0.8448
vn 0.3282 0.7576 -0.5642
vn -0.3895 0.6518 0.6507
vn -0.4195 0.4856 0.7669
vn 0.4563 -0.5049 -0.7327
vn 0.5155 -0.4075 -0.7538
vn 0.5373 -0.2259 -0.8126
vn -0.2796 0.8714 0.4031
vn -0.4745 0.4888 0.7321
vn 0.5199 -0.5209 -0.6770
vn 0.5615 0.4362 -0.7031
vn 0.4180 0.7308 -0.5397
vn -0.4686 0.6453 0.6034
vn -0.5092 0.4887 0.7085
vn 0.5468 -0.5163 -0.6591
vn 0.6144 -0.4020 -0.6789
vn 0.6381 -0.1616 -0.7528
vn -0.1097 0.9874 0.1140
vn -0.3446 0.8442 0.4106
vn -0.5619 0.4888 0.6674
vn 0.6032 -0.5256 -0.5999
vn 0.6823 0.0823 -0.7264
vn 0.4058 0.8309 -0.3808
vn -0.4053 0.8252 0.3935
vn -0.5434 0.6400 0.5433
vn -0.5933 0.4887 0.6397
vn 0.6310 -0.5148 -0.5804
vn 0.6942 -0.4181 -0.5860
vn 0.7464 -0.1788 -0.6410
vn 0.7375 0.1929 -0.6472
vn -0.6404 0.4888 0.5925
vn 0.6807 -0.5175 -0.5185
vn 0.7306 0.3189 -0.6038
vn -0.1026 0.9930 0.0582
vn -0.3644 0.8804 0.3035
vn -0.6010 0.6488 0.4668
vn -0.6681 0.4887 0.5610
vn 0.7086 -0.5010 -0.4969
vn 0.7715 -0.3985 -0.4960
vn 0.8260 -0.1530 -0.5426
vn 0.8098 0.2198 -0.5441
vn -0.4316 0.8519 0.2968
vn -0.7091 0.4887 0.5083
vn 0.7517 -0.4982 -0.4321
vn 0.4326 0.8687 -0.2411
vn -0.6524 0.6522 0.3861
vn -0.7327 0.4888 0.4735
vn 0.7781 -0.4774 -0.4081
vn 0.8396 -0.3676 -0.3999
vn 0.8926 -0.1138 -0.4362
vn 0.8564 0.2830 -0.4318
vn -0.4368 0.8724 0.2193
vn -0.7670 0.4887 0.4159
vn 0.8141 -0.4708 -0.3401
vn 0.4358 0.8794 -0.1914
vn -0.6944 0.6532 0.3021
vn -0.7861 0.4888 0.3783
vn 0.8371 -0.4480 -0.3140
vn 0.8954 -0.3312 -0.2976
vn 0.9439 -0.0683 -0.3231
vn 0.8911 0.3303 -0.3111
vn -0.0912 0.9952 0.0344
vn -0.4772 0.8623 0.1692
vn -0.8133 0.4884 0.3162
vn 0.8659 -0.4378 -0.2420
vn 0.5146 0.8460 -0.1392
vn -0.7240 0.6484 0.2353
vn -0.8322 0.4842 0.2700
vn 0.8973 -0.4044 -0.1769
vn 0.9353 -0.2988 -0.1898
vn 0.9777 -0.0256 -0.2083
vn 0.9159 0.3473 -0.2011
vn -0.1148 0.9931 0.0226
vn -0.4134 0.9059 0.0917
vn -0.7012 0.6966 0.1516
vn -0.8389 0.5134 0.1809
vn 0.4230 0.9036 -0.0682
vn 0.9193 -0.3850 -0.0810
vn 0.9613 -0.2604 -0.0903
vn 0.9959 0.0617 -0.0661
vn 0.8769 0.4721 -0.0899
vn -0.4592 0.8877 0.0342
vn -0.7113 0.6992 0.0727
vn -0.8564 0.5092 0.0850
vn 0.3131 0.9492 -0.0307
vn 0.9234 -0.3825 -0.0331
vn 0.9675 -0.2500 -0.0368
vn 0.9463 0.3192 -0.0505
vn -0.4128 0.9108 0.0097
vn -0.7889 0.6141 0.0231
vn 0.9130 -0.4069 0.0288
vn 0.9116 -0.4070 0.0576
vn 0.9222 -0.3817 0.0615
vn 0.9132 -0.4066 0.0287
vn 0.9347 -0.3541 0.0293
vn 0.9439 -0.3234 0.0669
vn 0.9348 -0.3539 0.0294
vn 0.9560 -0.2917 0.0300
vn 0.9649 -0.2533 0.0688
vn 0.9758 -0.2163 0.0307
vn 0.9833 -0.1688 0.0679
vn 0.9759 -0.2162 0.0307
vn 0.9918 -0.1242 0.0310
vn 0.9954 -0.0669 0.0687
vn 0.9918 -0.1240 0.0311
vn 0.9995 -0.0097 0.0314
vn 0.9956 0.0646 0.0674
vn 0.9995 -0.0095 0.0314
vn 0.9906 0.1334 0.0311
vn 0.9729 0.2215 0.0657
vn 0.9906 0.1331 0.0311
vn 0.9511 0.3074 0.0299
vn 0.9085 0.4130 0.0640
vn 0.8603 0.5091 0.0270
vn 0.7828 0.6200 0.0538
vn 0.8602 0.5093 0.0270
vn 0.7006 0.7132 0.0220
vn 0.5907 0.8059 0.0403
vn 0.4767 0.8789 0.0150
vn 0.3306 0.9437 0.0064
vn 0.4769 0.8788 0.0150
vn 0.2289 0.9734 0.0072
vn 0.1843 0.9436 -0.2750
vn 0.2288 0.9734 0.0072
vn 0.0553 0.9985 0.0017
vn -0.0727 0.9972 -0.0196
vn -0.0000 1.0000 0.0035
vn -0.2382 0.9712 -0.0039
vn -0.2890 0.9571 -0.0187
vn -0.1886 0.9820 -0.0059
vn -0.3369 0.9415 -0.0106
vn -0.3963 0.9178 -0.0255
vn -0.3370 0.9414 -0.0106
vn -0.4524 0.8917 -0.0142
vn -0.4998 0.8655 -0.0334
vn -0.4523 0.8917 -0.0142
vn -0.5436 0.8392 -0.0171
vn -0.5815 0.8124 -0.0421
vn -0.5434 0.8393 -0.0171
vn -0.6168 0.7869 -0.0194
vn -0.6457 0.7622 -0.0460
vn -0.6169 0.7868 -0.0194
vn -0.6773 0.7354 -0.0214
vn -0.7018 0.7108 -0.0468
vn -0.6770 0.7357 -0.0213
vn -0.7275 0.6857 -0.0229
vn -0.7488 0.6608 -0.0505
vn -0.7276 0.6857 -0.0228
vn -0.7702 0.6374 -0.0242
vn -0.7886 0.6124 -0.0560
vn -0.7702 0.6373 -0.0242
vn -0.8072 0.5897 -0.0253
vn -0.8216 0.5671 -0.0579
vn -0.8071 0.5899 -0.0253
vn -0.8391 0.5433 -0.0264
vn -0.8522 0.5201 -0.0575
vn -0.8392 0.5432 -0.0263
vn -0.8671 0.4973 -0.0272
vn -0.8786 0.4737 -0.0601
vn -0.8671 0.4975 -0.0273
vn -0.8915 0.4521 -0.0280
vn -0.8956 0.4402 -0.0634
vn -0.8916 0.4519 -0.0280
vn 0.9134 -0.3945 0.1003
vn 0.9518 -0.2655 0.1533
vn 0.9869 0.0110 0.1607
vn 0.8808 0.4510 0.1444
vn 0.8512 0.5008 0.1569
vn -0.3919 0.9172 -0.0714
vn -0.7072 0.6968 -0.1195
vn -0.8464 0.5134 -0.1414
vn 0.9006 -0.3914 0.1892
vn 0.8869 -0.3786 0.2647
vn 0.9239 -0.2690 0.2720
vn 0.9598 0.0106 0.2806
vn 0.8558 0.4521 0.2514
vn 0.5842 0.7973 0.1520
vn -0.0735 0.9969 -0.0267
vn -0.3985 0.9103 -0.1117
vn -0.6882 0.6972 -0.2010
vn -0.8233 0.5142 -0.2404
vn 0.8484 -0.3790 0.3696
vn 0.8835 -0.2678 0.3842
vn 0.9168 0.0106 0.3991
vn 0.8172 0.4525 0.3570
vn 0.5303 0.8123 0.2429
vn -0.3789 0.9094 -0.1715
vn -0.6571 0.6975 -0.2858
vn -0.7863 0.5146 -0.3420
vn 0.7954 -0.3793 0.4728
vn 0.8284 -0.2680 0.4919
vn 0.8596 0.0106 0.5108
vn 0.7660 0.4526 0.4565
vn 0.5213 0.8028 0.2895
vn -0.0621 0.9972 -0.0426
vn -0.3611 0.9085 -0.2103
vn -0.6159 0.6978 -0.3657
vn -0.7371 0.5149 -0.4377
vn 0.7301 -0.3794 0.5683
vn 0.7606 -0.2681 0.5913
vn 0.7892 0.0106 0.6140
vn 0.7030 0.4528 0.5483
vn 0.4502 0.8154 0.3638
vn -0.3246 0.9094 -0.2602
vn -0.5654 0.6979 -0.4395
vn -0.6767 0.5150 -0.5261
vn 0.6538 -0.3794 0.6546
vn 0.6812 -0.2681 0.6812
vn 0.7068 0.0105 0.7073
vn 0.6294 0.4528 0.6315
vn 0.4319 0.8043 0.4080
vn -0.0492 0.9972 -0.0563
vn -0.2978 0.9085 -0.2931
vn -0.5063 0.6980 -0.5064
vn -0.6061 0.5151 -0.6061
vn 0.5674 -0.3794 0.7308
vn 0.5912 -0.2681 0.7607
vn 0.6134 0.0106 0.7897
vn 0.5460 0.4528 0.7048
vn 0.3465 0.8155 0.4636
vn -0.2504 0.9093 -0.3324
vn -0.4395 0.6979 -0.5655
vn -0.5260 0.5150 -0.6768
vn 0.4720 -0.3792 0.7959
vn 0.4918 -0.2680 0.8284
vn 0.5101 0.0106 0.8601
vn 0.4539 0.4527 0.7675
vn 0.3200 0.8016 0.5051
vn -0.0347 0.9971 -0.0682
vn -0.2161 0.9085 -0.3576
vn -0.3656 0.6978 -0.6160
vn -0.4376 0.5149 -0.7372
vn 0.3687 -0.3789 0.8488
vn 0.3842 -0.2678 0.8836
vn 0.3983 0.0106 0.9172
vn 0.3542 0.4523 0.8185
vn 0.2052 0.8555 0.4753
vn -0.1683 0.9029 -0.3955
vn -0.2857 0.6975 -0.6572
vn -0.3419 0.5146 -0.7863
vn 0.2594 -0.3816 0.8872
vn 0.2700 -0.2676 0.9249
vn 0.2798 0.0107 0.9600
vn 0.2483 0.4520 0.8568
vn 0.1340 0.8855 0.4448
vn -0.0405 0.9903 -0.1327
vn -0.1509 0.8478 -0.5083
vn -0.2045 0.6874 -0.6969
vn -0.2404 0.5143 -0.8233
vn 0.1945 -0.4020 0.8947
vn 0.1534 -0.2663 0.9516
vn 0.1589 0.0123 0.9872
vn 0.1596 0.4627 0.8720
vn 0.0108 0.9792 0.2026
vn -0.0633 0.9099 -0.4099
vn -0.1153 0.6966 -0.7081
vn -0.1386 0.5135 -0.8468
vn 0.1068 -0.3841 0.9171
vn 0.0543 -0.3814 0.9228
vn 0.0710 -0.2863 0.9555
vn 0.0330 0.0036 0.9994
vn 0.0849 0.4020 0.9117
vn -0.0007 0.9450 0.3270
vn -0.0101 0.9456 -0.3250
vn -0.0452 0.7049 -0.7078
vn -0.0544 0.5129 -0.8567
vn 0.0156 -0.3951 0.9185
vn -0.0291 -0.2612 0.9649
vn -0.0485 0.5001 0.8646
vn 0.0211 0.9055 -0.4239
vn 0.0245 0.6957 -0.7179
vn 0.0314 0.5136 -0.8574
vn -0.0733 -0.3945 0.9160
vn -0.0882 0.0471 0.9950
vn -0.1004 -0.3944 0.9134
vn -0.1515 -0.2663 0.9519
vn -0.1578 0.0105 0.9874
vn -0.1396 0.4509 0.8816
vn -0.0766 0.7287 0.6805
vn 0.0180 0.9968 -0.0782
vn 0.0622 0.9091 -0.4120
vn 0.1130 0.6966 -0.7085
vn 0.1347 0.5139 -0.8472
vn -0.1892 -0.3914 0.9006
vn -0.2647 -0.3786 0.8869
vn -0.2720 -0.2691 0.9239
vn -0.2806 0.0106 0.9598
vn -0.2514 0.4520 0.8558
vn -0.1756 0.8095 0.5603
vn 0.1225 0.9095 -0.3973
vn 0.2010 0.6972 -0.6882
vn 0.2404 0.5142 -0.8233
vn -0.3697 -0.3790 0.8484
vn -0.3843 -0.2678 0.8835
vn -0.3991 0.0106 0.9168
vn -0.3570 0.4524 0.8172
vn -0.2230 0.8004 0.5564
vn 0.0352 0.9971 -0.0680
vn 0.1634 0.9085 -0.3846
vn 0.2858 0.6975 -0.6571
vn 0.3420 0.5146 -0.7863
vn -0.4729 -0.3792 0.7953
vn -0.4918 -0.2680 0.8284
vn -0.5108 0.0106 0.8596
vn -0.4565 0.4526 0.7660
vn -0.3058 0.8143 0.4934
vn 0.2177 0.9094 -0.3544
vn 0.3657 0.6978 -0.6159
vn 0.4377 0.5148 -0.7371
vn -0.5683 -0.3794 0.7301
vn -0.5913 -0.2681 0.7606
vn -0.6140 0.0106 0.7892
vn -0.5483 0.4528 0.7031
vn -0.3514 0.8040 0.4797
vn 0.0496 0.9972 -0.0559
vn 0.2538 0.9085 -0.3320
vn 0.4396 0.6979 -0.5654
vn 0.5261 0.5150 -0.6767
vn -0.6546 -0.3794 0.6538
vn -0.6812 -0.2682 0.6812
vn -0.7073 0.0106 0.7068
vn -0.6315 0.4529 0.6294
vn -0.4164 0.8159 0.4011
vn 0.2986 0.9093 -0.2897
vn 0.5064 0.6980 -0.5063
vn 0.6061 0.5151 -0.6061
vn -0.7308 -0.3793 0.5674
vn -0.7607 -0.2681 0.5912
vn -0.7898 0.0106 0.6133
vn -0.7049 0.4528 0.5460
vn -0.4594 0.8035 0.3787
vn 0.0625 0.9972 -0.0422
vn 0.3279 0.9085 -0.2590
vn 0.5655 0.6979 -0.4395
vn 0.6768 0.5150 -0.5260
vn -0.7959 -0.3792 0.4720
vn -0.8284 -0.2680 0.4918
vn -0.8601 0.0107 0.5101
vn -0.7675 0.4527 0.4539
vn -0.5048 0.8142 0.2868
vn 0.3611 0.9093 -0.2070
vn 0.6160 0.6978 -0.3656
vn 0.7372 0.5149 -0.4376
vn -0.8488 -0.3789 0.3687
vn -0.8836 -0.2678 0.3842
vn -0.9172 0.0106 0.3984
vn -0.8184 0.4525 0.3542
vn -0.5444 0.7987 0.2561
vn 0.0737 0.9969 -0.0265
vn 0.3819 0.9085 -0.1696
vn 0.6571 0.6975 -0.2857
vn 0.7863 0.5146 -0.3419
vn -0.8872 -0.3816 0.2594
vn -0.9249 -0.2676 0.2700
vn -0.9600 0.0106 0.2798
vn -0.8566 0.4521 0.2484
vn -0.4988 0.8546 0.1442
vn 0.4135 0.9030 -0.1171
vn 0.6882 0.6972 -0.2009
vn 0.8233 0.5143 -0.2404
vn -0.8947 -0.4020 0.1945
vn -0.9519 -0.2649 0.1542
vn -0.9871 0.0103 0.1597
vn -0.8810 0.4517 0.1409
vn -0.4585 0.8852 0.0787
vn 0.1355 0.9905 -0.0226
vn 0.5215 0.8486 -0.0887
vn 0.7159 0.6876 -0.1212
vn 0.8464 0.5135 -0.1412
vn -0.9136 -0.3939 0.1006
vn -0.9116 -0.4069 0.0592
vn -0.9217 -0.3831 0.0613
vn -0.9434 -0.3249 0.0668
vn -0.9645 -0.2550 0.0686
vn -0.9833 -0.1696 0.0662
vn -0.9953 -0.0695 0.0671
vn -0.9957 0.0616 0.0685
vn -0.9732 0.2199 0.0670
vn -0.9095 0.4108 0.0641
vn -0.7837 0.6188 0.0534
vn -0.5930 0.8042 0.0402
vn -0.3530 0.9353 0.0243
vn -0.1147 0.9934 0.0082
vn 0.0956 0.9954 -0.0036
vn 0.2651 0.9641 -0.0160
vn 0.3964 0.9176 -0.0296
vn 0.4958 0.8677 -0.0357
vn 0.5799 0.8137 -0.0399
vn 0.6455 0.7624 -0.0445
vn 0.7009 0.7117 -0.0467
vn 0.7480 0.6618 -0.0503
vn 0.7880 0.6132 -0.0563
vn 0.8206 0.5685 -0.0582
vn 0.8514 0.5213 -0.0575
vn 0.8780 0.4749 -0.0600
vn 0.8949 0.4413 -0.0664
vn -0.9132 -0.4065 0.0287
vn -0.9131 -0.4067 0.0287
vn -0.9348 -0.3540 0.0293
vn -0.9349 -0.3537 0.0295
vn -0.9560 -0.2917 0.0300
vn -0.9759 -0.2162 0.0307
vn -0.9758 -0.2164 0.0307
vn -0.9918 -0.1239 0.0312
vn -0.9918 -0.1241 0.0311
vn -0.9995 -0.0096 0.0314
vn -0.9995 -0.0095 0.0314
vn -0.9906 0.1331 0.0311
vn -0.9906 0.1329 0.0311
vn -0.9511 0.3074 0.0299
vn -0.8602 0.5093 0.0270
vn -0.8603 0.5091 0.0270
vn -0.7001 0.7137 0.0220
vn -0.7002 0.7136 0.0220
vn -0.4769 0.8788 0.0150
vn -0.4771 0.8787 0.0150
vn -0.2290 0.9734 0.0072
vn -0.2291 0.9734 0.0072
vn -0.0000 1.0000 -0.0000
vn 0.1889 0.9820 -0.0059
vn 0.1888 0.9820 -0.0059
vn 0.3368 0.9415 -0.0106
vn 0.3369 0.9415 -0.0106
vn 0.4521 0.8918 -0.0142
vn 0.4523 0.8918 -0.0142
vn 0.5434 0.8393 -0.0171
vn 0.6169 0.7868 -0.0194
vn 0.6168 0.7869 -0.0194
vn 0.6772 0.7355 -0.0213
vn 0.6771 0.7356 -0.0213
vn 0.7274 0.6858 -0.0228
vn 0.7275 0.6857 -0.0229
vn 0.7703 0.6372 -0.0242
vn 0.8070 0.5900 -0.0253
vn 0.8071 0.5899 -0.0253
vn 0.8392 0.5432 -0.0264
vn 0.8392 0.5433 -0.0263
vn 0.8671 0.4975 -0.0272
vn 0.8670 0.4975 -0.0272
vn 0.8915 0.4521 -0.0280
vn 0.8916 0.4519 -0.0280
vn 0.9087 0.4136 0.0568
vn 0.9101 0.4133 0.0286
vn 0.9269 0.3707 0.0586
vn 0.9293 0.3683 0.0287
vn 0.9489 0.3098 0.0601
vn 0.9515 0.3064 0.0292
vn 0.9733 0.2209 0.0618
vn 0.9759 0.2162 0.0297
vn 0.9931 0.0981 0.0645
vn 0.9952 0.0934 0.0297
vn 0.9963 -0.0518 0.0682
vn 0.9975 -0.0667 0.0232
vn 0.9041 0.4117 0.1144
vn 0.9214 0.3705 0.1169
vn 0.9433 0.3095 0.1196
vn 0.9676 0.2205 0.1227
vn 0.9878 0.0976 0.1215
vn 0.9856 -0.0536 0.1603
vn 0.8944 0.4126 0.1728
vn 0.9122 0.3706 0.1749
vn 0.9339 0.3096 0.1790
vn 0.9579 0.2205 0.1837
vn 0.9767 0.0976 0.1911
vn 0.8821 0.4127 0.2270
vn 0.8992 0.3708 0.2322
vn 0.9206 0.3098 0.2377
vn 0.9444 0.2206 0.2439
vn 0.9645 0.0978 0.2453
vn 0.9585 -0.0551 0.2797
vn 0.8653 0.4129 0.2842
vn 0.8827 0.3710 0.2885
vn 0.9037 0.3099 0.2954
vn 0.9271 0.2208 0.3030
vn 0.9448 0.0978 0.3127
vn 0.8464 0.4131 0.3362
vn 0.8627 0.3711 0.3436
vn 0.8833 0.3100 0.3517
vn 0.9061 0.2209 0.3609
vn 0.9259 0.0979 0.3648
vn 0.9157 -0.0551 0.3980
vn 0.8226 0.4132 0.3906
vn 0.8393 0.3713 0.3971
vn 0.8594 0.3102 0.4066
vn 0.8816 0.2210 0.4171
vn 0.8981 0.0979 0.4289
vn 0.7974 0.4133 0.4396
vn 0.8127 0.3714 0.4489
vn 0.8321 0.3103 0.4597
vn 0.8537 0.2210 0.4716
vn 0.8728 0.0980 0.4781
vn 0.8587 -0.0551 0.5095
vn 0.7673 0.4135 0.4903
vn 0.7830 0.3715 0.4988
vn 0.8017 0.3104 0.5108
vn 0.8225 0.2211 0.5240
vn 0.8374 0.0980 0.5377
vn 0.7363 0.4135 0.5356
vn 0.7503 0.3716 0.5467
vn 0.7683 0.3104 0.5598
vn 0.7882 0.2212 0.5743
vn 0.8064 0.0981 0.5832
vn 0.7885 -0.0551 0.6126
vn 0.7001 0.4129 0.5826
vn 0.7120 0.3723 0.5954
vn 0.7319 0.3105 0.6066
vn 0.7509 0.2212 0.6223
vn 0.7640 0.0980 0.6377
vn 0.6650 0.4135 0.6219
vn 0.6533 0.3728 0.6589
vn 0.6936 0.3097 0.6504
vn 0.7107 0.2212 0.6678
vn 0.7277 0.0981 0.6789
vn 0.7062 -0.0551 0.7059
vn 0.6215 0.4135 0.6654
vn 0.6494 0.3110 0.6939
vn 0.6678 0.2212 0.7107
vn 0.6789 0.0981 0.7277
vn 0.5827 0.4135 0.6997
vn 0.5726 0.3719 0.7307
vn 0.6079 0.3110 0.7306
vn 0.6223 0.2212 0.7509
vn 0.6377 0.0981 0.7640
vn 0.6130 -0.0551 0.7882
vn 0.5344 0.4143 0.7368
vn 0.5581 0.3109 0.7693
vn 0.5743 0.2212 0.7882
vn 0.5832 0.0980 0.8064
vn 0.4898 0.4135 0.7675
vn 0.5027 0.3709 0.7809
vn 0.5113 0.3113 0.8010
vn 0.5240 0.2211 0.8225
vn 0.5377 0.0980 0.8374
vn 0.5100 -0.0551 0.8584
vn 0.4392 0.4133 0.7977
vn 0.4489 0.3714 0.8127
vn 0.4596 0.3103 0.8321
vn 0.4715 0.2210 0.8537
vn 0.4780 0.0979 0.8729
vn 0.3901 0.4132 0.8228
vn 0.3971 0.3713 0.8393
vn 0.4066 0.3102 0.8594
vn 0.4171 0.2210 0.8816
vn 0.4289 0.0979 0.8980
vn 0.3985 -0.0551 0.9155
vn 0.3358 0.4130 0.8465
vn 0.3436 0.3711 0.8627
vn 0.3517 0.3100 0.8833
vn 0.3608 0.2209 0.9061
vn 0.3648 0.0978 0.9259
vn 0.2837 0.4129 0.8655
vn 0.2885 0.3710 0.8827
vn 0.2954 0.3099 0.9037
vn 0.3030 0.2208 0.9271
vn 0.3127 0.0978 0.9448
vn 0.2802 -0.0550 0.9584
vn 0.2265 0.4127 0.8823
vn 0.2322 0.3708 0.8992
vn 0.2377 0.3098 0.9206
vn 0.2439 0.2206 0.9444
vn 0.2452 0.0976 0.9645
vn 0.1723 0.4125 0.8945
vn 0.1749 0.3706 0.9122
vn 0.1790 0.3096 0.9339
vn 0.1837 0.2205 0.9579
vn 0.1911 0.0976 0.9767
vn 0.1570 -0.0550 0.9861
vn 0.1133 0.4124 0.9039
vn 0.1169 0.3705 0.9215
vn 0.1196 0.3095 0.9433
vn 0.1227 0.2205 0.9676
vn 0.1214 0.0975 0.9878
vn 0.0581 0.4123 0.9092
vn 0.0584 0.3704 0.9270
vn 0.0598 0.3094 0.9490
vn 0.0613 0.2204 0.9735
vn 0.0665 0.0975 0.9930
vn 0.0363 -0.0542 0.9979
vn -0.0013 0.4123 0.9111
vn -0.0000 0.3704 0.9289
vn -0.0000 0.3094 0.9509
vn -0.0000 0.2204 0.9754
vn -0.0021 0.0999 0.9950
vn -0.0565 0.4123 0.9093
vn -0.0584 0.3704 0.9270
vn -0.0598 0.3094 0.9490
vn -0.0614 0.2204 0.9735
vn -0.0641 0.0976 0.9932
vn -0.0636 -0.0530 0.9966
vn -0.1159 0.4124 0.9036
vn -0.1169 0.3705 0.9215
vn -0.1196 0.3095 0.9433
vn -0.1227 0.2205 0.9676
vn -0.1215 0.0976 0.9878
vn -0.1603 -0.0537 0.9856
vn -0.1707 0.4126 0.8948
vn -0.1749 0.3706 0.9122
vn -0.1790 0.3096 0.9339
vn -0.1837 0.2205 0.9579
vn -0.1911 0.0976 0.9767
vn -0.2290 0.4127 0.8816
vn -0.2322 0.3708 0.8992
vn -0.2377 0.3098 0.9206
vn -0.2439 0.2206 0.9444
vn -0.2453 0.0977 0.9645
vn -0.2797 -0.0551 0.9585
vn -0.2822 0.4129 0.8660
vn -0.2885 0.3710 0.8827
vn -0.2954 0.3099 0.9037
vn -0.3030 0.2208 0.9271
vn -0.3127 0.0978 0.9448
vn -0.3469 0.4146 0.8413
vn -0.3458 0.3674 0.8634
vn -0.3517 0.3100 0.8833
vn -0.3608 0.2209 0.9061
vn -0.3648 0.0979 0.9259
vn -0.3980 -0.0551 0.9157
vn -0.3940 0.3885 0.8329
vn -0.4073 0.3124 0.8582
vn -0.4171 0.2209 0.8816
vn -0.4289 0.0979 0.8980
vn -0.4661 0.4117 0.7831
vn -0.4443 0.3633 0.8189
vn -0.4584 0.3117 0.8323
vn -0.4716 0.2210 0.8537
vn -0.4781 0.0980 0.8728
vn -0.5096 -0.0551 0.8587
vn -0.5005 0.3704 0.7825
vn -0.5108 0.3104 0.8017
vn -0.5240 0.2211 0.8225
vn -0.5377 0.0980 0.8374
vn -0.5606 0.4092 0.7199
vn -0.5456 0.3705 0.7517
vn -0.5598 0.3104 0.7683
vn -0.5743 0.2212 0.7882
vn -0.5832 0.0981 0.8064
vn -0.6126 -0.0551 0.7885
vn -0.5971 0.3716 0.7109
vn -0.6066 0.3105 0.7319
vn -0.6223 0.2212 0.7509
vn -0.6377 0.0980 0.7640
vn -0.6457 0.4079 0.6455
vn -0.6585 0.3732 0.6535
vn -0.6504 0.3097 0.6936
vn -0.6678 0.2212 0.7107
vn -0.6789 0.0981 0.7277
vn -0.7058 -0.0551 0.7062
vn -0.6939 0.3110 0.6494
vn -0.7107 0.2212 0.6678
vn -0.7277 0.0981 0.6789
vn -0.7201 0.4087 0.5607
vn -0.7306 0.3717 0.5728
vn -0.7306 0.3110 0.6079
vn -0.7509 0.2212 0.6223
vn -0.7640 0.0981 0.6377
vn -0.7882 -0.0551 0.6130
vn -0.7693 0.3109 0.5581
vn -0.7882 0.2212 0.5743
vn -0.8064 0.0980 0.5832
vn -0.7844 0.4097 0.4656
vn -0.7806 0.3694 0.5042
vn -0.8010 0.3113 0.5114
vn -0.8225 0.2211 0.5240
vn -0.8374 0.0980 0.5377
vn -0.8584 -0.0551 0.5100
vn -0.8139 0.3703 0.4477
vn -0.8321 0.3103 0.4596
vn -0.8537 0.2210 0.4715
vn -0.8729 0.0979 0.4780
vn -0.8355 0.4116 0.3639
vn -0.8390 0.3702 0.3988
vn -0.8594 0.3102 0.4066
vn -0.8816 0.2210 0.4171
vn -0.8980 0.0979 0.4289
vn -0.9155 -0.0551 0.3985
vn -0.8660 0.3653 0.3415
vn -0.8833 0.3100 0.3517
vn -0.9061 0.2209 0.3608
vn -0.9259 0.0978 0.3648
vn -0.8762 0.3882 0.2855
vn -0.9034 0.3121 0.2941
vn -0.9271 0.2208 0.3030
vn -0.9448 0.0978 0.3127
vn -0.9584 -0.0550 0.2802
vn -0.8786 0.4142 0.2375
vn -0.9001 0.3649 0.2382
vn -0.9199 0.3112 0.2387
vn -0.9444 0.2207 0.2438
vn -0.9645 0.0976 0.2452
vn -0.8949 0.4125 0.1703
vn -0.9122 0.3706 0.1749
vn -0.9339 0.3096 0.1790
vn -0.9579 0.2205 0.1836
vn -0.9767 0.0976 0.1911
vn -0.9854 -0.0542 0.1617
vn -0.9037 0.4124 0.1154
vn -0.9214 0.3705 0.1169
vn -0.9433 0.3095 0.1196
vn -0.9676 0.2205 0.1227
vn -0.9873 0.1000 0.1232
vn -0.9094 0.4120 0.0560
vn -0.9271 0.3702 0.0586
vn -0.9491 0.3092 0.0600
vn -0.9735 0.2201 0.0617
vn -0.9931 0.0986 0.0631
vn -0.9963 -0.0560 0.0648
vn -0.9093 0.4154 0.0268
vn -0.9276 0.3725 0.0286
vn -0.9495 0.3125 0.0289
vn -0.9740 0.2248 0.0293
vn -0.9941 0.1046 0.0299
vn -0.9979 -0.0571 0.0296
vn -0.9026 0.4296 -0.0283
vn -0.9007 0.4295 -0.0653
vn -0.9030 0.4287 -0.0284
vn -0.9015 0.4282 -0.0635
vn -0.9030 0.4286 -0.0283
vn -0.9040 0.4267 -0.0284
vn -0.9028 0.4258 -0.0607
vn -0.9039 0.4267 -0.0284
vn -0.9053 0.4238 -0.0284
vn -0.9046 0.4224 -0.0579
vn -0.9071 0.4199 -0.0285
vn -0.9069 0.4176 -0.0560
vn -0.9094 0.4149 -0.0285
vn -0.9097 0.4114 -0.0564
vn -0.9121 0.4089 -0.0286
vn -0.9127 0.4042 -0.0600
vn -0.9153 0.4018 -0.0287
vn -0.9156 0.3967 -0.0656
vn -0.9189 0.3934 -0.0288
vn -0.9187 0.3897 -0.0639
vn -0.9229 0.3839 -0.0290
vn -0.9236 0.3788 -0.0594
vn -0.9274 0.3730 -0.0291
vn -0.9287 0.3661 -0.0591
vn -0.9322 0.3608 -0.0293
vn -0.9339 0.3516 -0.0650
vn -0.9374 0.3471 -0.0294
vn -0.9378 0.3408 -0.0660
vn -0.9429 0.3318 -0.0296
vn -0.9443 0.3237 -0.0599
vn -0.9487 0.3149 -0.0298
vn -0.9507 0.3042 -0.0596
vn -0.9547 0.2960 -0.0300
vn -0.9569 0.2823 -0.0674
vn -0.9547 0.2961 -0.0300
vn -0.9609 0.2753 -0.0302
vn -0.9616 0.2657 -0.0686
vn -0.9671 0.2525 -0.0304
vn -0.9688 0.2403 -0.0606
vn -0.9733 0.2274 -0.0306
vn -0.9754 0.2119 -0.0603
vn -0.9793 0.2000 -0.0308
vn -0.9811 0.1804 -0.0700
vn -0.9793 0.2000 -0.0307
vn -0.9850 0.1699 -0.0309
vn -0.9852 0.1558 -0.0712
vn -0.9901 0.1372 -0.0311
vn -0.9909 0.1198 -0.0611
vn -0.9943 0.1017 -0.0312
vn -0.9950 0.0800 -0.0605
vn -0.9975 0.0632 -0.0313
vn -0.9968 0.0379 -0.0701
vn -0.9993 0.0218 -0.0314
vn -0.9974 -0.0115 -0.0710
vn -0.9039 0.4123 -0.1142
vn -0.9212 0.3704 -0.1190
vn -0.9429 0.3100 -0.1222
vn -0.9670 0.2210 -0.1264
vn -0.9869 0.0998 -0.1268
vn -0.9851 -0.0541 -0.1631
vn -0.8944 0.4126 -0.1728
vn -0.9122 0.3706 -0.1749
vn -0.9339 0.3096 -0.1790
vn -0.9579 0.2205 -0.1837
vn -0.9767 0.0976 -0.1911
vn -0.8821 0.4127 -0.2270
vn -0.8992 0.3708 -0.2322
vn -0.9206 0.3097 -0.2377
vn -0.9444 0.2206 -0.2439
vn -0.9645 0.0977 -0.2452
vn -0.9585 -0.0551 -0.2797
vn -0.8653 0.4129 -0.2842
vn -0.8827 0.3710 -0.2885
vn -0.9037 0.3099 -0.2954
vn -0.9271 0.2207 -0.3030
vn -0.9448 0.0978 -0.3127
vn -0.8464 0.4131 -0.3362
vn -0.8627 0.3711 -0.3436
vn -0.8833 0.3100 -0.3518
vn -0.9061 0.2209 -0.3609
vn -0.9259 0.0979 -0.3649
vn -0.9157 -0.0551 -0.3980
vn -0.8226 0.4132 -0.3906
vn -0.8393 0.3713 -0.3971
vn -0.8594 0.3102 -0.4066
vn -0.8816 0.2210 -0.4171
vn -0.8981 0.0979 -0.4288
vn -0.7974 0.4134 -0.4396
vn -0.8127 0.3714 -0.4489
vn -0.8321 0.3103 -0.4597
vn -0.8537 0.2210 -0.4716
vn -0.8728 0.0980 -0.4780
vn -0.8587 -0.0551 -0.5095
vn -0.7673 0.4135 -0.4903
vn -0.7830 0.3715 -0.4989
vn -0.8017 0.3104 -0.5108
vn -0.8225 0.2211 -0.5240
vn -0.8374 0.0980 -0.5377
vn -0.7363 0.4135 -0.5356
vn -0.7503 0.3716 -0.5467
vn -0.7683 0.3104 -0.5598
vn -0.7882 0.2212 -0.5743
vn -0.8064 0.0981 -0.5832
vn -0.7885 -0.0551 -0.6126
vn -0.7001 0.4129 -0.5826
vn -0.7120 0.3723 -0.5954
vn -0.7319 0.3105 -0.6066
vn -0.7509 0.2212 -0.6223
vn -0.7640 0.0981 -0.6377
vn -0.6650 0.4135 -0.6219
vn -0.6533 0.3728 -0.6589
vn -0.6936 0.3097 -0.6504
vn -0.7107 0.2212 -0.6678
vn -0.7277 0.0981 -0.6789
vn -0.7062 -0.0551 -0.7059
vn -0.6215 0.4135 -0.6654
vn -0.6494 0.3110 -0.6939
vn -0.6678 0.2212 -0.7107
vn -0.6789 0.0981 -0.7277
vn -0.5827 0.4135 -0.6997
vn -0.5726 0.3719 -0.7307
vn -0.6079 0.3110 -0.7306
vn -0.6223 0.2212 -0.7509
vn -0.6377 0.0981 -0.7640
vn -0.6130 -0.0551 -0.7882
vn -0.5344 0.4143 -0.7368
vn -0.5581 0.3109 -0.7693
vn -0.5743 0.2212 -0.7882
vn -0.5832 0.0980 -0.8064
vn -0.4898 0.4135 -0.7675
vn -0.5027 0.3709 -0.7809
vn -0.5114 0.3113 -0.8010
vn -0.5240 0.2211 -0.8225
vn -0.5377 0.0980 -0.8374
vn -0.5100 -0.0551 -0.8584
vn -0.4392 0.4133 -0.7977
vn -0.4489 0.3714 -0.8127
vn -0.4596 0.3103 -0.8321
vn -0.4715 0.2210 -0.8537
vn -0.4780 0.0979 -0.8729
vn -0.3901 0.4132 -0.8228
vn -0.3971 0.3713 -0.8393
vn -0.4066 0.3102 -0.8594
vn -0.4171 0.2210 -0.8816
vn -0.4289 0.0979 -0.8980
vn -0.3985 -0.0550 -0.9155
vn -0.3358 0.4130 -0.8465
vn -0.3436 0.3711 -0.8627
vn -0.3517 0.3100 -0.8833
vn -0.3608 0.2209 -0.9061
vn -0.3648 0.0978 -0.9259
vn -0.2837 0.4129 -0.8655
vn -0.2885 0.3710 -0.8827
vn -0.2954 0.3099 -0.9037
vn -0.3030 0.2208 -0.9271
vn -0.3127 0.0978 -0.9448
vn -0.2802 -0.0550 -0.9584
vn -0.2265 0.4127 -0.8823
vn -0.2322 0.3708 -0.8992
vn -0.2377 0.3098 -0.9206
vn -0.2439 0.2206 -0.9444
vn -0.2452 0.0976 -0.9645
vn -0.1723 0.4125 -0.8945
vn -0.1749 0.3706 -0.9122
vn -0.1790 0.3096 -0.9339
vn -0.1836 0.2205 -0.9579
vn -0.1911 0.0976 -0.9767
vn -0.1570 -0.0550 -0.9861
vn -0.1133 0.4124 -0.9039
vn -0.1169 0.3705 -0.9215
vn -0.1196 0.3095 -0.9433
vn -0.1227 0.2205 -0.9676
vn -0.1214 0.0975 -0.9878
vn -0.0576 0.4128 -0.9090
vn -0.0584 0.3704 -0.9270
vn -0.0598 0.3094 -0.9490
vn -0.0614 0.2204 -0.9735
vn -0.0665 0.0975 -0.9930
vn -0.0363 -0.0542 -0.9979
vn -0.0003 0.4115 -0.9114
vn -0.0000 0.3704 -0.9289
vn -0.0000 0.3094 -0.9509
vn -0.0000 0.2204 -0.9754
vn 0.0021 0.0999 -0.9950
vn 0.0586 0.4123 -0.9092
vn 0.0584 0.3704 -0.9270
vn 0.0598 0.3094 -0.9490
vn 0.0614 0.2204 -0.9735
vn 0.0641 0.0976 -0.9932
vn 0.0636 -0.0530 -0.9966
vn 0.1138 0.4124 -0.9039
vn 0.1168 0.3705 -0.9215
vn 0.1196 0.3095 -0.9433
vn 0.1227 0.2204 -0.9676
vn 0.1215 0.0976 -0.9878
vn 0.1603 -0.0536 -0.9856
vn 0.1728 0.4126 -0.8944
vn 0.1749 0.3706 -0.9122
vn 0.1790 0.3096 -0.9339
vn 0.1837 0.2205 -0.9579
vn 0.1911 0.0976 -0.9767
vn 0.2270 0.4127 -0.8821
vn 0.2322 0.3708 -0.8992
vn 0.2377 0.3098 -0.9206
vn 0.2439 0.2206 -0.9444
vn 0.2453 0.0977 -0.9645
vn 0.2797 -0.0551 -0.9585
vn 0.2842 0.4129 -0.8653
vn 0.2885 0.3710 -0.8827
vn 0.2954 0.3099 -0.9037
vn 0.3030 0.2208 -0.9271
vn 0.3127 0.0978 -0.9448
vn 0.3362 0.4131 -0.8464
vn 0.3435 0.3711 -0.8627
vn 0.3517 0.3100 -0.8833
vn 0.3608 0.2209 -0.9061
vn 0.3648 0.0979 -0.9259
vn 0.3980 -0.0551 -0.9157
vn 0.3906 0.4132 -0.8226
vn 0.3971 0.3713 -0.8393
vn 0.4066 0.3102 -0.8594
vn 0.4171 0.2210 -0.8816
vn 0.4288 0.0979 -0.8981
vn 0.4396 0.4133 -0.7974
vn 0.4489 0.3714 -0.8127
vn 0.4596 0.3103 -0.8321
vn 0.4716 0.2210 -0.8537
vn 0.4781 0.0980 -0.8728
vn 0.5096 -0.0551 -0.8587
vn 0.4903 0.4135 -0.7673
vn 0.4988 0.3715 -0.7830
vn 0.5108 0.3104 -0.8017
vn 0.5240 0.2211 -0.8225
vn 0.5377 0.0980 -0.8374
vn 0.5356 0.4135 -0.7363
vn 0.5467 0.3716 -0.7503
vn 0.5598 0.3104 -0.7683
vn 0.5743 0.2212 -0.7882
vn 0.5832 0.0981 -0.8064
vn 0.6126 -0.0551 -0.7885
vn 0.5826 0.4129 -0.7001
vn 0.5954 0.3723 -0.7120
vn 0.6066 0.3105 -0.7319
vn 0.6223 0.2212 -0.7509
vn 0.6377 0.0980 -0.7640
vn 0.6219 0.4135 -0.6650
vn 0.6589 0.3728 -0.6533
vn 0.6504 0.3097 -0.6936
vn 0.6678 0.2212 -0.7107
vn 0.6789 0.0981 -0.7277
vn 0.7058 -0.0551 -0.7062
vn 0.6654 0.4135 -0.6215
vn 0.6939 0.3110 -0.6494
vn 0.7107 0.2212 -0.6678
vn 0.7277 0.0981 -0.6789
vn 0.6997 0.4135 -0.5827
vn 0.7307 0.3719 -0.5726
vn 0.7306 0.3110 -0.6079
vn 0.7509 0.2212 -0.6223
vn 0.7640 0.0981 -0.6377
vn 0.7882 -0.0551 -0.6130
vn 0.7368 0.4143 -0.5344
vn 0.7693 0.3109 -0.5581
vn 0.7882 0.2212 -0.5743
vn 0.8064 0.0980 -0.5832
vn 0.7675 0.4135 -0.4898
vn 0.7809 0.3709 -0.5027
vn 0.8010 0.3113 -0.5114
vn 0.8225 0.2211 -0.5240
vn 0.8374 0.0980 -0.5377
vn 0.8584 -0.0551 -0.5100
vn 0.7977 0.4133 -0.4392
vn 0.8127 0.3714 -0.4489
vn 0.8321 0.3103 -0.4596
vn 0.8537 0.2210 -0.4716
vn 0.8729 0.0979 -0.4780
vn 0.8228 0.4132 -0.3901
vn 0.8393 0.3713 -0.3971
vn 0.8594 0.3102 -0.4066
vn 0.8816 0.2210 -0.4171
vn 0.8980 0.0979 -0.4289
vn 0.9155 -0.0550 -0.3985
vn 0.8466 0.4130 -0.3358
vn 0.8627 0.3711 -0.3436
vn 0.8833 0.3100 -0.3517
vn 0.9061 0.2209 -0.3608
vn 0.9259 0.0978 -0.3648
vn 0.8655 0.4129 -0.2837
vn 0.8827 0.3710 -0.2885
vn 0.9037 0.3099 -0.2954
vn 0.9271 0.2208 -0.3030
vn 0.9448 0.0978 -0.3127
vn 0.9584 -0.0550 -0.2802
vn 0.8823 0.4127 -0.2265
vn 0.8992 0.3708 -0.2322
vn 0.9206 0.3098 -0.2377
vn 0.9444 0.2206 -0.2438
vn 0.9645 0.0976 -0.2452
vn 0.8945 0.4125 -0.1723
vn 0.9122 0.3706 -0.1749
vn 0.9339 0.3096 -0.1790
vn 0.9579 0.2205 -0.1836
vn 0.9767 0.0976 -0.1911
vn 0.9851 -0.0540 -0.1635
vn 0.9039 0.4123 -0.1138
vn 0.9211 0.3706 -0.1190
vn 0.9428 0.3100 -0.1223
vn 0.9670 0.2211 -0.1265
vn 0.9869 0.0995 -0.1268
vn 0.9004 0.4300 -0.0671
vn 0.9014 0.4283 -0.0633
vn 0.9026 0.4261 -0.0605
vn 0.9044 0.4228 -0.0577
vn 0.9067 0.4181 -0.0558
vn 0.9094 0.4120 -0.0562
vn 0.9124 0.4049 -0.0598
vn 0.9155 0.3967 -0.0675
vn 0.9180 0.3912 -0.0650
vn 0.9232 0.3798 -0.0594
vn 0.9283 0.3672 -0.0591
vn 0.9334 0.3532 -0.0642
vn 0.9376 0.3416 -0.0652
vn 0.9438 0.3250 -0.0598
vn 0.9503 0.3057 -0.0596
vn 0.9564 0.2845 -0.0665
vn 0.9614 0.2669 -0.0677
vn 0.9683 0.2421 -0.0606
vn 0.9750 0.2139 -0.0603
vn 0.9807 0.1831 -0.0690
vn 0.9850 0.1575 -0.0702
vn 0.9906 0.1222 -0.0610
vn 0.9947 0.0826 -0.0605
vn 0.9967 0.0401 -0.0710
vn 0.9974 -0.0068 -0.0715
vn 0.9026 0.4296 -0.0284
vn 0.9026 0.4296 -0.0283
vn 0.9030 0.4286 -0.0284
vn 0.9039 0.4267 -0.0284
vn 0.9040 0.4267 -0.0284
vn 0.9053 0.4238 -0.0285
vn 0.9053 0.4238 -0.0284
vn 0.9071 0.4199 -0.0285
vn 0.9094 0.4149 -0.0286
vn 0.9121 0.4089 -0.0287
vn 0.9153 0.4017 -0.0288
vn 0.9153 0.4018 -0.0288
vn 0.9189 0.3934 -0.0289
vn 0.9229 0.3839 -0.0290
vn 0.9274 0.3730 -0.0291
vn 0.9322 0.3608 -0.0293
vn 0.9374 0.3471 -0.0294
vn 0.9429 0.3318 -0.0296
vn 0.9487 0.3149 -0.0298
vn 0.9487 0.3148 -0.0298
vn 0.9547 0.2961 -0.0300
vn 0.9609 0.2753 -0.0302
vn 0.9671 0.2525 -0.0304
vn 0.9733 0.2274 -0.0306
vn 0.9793 0.1999 -0.0308
vn 0.9850 0.1699 -0.0310
vn 0.9901 0.1372 -0.0311
vn 0.9943 0.1017 -0.0312
vn 0.9975 0.0632 -0.0313
vn 0.9975 0.0632 -0.0314
vn 0.9993 0.0218 -0.0314
vn 0.9753 -0.2098 0.0688
vn 0.9514 -0.3072 0.0207
vn 0.9232 -0.3798 0.0587
vn 0.8427 -0.5359 0.0510
vn 0.8420 -0.5392 0.0190
vn 0.7365 -0.6748 0.0466
vn 0.7037 -0.7102 0.0212
vn 0.6565 -0.7530 0.0454
vn 0.7586 -0.6496 0.0507
vn 0.7733 -0.6334 0.0288
vn 0.9209 -0.3844 0.0641
vn 0.9213 -0.3873 0.0339
vn 0.9639 -0.2143 0.1584
vn 0.9190 -0.3643 0.1509
vn 0.8612 -0.4877 0.1432
vn 0.7944 -0.5933 0.1300
vn 0.7253 -0.6832 0.0849
vn 0.6512 -0.7515 0.1059
vn 0.6476 -0.7547 0.1052
vn 0.7608 -0.6368 0.1250
vn 0.9242 -0.3500 0.1530
vn 0.7149 -0.6845 0.1428
vn 0.9376 -0.2144 0.2737
vn 0.8939 -0.3645 0.2608
vn 0.8369 -0.4899 0.2441
vn 0.7748 -0.5904 0.2260
vn 0.7073 -0.6846 0.1765
vn 0.6324 -0.7523 0.1845
vn 0.6306 -0.7539 0.1842
vn 0.7376 -0.6396 0.2163
vn 0.9003 -0.3474 0.2624
vn 0.6909 -0.6849 0.2316
vn 0.8957 -0.2146 0.3895
vn 0.8539 -0.3648 0.3712
vn 0.7993 -0.4903 0.3474
vn 0.7394 -0.5912 0.3222
vn 0.6790 -0.6850 0.2641
vn 0.6038 -0.7526 0.2625
vn 0.6021 -0.7542 0.2619
vn 0.7042 -0.6401 0.3072
vn 0.8601 -0.3474 0.3736
vn 0.6559 -0.6835 0.3202
vn 0.8398 -0.2147 0.4986
vn 0.8006 -0.3650 0.4751
vn 0.7494 -0.4905 0.4447
vn 0.6924 -0.5931 0.4109
vn 0.6254 -0.6849 0.3738
vn 0.5663 -0.7521 0.3372
vn 0.5643 -0.7545 0.3351
vn 0.6600 -0.6403 0.3929
vn 0.8066 -0.3473 0.4784
vn 0.7711 -0.2148 0.5993
vn 0.7351 -0.3652 0.5712
vn 0.6880 -0.4907 0.5346
vn 0.6357 -0.5933 0.4939
vn 0.5747 -0.6859 0.4464
vn 0.5209 -0.7516 0.4047
vn 0.5180 -0.7547 0.4027
vn 0.6058 -0.6405 0.4720
vn 0.7406 -0.3473 0.5752
vn 0.6906 -0.2148 0.6905
vn 0.6584 -0.3652 0.6581
vn 0.6162 -0.4908 0.6160
vn 0.5693 -0.5933 0.5691
vn 0.5147 -0.6859 0.5144
vn 0.4665 -0.7517 0.4663
vn 0.4638 -0.7547 0.4639
vn 0.5423 -0.6406 0.5436
vn 0.6634 -0.3473 0.6628
vn 0.5995 -0.2148 0.7710
vn 0.5715 -0.3652 0.7349
vn 0.5349 -0.4907 0.6878
vn 0.4942 -0.5933 0.6355
vn 0.4468 -0.6859 0.5744
vn 0.4049 -0.7516 0.5207
vn 0.4026 -0.7547 0.5181
vn 0.4706 -0.6405 0.6069
vn 0.5759 -0.3473 0.7401
vn 0.4987 -0.2147 0.8398
vn 0.4754 -0.3650 0.8004
vn 0.4450 -0.4905 0.7492
vn 0.4125 -0.5922 0.6922
vn 0.3739 -0.6865 0.6236
vn 0.3369 -0.7514 0.5673
vn 0.3350 -0.7545 0.5644
vn 0.3913 -0.6403 0.6610
vn 0.4791 -0.3473 0.8061
vn 0.3896 -0.2146 0.8956
vn 0.3715 -0.3648 0.8538
vn 0.3478 -0.4903 0.7992
vn 0.3220 -0.5907 0.7398
vn 0.3188 -0.6864 0.6536
vn 0.2636 -0.7523 0.6038
vn 0.2618 -0.7542 0.6022
vn 0.3056 -0.6400 0.7050
vn 0.3744 -0.3473 0.8598
vn 0.2645 -0.6850 0.6788
vn 0.2739 -0.2144 0.9376
vn 0.2612 -0.3645 0.8938
vn 0.2445 -0.4899 0.8368
vn 0.2264 -0.5904 0.7747
vn 0.2320 -0.6849 0.6907
vn 0.1848 -0.7523 0.6323
vn 0.1841 -0.7539 0.6307
vn 0.2145 -0.6396 0.7382
vn 0.2632 -0.3473 0.9000
vn 0.1768 -0.6846 0.7071
vn 0.1534 -0.2142 0.9647
vn 0.1464 -0.3642 0.9197
vn 0.1371 -0.4896 0.8611
vn 0.1269 -0.5900 0.7974
vn 0.1432 -0.6845 0.7148
vn 0.1051 -0.7510 0.6518
vn 0.1065 -0.7553 0.6466
vn 0.1216 -0.6376 0.7607
vn 0.1503 -0.3489 0.9250
vn 0.0861 -0.6843 0.7241
vn 0.0359 -0.2142 0.9761
vn 0.0323 -0.3659 0.9301
vn 0.0312 -0.4857 0.8736
vn 0.0300 -0.5928 0.8048
vn 0.0520 -0.6842 0.7274
vn 0.0237 -0.7496 0.6615
vn 0.0489 -0.6717 0.7392
vn 0.0625 -0.3549 0.9328
vn -0.0047 -0.6829 0.7305
vn -0.0237 -0.7554 0.6548
vn -0.0283 -0.6365 0.7708
vn -0.0357 -0.3540 0.9346
vn -0.0615 -0.2140 0.9749
vn -0.0567 -0.3715 0.9267
vn -0.0517 -0.5379 0.8414
vn -0.0476 -0.6790 0.7326
vn -0.0438 -0.7502 0.6597
vn -0.1584 -0.2142 0.9639
vn -0.1509 -0.3643 0.9190
vn -0.1432 -0.4877 0.8612
vn -0.1300 -0.5933 0.7944
vn -0.0849 -0.6832 0.7253
vn -0.1059 -0.7515 0.6512
vn -0.1041 -0.7541 0.6485
vn -0.1216 -0.6393 0.7593
vn -0.1468 -0.3476 0.9261
vn -0.1428 -0.6845 0.7149
vn -0.2737 -0.2144 0.9376
vn -0.2608 -0.3645 0.8939
vn -0.2442 -0.4899 0.8369
vn -0.2260 -0.5904 0.7748
vn -0.1765 -0.6846 0.7073
vn -0.1845 -0.7523 0.6324
vn -0.1842 -0.7539 0.6307
vn -0.2163 -0.6397 0.7376
vn -0.2624 -0.3474 0.9002
vn -0.2316 -0.6849 0.6909
vn -0.3895 -0.2146 0.8957
vn -0.3712 -0.3648 0.8539
vn -0.3474 -0.4903 0.7993
vn -0.3222 -0.5912 0.7394
vn -0.2641 -0.6850 0.6790
vn -0.2625 -0.7526 0.6038
vn -0.2619 -0.7542 0.6021
vn -0.3073 -0.6400 0.7042
vn -0.3736 -0.3473 0.8601
vn -0.3202 -0.6835 0.6559
vn -0.4986 -0.2147 0.8398
vn -0.4751 -0.3651 0.8006
vn -0.4447 -0.4905 0.7494
vn -0.4109 -0.5931 0.6924
vn -0.3738 -0.6849 0.6254
vn -0.3372 -0.7521 0.5663
vn -0.3351 -0.7545 0.5643
vn -0.3929 -0.6403 0.6600
vn -0.4784 -0.3473 0.8065
vn -0.5993 -0.2148 0.7711
vn -0.5712 -0.3652 0.7351
vn -0.5346 -0.4907 0.6880
vn -0.4939 -0.5933 0.6357
vn -0.4464 -0.6859 0.5747
vn -0.4047 -0.7516 0.5209
vn -0.4027 -0.7547 0.5180
vn -0.4720 -0.6405 0.6057
vn -0.5752 -0.3473 0.7406
vn -0.6905 -0.2148 0.6906
vn -0.6581 -0.3652 0.6584
vn -0.6160 -0.4908 0.6162
vn -0.5691 -0.5933 0.5693
vn -0.5144 -0.6859 0.5147
vn -0.4663 -0.7517 0.4665
vn -0.4639 -0.7547 0.4638
vn -0.5436 -0.6406 0.5423
vn -0.6628 -0.3473 0.6634
vn -0.7710 -0.2148 0.5994
vn -0.7349 -0.3652 0.5715
vn -0.6878 -0.4907 0.5349
vn -0.6355 -0.5932 0.4942
vn -0.5744 -0.6859 0.4468
vn -0.5207 -0.7516 0.4049
vn -0.5181 -0.7547 0.4026
vn -0.6069 -0.6405 0.4706
vn -0.7401 -0.3473 0.5759
vn -0.8398 -0.2147 0.4987
vn -0.8004 -0.3650 0.4754
vn -0.7492 -0.4905 0.4450
vn -0.6922 -0.5922 0.4125
vn -0.6236 -0.6865 0.3739
vn -0.5673 -0.7514 0.3370
vn -0.5644 -0.7545 0.3350
vn -0.6609 -0.6403 0.3913
vn -0.8061 -0.3473 0.4791
vn -0.8956 -0.2145 0.3896
vn -0.8538 -0.3648 0.3715
vn -0.7992 -0.4903 0.3478
vn -0.7398 -0.5907 0.3220
vn -0.6536 -0.6864 0.3188
vn -0.6038 -0.7523 0.2636
vn -0.6022 -0.7542 0.2618
vn -0.7050 -0.6400 0.3056
vn -0.8598 -0.3473 0.3744
vn -0.6789 -0.6850 0.2645
vn -0.9376 -0.2144 0.2739
vn -0.8938 -0.3645 0.2612
vn -0.8368 -0.4899 0.2445
vn -0.7747 -0.5904 0.2264
vn -0.6907 -0.6849 0.2320
vn -0.6323 -0.7523 0.1848
vn -0.6307 -0.7539 0.1841
vn -0.7382 -0.6396 0.2145
vn -0.9000 -0.3474 0.2632
vn -0.7071 -0.6846 0.1768
vn -0.9638 -0.2143 0.1585
vn -0.9186 -0.3661 0.1491
vn -0.8627 -0.4858 0.1408
vn -0.7944 -0.5930 0.1310
vn -0.7148 -0.6845 0.1432
vn -0.6512 -0.7512 0.1076
vn -0.6466 -0.7553 0.1065
vn -0.7616 -0.6360 0.1247
vn -0.9238 -0.3505 0.1540
vn -0.7251 -0.6831 0.0874
vn -0.9762 -0.2065 0.0660
vn -0.9240 -0.3772 0.0632
vn -0.8407 -0.5385 0.0560
vn -0.7328 -0.6789 0.0461
vn -0.6611 -0.7489 0.0447
vn -0.7526 -0.6565 0.0506
vn -0.9266 -0.3732 0.0461
vn -0.9596 -0.2806 0.0212
vn -0.8498 -0.5268 0.0179
vn -0.7381 -0.6744 0.0221
vn -0.6641 -0.7473 0.0235
vn -0.8637 -0.5030 0.0317
vn -0.9985 -0.0441 -0.0313
vn -0.9932 -0.0925 -0.0703
vn -0.9908 -0.1318 -0.0311
vn -0.9821 -0.1749 -0.0695
vn -0.9908 -0.1317 -0.0311
vn -0.9759 -0.2161 -0.0306
vn -0.9632 -0.2600 -0.0680
vn -0.9548 -0.2956 -0.0300
vn -0.9406 -0.3331 -0.0665
vn -0.9290 -0.3689 -0.0292
vn -0.9119 -0.4054 -0.0642
vn -0.9290 -0.3688 -0.0292
vn -0.9000 -0.4351 -0.0282
vn -0.8829 -0.4654 -0.0624
vn -0.8999 -0.4351 -0.0282
vn -0.8689 -0.4942 -0.0273
vn -0.8503 -0.5229 -0.0599
vn -0.8373 -0.5461 -0.0263
vn -0.8201 -0.5693 -0.0579
vn -0.8060 -0.5914 -0.0253
vn -0.7877 -0.6135 -0.0563
vn -0.7759 -0.6304 -0.0244
vn -0.7617 -0.6456 -0.0541
vn -0.7759 -0.6304 -0.0243
vn -0.7476 -0.6637 -0.0235
vn -0.7335 -0.6783 -0.0437
vn -0.7216 -0.6920 -0.0226
vn -0.7072 -0.7056 -0.0433
vn -0.7215 -0.6920 -0.0226
vn -0.6981 -0.7157 -0.0219
vn -0.6846 -0.7273 -0.0485
vn -0.6981 -0.7156 -0.0219
vn -0.6777 -0.7351 -0.0213
vn -0.6679 -0.7427 -0.0478
vn -0.6776 -0.7351 -0.0213
vn -0.6604 -0.7506 -0.0207
vn -0.6521 -0.7568 -0.0448
vn -0.6605 -0.7506 -0.0207
vn -0.6470 -0.7622 -0.0203
vn -0.6403 -0.7668 -0.0446
vn -0.6376 -0.7701 -0.0200
vn -0.6340 -0.7720 -0.0446
vn -0.6332 -0.7737 -0.0199
vn -0.6326 -0.7733 -0.0439
vn -0.6349 -0.7723 -0.0199
vn -0.6382 -0.7685 -0.0448
vn -0.6446 -0.7642 -0.0202
vn -0.6549 -0.7544 -0.0444
vn -0.6653 -0.7463 -0.0209
vn -0.6815 -0.7304 -0.0455
vn -0.7016 -0.7122 -0.0220
vn -0.7307 -0.6807 -0.0525
vn -0.7618 -0.6474 -0.0239
vn -0.8112 -0.5820 -0.0568
vn -0.7618 -0.6473 -0.0239
vn -0.8560 -0.5163 -0.0269
vn -0.9232 -0.3789 -0.0639
vn -0.8559 -0.5164 -0.0269
vn -0.9719 -0.2336 -0.0305
vn -0.9874 -0.1416 -0.0709
vn -0.9719 -0.2335 -0.0305
vn -0.9635 -0.2142 -0.1604
vn -0.9186 -0.3644 -0.1529
vn -0.8600 -0.4898 -0.1430
vn -0.7959 -0.5909 -0.1315
vn -0.7232 -0.6846 -0.0909
vn -0.6504 -0.7519 -0.1074
vn -0.6485 -0.7537 -0.1066
vn -0.7587 -0.6395 -0.1242
vn -0.9256 -0.3481 -0.1487
vn -0.7149 -0.6845 -0.1428
vn -0.9376 -0.2144 -0.2737
vn -0.8939 -0.3645 -0.2608
vn -0.8369 -0.4899 -0.2441
vn -0.7748 -0.5904 -0.2260
vn -0.7073 -0.6846 -0.1765
vn -0.6324 -0.7523 -0.1845
vn -0.6306 -0.7539 -0.1842
vn -0.7376 -0.6396 -0.2163
vn -0.9003 -0.3473 -0.2624
vn -0.6909 -0.6848 -0.2316
vn -0.8957 -0.2146 -0.3895
vn -0.8539 -0.3648 -0.3712
vn -0.7993 -0.4903 -0.3474
vn -0.7394 -0.5912 -0.3222
vn -0.6790 -0.6849 -0.2641
vn -0.6038 -0.7526 -0.2625
vn -0.6021 -0.7542 -0.2619
vn -0.7043 -0.6400 -0.3073
vn -0.8601 -0.3473 -0.3736
vn -0.6559 -0.6835 -0.3202
vn -0.8398 -0.2147 -0.4986
vn -0.8006 -0.3650 -0.4751
vn -0.7494 -0.4906 -0.4447
vn -0.6924 -0.5931 -0.4109
vn -0.6254 -0.6849 -0.3738
vn -0.5663 -0.7521 -0.3372
vn -0.5643 -0.7545 -0.3351
vn -0.6600 -0.6403 -0.3929
vn -0.8065 -0.3473 -0.4784
vn -0.7711 -0.2148 -0.5993
vn -0.7351 -0.3652 -0.5712
vn -0.6880 -0.4907 -0.5346
vn -0.6357 -0.5933 -0.4939
vn -0.5747 -0.6859 -0.4464
vn -0.5209 -0.7516 -0.4047
vn -0.5180 -0.7547 -0.4027
vn -0.6058 -0.6405 -0.4720
vn -0.7406 -0.3473 -0.5752
vn -0.6906 -0.2148 -0.6906
vn -0.6584 -0.3652 -0.6581
vn -0.6162 -0.4908 -0.6160
vn -0.5693 -0.5933 -0.5691
vn -0.5147 -0.6859 -0.5144
vn -0.4665 -0.7517 -0.4663
vn -0.4638 -0.7547 -0.4639
vn -0.5424 -0.6406 -0.5436
vn -0.6634 -0.3473 -0.6628
vn -0.5995 -0.2148 -0.7710
vn -0.5715 -0.3652 -0.7349
vn -0.5349 -0.4907 -0.6878
vn -0.4942 -0.5933 -0.6355
vn -0.4468 -0.6859 -0.5744
vn -0.4049 -0.7516 -0.5207
vn -0.4026 -0.7547 -0.5181
vn -0.4706 -0.6405 -0.6069
vn -0.5759 -0.3473 -0.7401
vn -0.4987 -0.2147 -0.8398
vn -0.4754 -0.3650 -0.8004
vn -0.4450 -0.4905 -0.7492
vn -0.4125 -0.5922 -0.6922
vn -0.3739 -0.6865 -0.6236
vn -0.3369 -0.7514 -0.5673
vn -0.3350 -0.7545 -0.5644
vn -0.3913 -0.6403 -0.6609
vn -0.4791 -0.3473 -0.8061
vn -0.3896 -0.2145 -0.8956
vn -0.3715 -0.3648 -0.8538
vn -0.3478 -0.4903 -0.7992
vn -0.3220 -0.5907 -0.7398
vn -0.3188 -0.6864 -0.6536
vn -0.2636 -0.7523 -0.6038
vn -0.2618 -0.7542 -0.6022
vn -0.3056 -0.6400 -0.7050
vn -0.3744 -0.3473 -0.8598
vn -0.2645 -0.6850 -0.6788
vn -0.2739 -0.2144 -0.9376
vn -0.2612 -0.3645 -0.8938
vn -0.2445 -0.4899 -0.8368
vn -0.2264 -0.5904 -0.7747
vn -0.2320 -0.6849 -0.6907
vn -0.1848 -0.7523 -0.6323
vn -0.1841 -0.7539 -0.6307
vn -0.2145 -0.6396 -0.7382
vn -0.2632 -0.3473 -0.9000
vn -0.1769 -0.6846 -0.7071
vn -0.1534 -0.2142 -0.9647
vn -0.1464 -0.3642 -0.9197
vn -0.1371 -0.4896 -0.8611
vn -0.1269 -0.5900 -0.7974
vn -0.1432 -0.6845 -0.7148
vn -0.1036 -0.7520 -0.6509
vn -0.1031 -0.7535 -0.6493
vn -0.1198 -0.6392 -0.7596
vn -0.1476 -0.3475 -0.9260
vn -0.0861 -0.6843 -0.7241
vn -0.0359 -0.2142 -0.9761
vn -0.0323 -0.3659 -0.9301
vn -0.0312 -0.4857 -0.8736
vn -0.0300 -0.5928 -0.8048
vn -0.0520 -0.6842 -0.7274
vn -0.0247 -0.7510 -0.6598
vn -0.0243 -0.7551 -0.6552
vn -0.0279 -0.6358 -0.7714
vn -0.0365 -0.3508 -0.9357
vn 0.0047 -0.6829 -0.7305
vn 0.0615 -0.2140 -0.9749
vn 0.0567 -0.3715 -0.9267
vn 0.0518 -0.5379 -0.8414
vn 0.0476 -0.6790 -0.7326
vn 0.0431 -0.7494 -0.6608
vn 0.0457 -0.6518 -0.7570
vn 0.0643 -0.3804 -0.9226
vn 0.1584 -0.2142 -0.9639
vn 0.1509 -0.3643 -0.9190
vn 0.1432 -0.4877 -0.8612
vn 0.1300 -0.5933 -0.7944
vn 0.0849 -0.6832 -0.7253
vn 0.1059 -0.7515 -0.6512
vn 0.1052 -0.7547 -0.6476
vn 0.1250 -0.6367 -0.7609
vn 0.1531 -0.3500 -0.9242
vn 0.1428 -0.6845 -0.7149
vn 0.2737 -0.2144 -0.9376
vn 0.2608 -0.3645 -0.8939
vn 0.2442 -0.4899 -0.8369
vn 0.2260 -0.5904 -0.7748
vn 0.1765 -0.6846 -0.7073
vn 0.1845 -0.7523 -0.6324
vn 0.1842 -0.7539 -0.6306
vn 0.2163 -0.6397 -0.7376
vn 0.2624 -0.3474 -0.9003
vn 0.2316 -0.6848 -0.6909
vn 0.3895 -0.2146 -0.8957
vn 0.3712 -0.3648 -0.8539
vn 0.3474 -0.4903 -0.7993
vn 0.3222 -0.5912 -0.7394
vn 0.2641 -0.6850 -0.6790
vn 0.2625 -0.7526 -0.6039
vn 0.2619 -0.7542 -0.6021
vn 0.3072 -0.6401 -0.7042
vn 0.3736 -0.3473 -0.8601
vn 0.3203 -0.6835 -0.6559
vn 0.4986 -0.2147 -0.8398
vn 0.4751 -0.3650 -0.8006
vn 0.4447 -0.4905 -0.7494
vn 0.4109 -0.5931 -0.6924
vn 0.3738 -0.6849 -0.6254
vn 0.3372 -0.7521 -0.5663
vn 0.3351 -0.7545 -0.5643
vn 0.3929 -0.6404 -0.6600
vn 0.4784 -0.3473 -0.8065
vn 0.5993 -0.2148 -0.7711
vn 0.5712 -0.3652 -0.7351
vn 0.5346 -0.4907 -0.6880
vn 0.4939 -0.5933 -0.6357
vn 0.4464 -0.6859 -0.5747
vn 0.4047 -0.7516 -0.5209
vn 0.4027 -0.7547 -0.5180
vn 0.4720 -0.6405 -0.6057
vn 0.5752 -0.3473 -0.7406
vn 0.6906 -0.2148 -0.6906
vn 0.6581 -0.3652 -0.6584
vn 0.6160 -0.4908 -0.6162
vn 0.5691 -0.5933 -0.5693
vn 0.5144 -0.6859 -0.5147
vn 0.4663 -0.7517 -0.4665
vn 0.4639 -0.7547 -0.4638
vn 0.5436 -0.6406 -0.5423
vn 0.6628 -0.3473 -0.6634
vn 0.7710 -0.2148 -0.5994
vn 0.7349 -0.3652 -0.5715
vn 0.6878 -0.4907 -0.5349
vn 0.6355 -0.5933 -0.4942
vn 0.5744 -0.6859 -0.4468
vn 0.5207 -0.7516 -0.4049
vn 0.5181 -0.7547 -0.4026
vn 0.6069 -0.6405 -0.4706
vn 0.7401 -0.3473 -0.5759
vn 0.8398 -0.2147 -0.4987
vn 0.8004 -0.3650 -0.4754
vn 0.7492 -0.4905 -0.4450
vn 0.6922 -0.5922 -0.4125
vn 0.6236 -0.6865 -0.3739
vn 0.5673 -0.7514 -0.3369
vn 0.5644 -0.7545 -0.3350
vn 0.6609 -0.6403 -0.3913
vn 0.8061 -0.3473 -0.4791
vn 0.8956 -0.2145 -0.3896
vn 0.8538 -0.3648 -0.3715
vn 0.7992 -0.4902 -0.3478
vn 0.7398 -0.5907 -0.3220
vn 0.6536 -0.6864 -0.3188
vn 0.6038 -0.7523 -0.2636
vn 0.6022 -0.7542 -0.2618
vn 0.7050 -0.6400 -0.3056
vn 0.8598 -0.3473 -0.3744
vn 0.6788 -0.6850 -0.2645
vn 0.9376 -0.2144 -0.2738
vn 0.8938 -0.3645 -0.2612
vn 0.8368 -0.4899 -0.2445
vn 0.7747 -0.5904 -0.2264
vn 0.6907 -0.6849 -0.2320
vn 0.6323 -0.7523 -0.1848
vn 0.6307 -0.7539 -0.1841
vn 0.7382 -0.6396 -0.2145
vn 0.9000 -0.3474 -0.2632
vn 0.7071 -0.6846 -0.1768
vn 0.9635 -0.2143 -0.1605
vn 0.9186 -0.3644 -0.1531
vn 0.8600 -0.4898 -0.1432
vn 0.7960 -0.5908 -0.1319
vn 0.7148 -0.6845 -0.1432
vn 0.6504 -0.7520 -0.1074
vn 0.6484 -0.7540 -0.1057
vn 0.7595 -0.6389 -0.1223
vn 0.9253 -0.3482 -0.1500
vn 0.7228 -0.6851 -0.0911
vn 0.9938 -0.0868 -0.0702
vn 0.9830 -0.1698 -0.0694
vn 0.9644 -0.2554 -0.0682
vn 0.9421 -0.3286 -0.0668
vn 0.9135 -0.4016 -0.0646
vn 0.8848 -0.4617 -0.0628
vn 0.8521 -0.5199 -0.0602
vn 0.8220 -0.5665 -0.0583
vn 0.7899 -0.6107 -0.0558
vn 0.7630 -0.6442 -0.0528
vn 0.7350 -0.6766 -0.0439
vn 0.7086 -0.7043 -0.0434
vn 0.6851 -0.7267 -0.0499
vn 0.6693 -0.7414 -0.0488
vn 0.6528 -0.7562 -0.0449
vn 0.6408 -0.7664 -0.0447
vn 0.6337 -0.7722 -0.0455
vn 0.6329 -0.7729 -0.0448
vn 0.6378 -0.7689 -0.0446
vn 0.6531 -0.7559 -0.0457
vn 0.6811 -0.7307 -0.0472
vn 0.7290 -0.6826 -0.0520
vn 0.8092 -0.5849 -0.0558
vn 0.9210 -0.3845 -0.0630
vn 0.9875 -0.1422 -0.0676
vn 0.9985 -0.0441 -0.0314
vn 0.9908 -0.1317 -0.0311
vn 0.9759 -0.2161 -0.0306
vn 0.9759 -0.2162 -0.0307
vn 0.9548 -0.2956 -0.0300
vn 0.9290 -0.3688 -0.0292
vn 0.9290 -0.3689 -0.0292
vn 0.8999 -0.4351 -0.0283
vn 0.9000 -0.4351 -0.0283
vn 0.8689 -0.4942 -0.0273
vn 0.8373 -0.5461 -0.0263
vn 0.8060 -0.5914 -0.0253
vn 0.7759 -0.6304 -0.0244
vn 0.7476 -0.6637 -0.0235
vn 0.7215 -0.6920 -0.0227
vn 0.7216 -0.6920 -0.0227
vn 0.6981 -0.7156 -0.0219
vn 0.6776 -0.7351 -0.0213
vn 0.6777 -0.7351 -0.0213
vn 0.6605 -0.7506 -0.0207
vn 0.6604 -0.7506 -0.0208
vn 0.6470 -0.7622 -0.0203
vn 0.6376 -0.7701 -0.0200
vn 0.6332 -0.7737 -0.0199
vn 0.6349 -0.7723 -0.0200
vn 0.6446 -0.7642 -0.0203
vn 0.6653 -0.7463 -0.0209
vn 0.7016 -0.7122 -0.0221
vn 0.7016 -0.7122 -0.0220
vn 0.7618 -0.6473 -0.0239
vn 0.7618 -0.6474 -0.0239
vn 0.8559 -0.5164 -0.0269
vn 0.8560 -0.5163 -0.0269
vn 0.9719 -0.2334 -0.0305
vn 0.9719 -0.2336 -0.0305
vn 0.8107 -0.5838 0.0444
vn 0.8132 -0.5815 0.0245
vn 0.4393 -0.8981 0.0215
vn 0.0170 -0.9999 0.0028
vn 0.0052 -0.9997 -0.0245
vn 0.0056 -0.9987 -0.0508
vn 0.9106 -0.3987 0.1091
vn 0.6257 -0.7738 0.0992
vn 0.3398 -0.9390 0.0528
vn 0.1937 -0.9810 0.0109
vn 0.1587 -0.9870 0.0271
vn 0.0919 -0.9957 0.0074
vn 0.0798 -0.9965 0.0253
vn 0.0471 -0.9989 0.0060
vn 0.0419 -0.9990 0.0142
vn 0.0176 -0.9998 0.0106
vn 0.0050 -1.0000 0.0007
vn 0.0021 -1.0000 0.0002
vn 0.8918 -0.4096 0.1923
vn 0.0050 -1.0000 0.0010
vn 0.0021 -1.0000 0.0003
vn 0.8820 -0.4216 0.2105
vn 0.5353 -0.8305 0.1542
vn 0.2632 -0.9600 0.0953
vn 0.1451 -0.9880 0.0536
vn 0.0033 -1.0000 0.0088
vn 0.0052 -1.0000 0.0016
vn 0.0021 -1.0000 0.0005
vn 0.8555 -0.4247 0.2962
vn 0.0080 -1.0000 0.0024
vn 0.0021 -1.0000 0.0006
vn 0.8481 -0.4222 0.3200
vn 0.5018 -0.8358 0.2229
vn 0.0057 -1.0000 0.0021
vn 0.0020 -1.0000 0.0007
vn 0.8114 -0.4252 0.4010
vn 0.0045 -1.0000 0.0020
vn 0.0020 -1.0000 0.0008
vn 0.8011 -0.4226 0.4239
vn 0.4753 -0.8360 0.2742
vn 0.2317 -0.9600 0.1573
vn 0.1269 -0.9884 0.0836
vn 0.0595 -0.9969 0.0515
vn 0.0289 -0.9992 0.0273
vn 0.0038 -1.0000 0.0020
vn 0.0019 -1.0000 0.0010
vn 0.7549 -0.4255 0.4991
vn 0.0033 -1.0000 0.0020
vn 0.0018 -1.0000 0.0011
vn 0.7418 -0.4230 0.5205
vn 0.4307 -0.8360 0.3400
vn 0.0029 -1.0000 0.0021
vn 0.0018 -1.0000 0.0012
vn 0.6869 -0.4258 0.5890
vn 0.0026 -1.0000 0.0021
vn 0.0017 -1.0000 0.0013
vn 0.6712 -0.4231 0.6086
vn 0.3926 -0.8362 0.3829
vn 0.1861 -0.9599 0.2095
vn 0.1026 -0.9881 0.1149
vn 0.0023 -1.0000 0.0022
vn 0.0016 -1.0000 0.0014
vn 0.6084 -0.4258 0.6697
vn 0.0021 -1.0000 0.0022
vn 0.0015 -1.0000 0.0015
vn 0.5905 -0.4231 0.6873
vn 0.3335 -0.8360 0.4357
vn 0.0019 -1.0000 0.0023
vn 0.0014 -1.0000 0.0016
vn 0.5205 -0.4257 0.7402
vn 0.0017 -1.0000 0.0023
vn 0.0013 -1.0000 0.0017
vn 0.5005 -0.4229 0.7554
vn 0.2860 -0.8361 0.4681
vn 0.1305 -0.9584 0.2539
vn 0.0794 -0.9845 0.1566
vn 0.0464 -0.9948 0.0902
vn 0.0163 -0.9989 0.0444
vn 0.0011 -0.9998 0.0197
vn 0.0015 -1.0000 0.0024
vn 0.0012 -1.0000 0.0018
vn 0.4240 -0.4255 0.7995
vn 0.0014 -1.0000 0.0025
vn 0.0011 -1.0000 0.0018
vn 0.4023 -0.4226 0.8121
vn 0.2151 -0.8357 0.5053
vn 0.0012 -1.0000 0.0025
vn 0.0010 -1.0000 0.0019
vn 0.3204 -0.4251 0.8465
vn 0.0010 -1.0000 0.0026
vn 0.0009 -1.0000 0.0019
vn 0.2974 -0.4221 0.8564
vn 0.1606 -0.8358 0.5250
vn 0.0644 -0.9580 0.2795
vn 0.0391 -0.9846 0.1704
vn 0.0230 -0.9947 0.1004
vn 0.0009 -1.0000 0.0027
vn 0.0007 -1.0000 0.0020
vn 0.2110 -0.4246 0.8804
vn 0.0007 -1.0000 0.0028
vn 0.0006 -1.0000 0.0020
vn 0.1872 -0.4216 0.8872
vn 0.0840 -0.8342 0.5450
vn 0.0005 -1.0000 0.0029
vn 0.0005 -1.0000 0.0021
vn 0.1009 -0.4202 0.9018
vn 0.0004 -1.0000 0.0030
vn 0.0003 -1.0000 0.0021
vn 0.0675 -0.4145 0.9076
vn 0.0289 -0.7599 0.6493
vn -0.0105 -0.8725 0.4885
vn 0.0039 -0.9631 0.2691
vn -0.0070 -0.9890 0.1480
vn -0.0051 -0.9964 0.0843
vn -0.0083 -0.9992 0.0401
vn 0.0002 -1.0000 0.0032
vn 0.0002 -1.0000 0.0021
vn 0.0069 -0.3955 0.9185
vn -0.0000 -1.0000 0.0034
vn 0.0001 -1.0000 0.0021
vn -0.0621 -0.4899 0.8696
vn -0.0328 -0.9751 0.2192
vn -0.0003 -1.0000 0.0036
vn -0.0001 -1.0000 0.0021
vn -0.1051 -0.3876 0.9158
vn -0.0992 -0.7692 0.6312
vn -0.0596 -0.9265 0.3715
vn -0.0006 -1.0000 0.0039
vn -0.0002 -1.0000 0.0021
vn -0.1923 -0.4097 0.8917
vn -0.0009 -1.0000 0.0043
vn -0.0003 -1.0000 0.0021
vn -0.2105 -0.4216 0.8820
vn -0.1534 -0.8313 0.5343
vn -0.0974 -0.9596 0.2640
vn -0.0532 -0.9884 0.1426
vn -0.0287 -0.9969 0.0728
vn -0.0014 -1.0000 0.0050
vn -0.0005 -1.0000 0.0021
vn -0.2961 -0.4247 0.8555
vn -0.0022 -1.0000 0.0062
vn -0.0006 -1.0000 0.0021
vn -0.3200 -0.4222 0.8482
vn -0.2228 -0.8358 0.5018
vn -0.0037 -1.0000 0.0086
vn -0.0007 -1.0000 0.0020
vn -0.4010 -0.4252 0.8114
vn -0.0088 -0.9998 0.0176
vn -0.0009 -1.0000 0.0020
vn -0.4239 -0.4226 0.8011
vn -0.2742 -0.8360 0.4753
vn -0.1573 -0.9600 0.2317
vn -0.0836 -0.9884 0.1269
vn -0.0521 -0.9969 0.0597
vn -0.0287 -0.9990 0.0329
vn -0.0194 -0.9997 0.0126
vn -0.0140 -0.9999 0.0049
vn -0.0233 -0.9988 0.0422
vn -0.0010 -1.0000 0.0019
vn -0.4991 -0.4256 0.7549
vn -0.0114 -0.9998 0.0191
vn -0.0011 -1.0000 0.0018
vn -0.5205 -0.4229 0.7418
vn -0.3400 -0.8360 0.4306
vn -0.0065 -0.9999 0.0095
vn -0.0012 -1.0000 0.0018
vn -0.5890 -0.4258 0.6869
vn -0.0050 -1.0000 0.0064
vn -0.0013 -1.0000 0.0017
vn -0.6086 -0.4231 0.6712
vn -0.3829 -0.8362 0.3926
vn -0.2095 -0.9600 0.1856
vn -0.1151 -0.9882 0.1009
vn -0.0043 -1.0000 0.0048
vn -0.0014 -1.0000 0.0016
vn -0.6697 -0.4258 0.6084
vn -0.0039 -1.0000 0.0038
vn -0.0015 -1.0000 0.0015
vn -0.6872 -0.4231 0.5905
vn -0.4357 -0.8360 0.3335
vn -0.0036 -1.0000 0.0031
vn -0.0016 -1.0000 0.0014
vn -0.7402 -0.4257 0.5205
vn -0.0035 -1.0000 0.0026
vn -0.0017 -1.0000 0.0013
vn -0.7554 -0.4229 0.5005
vn -0.4681 -0.8361 0.2860
vn -0.2484 -0.9599 0.1302
vn -0.1355 -0.9882 0.0708
vn -0.0684 -0.9970 0.0371
vn -0.0402 -0.9991 0.0143
vn -0.0034 -1.0000 0.0022
vn -0.0018 -1.0000 0.0012
vn -0.7995 -0.4254 0.4240
vn -0.0033 -1.0000 0.0018
vn -0.0018 -1.0000 0.0011
vn -0.8121 -0.4225 0.4024
vn -0.5101 -0.8306 0.2235
vn -0.0032 -1.0000 0.0016
vn -0.0019 -1.0000 0.0010
vn -0.8473 -0.4211 0.3237
vn -0.0032 -1.0000 0.0013
vn -0.0020 -1.0000 0.0009
vn -0.8647 -0.4016 0.3017
vn -0.6074 -0.7749 0.1751
vn -0.3369 -0.9362 0.0999
vn -0.2037 -0.9780 0.0444
vn -0.1261 -0.9916 0.0290
vn -0.0857 -0.9962 0.0128
vn -0.0031 -1.0000 0.0011
vn -0.0020 -1.0000 0.0007
vn -0.8901 -0.4034 0.2119
vn -0.0031 -1.0000 0.0008
vn -0.0021 -1.0000 0.0006
vn -0.8959 -0.4012 0.1905
vn -0.6243 -0.7739 0.1067
vn -0.3678 -0.9287 0.0466
vn -0.0031 -1.0000 0.0006
vn -0.0021 -1.0000 0.0005
vn -0.9120 -0.3956 0.1083
vn -0.0031 -1.0000 0.0004
vn -0.0021 -1.0000 0.0003
vn -0.8180 -0.5725 0.0554
vn -0.5914 -0.8062 0.0177
vn -0.1796 -0.9837 0.0106
vn -0.0608 -0.9982 0.0019
vn -0.0030 -1.0000 -0.0071
vn -0.0021 -1.0000 0.0002
vn -0.9047 -0.4253 0.0248
vn -0.3337 -0.9424 0.0229
vn -0.0032 -0.9999 -0.0148
vn -0.9983 -0.0489 -0.0313
vn -0.9913 -0.1127 -0.0684
vn -0.9983 -0.0488 -0.0313
vn -0.9830 -0.1810 -0.0309
vn -0.9621 -0.2666 -0.0577
vn -0.9830 -0.1811 -0.0309
vn -0.9356 -0.3519 -0.0294
vn -0.8937 -0.4457 -0.0519
vn -0.9355 -0.3520 -0.0294
vn -0.8466 -0.5315 -0.0266
vn -0.7857 -0.6162 -0.0548
vn -0.7270 -0.6863 -0.0228
vn -0.6673 -0.7432 -0.0490
vn -0.7268 -0.6864 -0.0228
vn -0.6011 -0.7990 -0.0189
vn -0.5448 -0.8379 -0.0332
vn -0.4871 -0.8732 -0.0153
vn -0.4377 -0.8987 -0.0272
vn -0.3924 -0.9197 -0.0123
vn -0.3521 -0.9356 -0.0269
vn -0.3169 -0.9484 -0.0100
vn -0.2875 -0.9575 -0.0211
vn -0.3168 -0.9484 -0.0100
vn -0.2572 -0.9663 -0.0082
vn -0.2319 -0.9726 -0.0141
vn -0.2569 -0.9664 -0.0081
vn -0.2096 -0.9778 -0.0066
vn -0.2011 -0.9795 -0.0138
vn -0.1954 -0.9807 -0.0061
vn -0.1552 -0.9878 -0.0121
vn -0.1719 -0.9851 0.0060
vn -0.1215 -0.9926 0.0076
vn -0.1183 -0.9929 -0.0090
vn -0.1413 -0.9900 -0.0044
vn -0.1165 -0.9932 -0.0037
vn -0.1051 -0.9944 -0.0098
vn -0.0959 -0.9954 -0.0030
vn -0.0878 -0.9961 -0.0091
vn -0.0826 -0.9966 -0.0026
vn -0.0718 -0.9974 -0.0076
vn -0.0789 -0.9969 0.0012
vn -0.0640 -0.9980 0.0016
vn -0.0648 -0.9979 -0.0065
vn -0.0645 -0.9979 0.0009
vn -0.0662 -0.9978 0.0009
vn -0.0445 -0.9990 -0.0010
vn -0.0523 -0.9984 0.0215
vn -0.0301 -0.9993 0.0222
vn -0.0306 -0.9995 -0.0023
vn -0.0419 -0.9991 0.0005
vn -0.0327 -0.9995 0.0008
vn -0.0278 -0.9996 -0.0050
vn -0.0328 -0.9995 0.0005
vn -0.0249 -0.9997 0.0008
vn -0.0210 -0.9998 -0.0049
vn -0.0250 -0.9997 0.0003
vn -0.0193 -0.9998 0.0005
vn -0.0149 -0.9999 -0.0027
vn -0.0182 -0.9998 0.0053
vn -0.0119 -0.9999 0.0056
vn -0.0084 -1.0000 -0.0012
vn -0.0122 -0.9999 0.0034
vn -0.0066 -1.0000 0.0036
vn -0.0044 -1.0000 -0.0002
vn -0.0069 -1.0000 -0.0002
vn -0.0021 -1.0000 -0.0001
vn -0.9027 -0.4164 -0.1088
vn -0.5444 -0.8337 -0.0923
vn -0.2536 -0.9661 -0.0477
vn -0.1095 -0.9934 -0.0326
vn -0.0043 -1.0000 -0.0006
vn -0.0021 -1.0000 -0.0002
vn -0.8862 -0.4242 -0.1861
vn -0.0043 -1.0000 -0.0008
vn -0.0021 -1.0000 -0.0003
vn -0.8820 -0.4216 -0.2105
vn -0.5292 -0.8356 -0.1473
vn -0.2688 -0.9581 -0.0991
vn -0.1649 -0.9843 -0.0632
vn -0.0675 -0.9973 -0.0285
vn -0.0299 -0.9993 -0.0227
vn -0.0043 -1.0000 -0.0011
vn -0.0021 -1.0000 -0.0005
vn -0.8555 -0.4247 -0.2962
vn -0.0043 -1.0000 -0.0014
vn -0.0021 -1.0000 -0.0006
vn -0.8481 -0.4222 -0.3200
vn -0.5018 -0.8358 -0.2228
vn -0.0043 -1.0000 -0.0018
vn -0.0020 -1.0000 -0.0007
vn -0.8114 -0.4252 -0.4010
vn -0.0044 -1.0000 -0.0021
vn -0.0020 -1.0000 -0.0009
vn -0.8011 -0.4226 -0.4239
vn -0.4753 -0.8360 -0.2742
vn -0.2317 -0.9600 -0.1573
vn -0.1275 -0.9882 -0.0850
vn -0.0577 -0.9970 -0.0524
vn -0.0105 -0.9999 -0.0111
vn -0.0045 -1.0000 -0.0026
vn -0.0019 -1.0000 -0.0010
vn -0.7549 -0.4256 -0.4991
vn -0.0044 -1.0000 -0.0028
vn -0.0018 -1.0000 -0.0011
vn -0.7418 -0.4229 -0.5205
vn -0.4307 -0.8360 -0.3400
vn -0.0041 -1.0000 -0.0030
vn -0.0018 -1.0000 -0.0012
vn -0.6869 -0.4258 -0.5890
vn -0.0039 -1.0000 -0.0032
vn -0.0017 -1.0000 -0.0013
vn -0.6713 -0.4231 -0.6085
vn -0.3926 -0.8362 -0.3829
vn -0.1856 -0.9600 -0.2095
vn -0.0995 -0.9884 -0.1147
vn -0.0036 -1.0000 -0.0034
vn -0.0016 -1.0000 -0.0014
vn -0.6085 -0.4259 -0.6696
vn -0.0034 -1.0000 -0.0036
vn -0.0015 -1.0000 -0.0015
vn -0.5905 -0.4231 -0.6873
vn -0.3335 -0.8360 -0.4357
vn -0.0031 -1.0000 -0.0038
vn -0.0014 -1.0000 -0.0016
vn -0.5205 -0.4257 -0.7402
vn -0.0029 -1.0000 -0.0040
vn -0.0013 -1.0000 -0.0017
vn -0.5005 -0.4229 -0.7554
vn -0.2860 -0.8361 -0.4681
vn -0.1281 -0.9599 -0.2493
vn -0.0712 -0.9884 -0.1342
vn -0.0283 -0.9969 -0.0741
vn -0.0146 -0.9990 -0.0424
vn -0.0077 -0.9997 -0.0228
vn -0.0026 -1.0000 -0.0042
vn -0.0012 -1.0000 -0.0018
vn -0.4240 -0.4254 -0.7995
vn -0.0024 -1.0000 -0.0044
vn -0.0011 -1.0000 -0.0018
vn -0.4023 -0.4226 -0.8121
vn -0.2151 -0.8357 -0.5053
vn -0.0022 -1.0000 -0.0047
vn -0.0010 -1.0000 -0.0019
vn -0.3204 -0.4251 -0.8465
vn -0.0019 -1.0000 -0.0049
vn -0.0009 -1.0000 -0.0020
vn -0.2974 -0.4221 -0.8564
vn -0.1606 -0.8358 -0.5250
vn -0.0631 -0.9596 -0.2744
vn -0.0335 -0.9881 -0.1498
vn -0.0016 -1.0000 -0.0052
vn -0.0007 -1.0000 -0.0020
vn -0.2110 -0.4246 -0.8804
vn -0.0014 -1.0000 -0.0055
vn -0.0006 -1.0000 -0.0021
vn -0.1872 -0.4216 -0.8872
vn -0.0840 -0.8342 -0.5450
vn -0.0010 -1.0000 -0.0059
vn -0.0005 -1.0000 -0.0021
vn -0.1009 -0.4202 -0.9018
vn -0.0007 -1.0000 -0.0063
vn -0.0003 -1.0000 -0.0021
vn -0.0761 -0.4008 -0.9130
vn -0.0299 -0.7599 -0.6493
vn 0.0071 -0.8781 -0.4784
vn -0.0040 -0.9631 -0.2689
vn 0.0067 -0.9890 -0.1476
vn 0.0041 -0.9964 -0.0846
vn 0.0061 -0.9992 -0.0383
vn 0.0053 -0.9999 -0.0158
vn -0.0003 -1.0000 -0.0068
vn -0.0002 -1.0000 -0.0021
vn 0.0074 -0.3954 -0.9185
vn -0.0004 -1.0000 -0.0057
vn -0.0001 -1.0000 -0.0021
vn 0.0533 -0.5826 -0.8110
vn 0.0328 -0.9751 -0.2192
vn 0.0003 -1.0000 -0.0051
vn 0.0001 -1.0000 -0.0021
vn 0.1091 -0.3988 -0.9105
vn 0.1000 -0.7692 -0.6311
vn 0.0596 -0.9265 -0.3715
vn 0.0006 -1.0000 -0.0050
vn 0.0002 -1.0000 -0.0021
vn 0.1923 -0.4097 -0.8917
vn 0.0009 -1.0000 -0.0049
vn 0.0003 -1.0000 -0.0021
vn 0.2105 -0.4216 -0.8820
vn 0.1534 -0.8313 -0.5343
vn 0.0974 -0.9596 -0.2640
vn 0.0529 -0.9885 -0.1417
vn 0.0263 -0.9973 -0.0684
vn 0.0012 -1.0000 -0.0048
vn 0.0005 -1.0000 -0.0021
vn 0.2961 -0.4247 -0.8555
vn 0.0015 -1.0000 -0.0047
vn 0.0006 -1.0000 -0.0020
vn 0.3200 -0.4222 -0.8482
vn 0.2228 -0.8358 -0.5018
vn 0.0018 -1.0000 -0.0046
vn 0.0007 -1.0000 -0.0020
vn 0.4010 -0.4252 -0.8114
vn 0.0022 -1.0000 -0.0045
vn 0.0009 -1.0000 -0.0019
vn 0.4239 -0.4226 -0.8011
vn 0.2742 -0.8360 -0.4753
vn 0.1573 -0.9600 -0.2317
vn 0.0836 -0.9884 -0.1268
vn 0.0532 -0.9968 -0.0592
vn 0.0288 -0.9991 -0.0323
vn 0.0194 -0.9997 -0.0143
vn 0.0025 -1.0000 -0.0044
vn 0.0010 -1.0000 -0.0019
vn 0.4991 -0.4255 -0.7549
vn 0.0028 -1.0000 -0.0044
vn 0.0011 -1.0000 -0.0018
vn 0.5205 -0.4229 -0.7418
vn 0.3400 -0.8360 -0.4306
vn 0.0032 -1.0000 -0.0043
vn 0.0012 -1.0000 -0.0018
vn 0.5890 -0.4257 -0.6869
vn 0.0036 -1.0000 -0.0042
vn 0.0013 -1.0000 -0.0017
vn 0.6086 -0.4231 -0.6712
vn 0.3829 -0.8362 -0.3926
vn 0.2095 -0.9600 -0.1856
vn 0.1147 -0.9884 -0.0995
vn 0.0040 -1.0000 -0.0041
vn 0.0014 -1.0000 -0.0016
vn 0.6697 -0.4259 -0.6084
vn 0.0044 -1.0000 -0.0041
vn 0.0015 -1.0000 -0.0015
vn 0.6872 -0.4231 -0.5905
vn 0.4357 -0.8360 -0.3335
vn 0.0050 -1.0000 -0.0040
vn 0.0016 -1.0000 -0.0014
vn 0.7402 -0.4258 -0.5205
vn 0.0056 -1.0000 -0.0039
vn 0.0017 -1.0000 -0.0013
vn 0.7554 -0.4229 -0.5005
vn 0.4681 -0.8361 -0.2860
vn 0.2493 -0.9599 -0.1281
vn 0.1342 -0.9884 -0.0712
vn 0.0740 -0.9968 -0.0296
vn 0.0410 -0.9990 -0.0168
vn 0.0107 -0.9999 -0.0014
vn 0.0048 -1.0000 -0.0036
vn 0.0018 -1.0000 -0.0012
vn 0.7995 -0.4254 -0.4240
vn 0.0043 -1.0000 -0.0024
vn 0.0018 -1.0000 -0.0011
vn 0.8121 -0.4225 -0.4024
vn 0.5053 -0.8357 -0.2151
vn 0.0042 -1.0000 -0.0021
vn 0.0019 -1.0000 -0.0010
vn 0.8466 -0.4251 -0.3204
vn 0.0041 -1.0000 -0.0017
vn 0.0020 -1.0000 -0.0008
vn 0.8564 -0.4222 -0.2974
vn 0.5250 -0.8358 -0.1607
vn 0.2748 -0.9592 -0.0660
vn 0.1493 -0.9881 -0.0372
vn 0.0041 -1.0000 -0.0014
vn 0.0020 -1.0000 -0.0007
vn 0.8804 -0.4246 -0.2110
vn 0.0041 -1.0000 -0.0011
vn 0.0021 -1.0000 -0.0006
vn 0.8873 -0.4216 -0.1872
vn 0.5487 -0.8312 -0.0895
vn 0.0041 -1.0000 -0.0008
vn 0.0021 -1.0000 -0.0005
vn 0.9005 -0.4206 -0.1104
vn 0.0041 -1.0000 -0.0005
vn 0.0021 -1.0000 -0.0003
vn 0.9915 -0.1132 -0.0646
vn 0.9628 -0.2641 -0.0579
vn 0.8951 -0.4428 -0.0522
vn 0.7882 -0.6129 -0.0546
vn 0.6695 -0.7412 -0.0492
vn 0.5476 -0.8360 -0.0343
vn 0.4408 -0.8972 -0.0282
vn 0.3534 -0.9350 -0.0298
vn 0.2904 -0.9566 -0.0258
vn 0.2342 -0.9720 -0.0192
vn 0.1928 -0.9811 -0.0162
vn 0.1584 -0.9873 -0.0113
vn 0.1296 -0.9915 -0.0095
vn 0.1058 -0.9943 -0.0115
vn 0.0894 -0.9959 -0.0107
vn 0.0728 -0.9973 -0.0074
vn 0.0589 -0.9982 -0.0070
vn 0.0487 -0.9988 -0.0060
vn 0.0380 -0.9993 -0.0043
vn 0.0298 -0.9995 -0.0045
vn 0.0227 -0.9997 -0.0033
vn 0.0161 -0.9999 -0.0027
vn 0.0047 -1.0000 -0.0003
vn 0.0021 -1.0000 -0.0002
vn 0.9983 -0.0488 -0.0313
vn 0.9983 -0.0489 -0.0313
vn 0.9830 -0.1811 -0.0309
vn 0.9830 -0.1810 -0.0309
vn 0.9357 -0.3516 -0.0294
vn 0.8466 -0.5315 -0.0266
vn 0.7272 -0.6861 -0.0228
vn 0.7271 -0.6861 -0.0229
vn 0.6008 -0.7992 -0.0189
vn 0.6009 -0.7991 -0.0189
vn 0.4871 -0.8732 -0.0153
vn 0.3925 -0.9197 -0.0123
vn 0.3924 -0.9197 -0.0123
vn 0.3168 -0.9484 -0.0100
vn 0.3169 -0.9484 -0.0100
vn 0.2569 -0.9664 -0.0081
vn 0.2572 -0.9663 -0.0082
vn 0.2096 -0.9778 -0.0066
vn 0.1719 -0.9851 -0.0054
vn 0.1413 -0.9900 -0.0044
vn 0.1165 -0.9932 -0.0037
vn 0.0959 -0.9954 -0.0030
vn 0.0789 -0.9969 -0.0025
vn 0.0645 -0.9979 -0.0020
vn 0.0523 -0.9986 -0.0016
vn 0.0419 -0.9991 -0.0013
vn 0.0328 -0.9995 -0.0010
vn 0.0250 -0.9997 -0.0008
vn 0.0182 -0.9998 -0.0006
vn 0.0122 -0.9999 -0.0004
vn 0.0136 -0.9999 0.0062
vn 0.0069 -1.0000 0.0064
vn 0.0060 -1.0000 -0.0002
vn 0.0021 -1.0000 -0.0001
vn 0.0051 -0.9994 0.0352
vn 0.0041 -0.9950 0.0994
vn 0.0169 -0.9906 0.1359
vn 0.0814 -0.9966 0.0133
vn 0.0568 -0.9943 0.0906
vn 0.1568 -0.9793 0.1283
vn 0.2557 -0.9650 0.0582
vn 0.3244 -0.9324 0.1595
vn 0.4290 -0.8965 0.1106
vn 0.5602 -0.8260 0.0627
vn 0.6410 -0.7557 0.1341
vn 0.8286 -0.5524 0.0915
vn 0.9638 -0.2276 0.1387
vn 0.9723 -0.2266 0.0568
vn 0.9931 0.0702 0.0944
vn 0.9946 0.0953 0.0401
vn 0.8291 -0.5131 0.2222
vn 0.9709 -0.0141 0.2389
vn 0.0041 -0.9675 0.2530
vn 0.0177 -0.9686 0.2481
vn 0.0636 -0.9666 0.2483
vn 0.1636 -0.9536 0.2528
vn 0.5023 -0.8219 0.2686
vn 0.6385 -0.6489 0.4137
vn 0.9190 -0.2265 0.3227
vn 0.3207 -0.8791 0.3527
vn 0.7742 -0.4780 0.4149
vn 0.8786 0.0530 0.4746
vn 0.0038 -0.9012 0.4334
vn 0.0172 -0.9052 0.4247
vn 0.0618 -0.9027 0.4257
vn 0.1584 -0.8869 0.4339
vn 0.4760 -0.7289 0.4921
vn 0.8195 -0.1673 0.5481
vn 0.2905 -0.7824 0.5509
vn 0.6913 -0.3654 0.6233
vn 0.0033 -0.7679 0.6406
vn 0.0155 -0.7781 0.6279
vn 0.0557 -0.7745 0.6301
vn 0.1428 -0.7540 0.6412
vn 0.4150 -0.6064 0.6782
vn 0.5084 -0.3929 0.7662
vn 0.5773 -0.2005 0.7915
vn 0.6929 -0.0100 0.7210
vn 0.2516 -0.5794 0.7753
vn 0.0034 -0.5269 0.8499
vn 0.0092 -0.5666 0.8240
vn 0.0514 -0.5578 0.8284
vn 0.1097 -0.5322 0.8395
vn 0.2847 -0.3184 0.9042
vn 0.4514 -0.0095 0.8922
vn 0.1628 -0.3548 0.9207
vn 0.2665 -0.1014 0.9585
vn 0.0013 -0.1373 0.9905
vn 0.0091 -0.1859 0.9825
vn 0.0653 -0.3653 0.9286
vn 0.2244 -0.0051 0.9745
vn -0.0288 0.0932 0.9952
vn -0.0414 0.0608 0.9973
vn -0.0796 0.0392 0.9961
vn -0.0430 0.0001 0.9991
vn -0.0018 0.3627 0.9319
vn -0.0233 0.2120 0.9770
vn -0.0078 0.3959 0.9182
vn -0.0539 0.2844 0.9572
vn -0.1715 0.3229 0.9308
vn -0.2489 0.2202 0.9432
vn -0.3672 0.0543 0.9286
vn -0.0346 0.5183 0.8545
vn -0.1240 0.5412 0.8317
vn -0.4120 0.1901 0.8911
vn -0.0036 0.6996 0.7145
vn -0.0130 0.6804 0.7328
vn -0.0620 0.7268 0.6841
vn -0.2372 0.5856 0.7751
vn -0.3588 0.5469 0.7564
vn -0.4168 0.4151 0.8087
vn -0.1216 0.7575 0.6414
vn -0.2003 0.7258 0.6581
vn -0.5719 0.3722 0.7310
vn -0.6651 0.1916 0.7218
vn -0.6628 0.0602 0.7463
vn -0.4441 -0.0220 0.8957
vn -0.0057 0.8636 0.5042
vn -0.0188 0.8565 0.5158
vn -0.0723 0.8754 0.4780
vn -0.3311 0.7502 0.5724
vn -0.5437 0.5821 0.6046
vn -0.1523 0.9022 0.4035
vn -0.2491 0.8598 0.4457
vn -0.4686 0.7372 0.4868
vn -0.7304 0.4186 0.5396
vn -0.8799 0.1965 0.4327
vn -0.8297 0.0365 0.5570
vn -0.0048 0.9461 0.3238
vn -0.0226 0.9555 0.2942
vn -0.0791 0.9574 0.2776
vn -0.3824 0.8441 0.3759
vn -0.6312 0.6564 0.4131
vn -0.8342 0.3563 0.4209
vn -0.2088 0.9407 0.2672
vn -0.3031 0.9346 0.1861
vn -0.5355 0.8176 0.2116
vn -0.7987 0.5587 0.2237
vn -0.9473 0.0456 0.3171
vn -0.0036 0.9862 0.1658
vn -0.1284 0.9752 0.1805
vn -0.4102 0.8908 0.1953
vn -0.6734 0.7076 0.2142
vn -0.9029 0.3682 0.2217
vn -0.0236 0.9947 0.1002
vn -0.0549 0.9929 0.1055
vn -0.2233 0.9701 0.0956
vn -0.9775 0.1627 0.1346
vn -0.9962 -0.0203 0.0849
vn -0.0037 0.9995 0.0317
vn -0.1246 0.9921 0.0118
vn -0.4168 0.9081 0.0392
vn -0.7008 0.7121 0.0434
vn -0.9158 0.3991 0.0448
vn -0.0232 0.9974 -0.0680
vn -0.0582 0.9960 -0.0683
vn -0.2252 0.9740 -0.0252
vn -0.3073 0.9455 -0.1078
vn -0.5494 0.8345 -0.0411
vn -0.8141 0.5672 -0.1242
vn -0.9823 0.1720 -0.0741
vn -0.0045 0.9952 -0.0982
vn -0.1291 0.9815 -0.1416
vn -0.4250 0.8980 -0.1142
vn -0.6769 0.7250 -0.1272
vn -0.9144 0.3801 -0.1392
vn -0.9839 0.0520 -0.1712
vn -0.2109 0.9589 -0.1900
vn -0.5162 0.7979 -0.3112
vn -0.0054 0.9701 -0.2427
vn -0.0217 0.9700 -0.2423
vn -0.0570 0.9683 -0.2431
vn -0.1154 0.9384 -0.3257
vn -0.3903 0.8758 -0.2839
vn -0.6616 0.6820 -0.3118
vn -0.7909 0.4853 -0.3728
vn -0.9122 0.2592 -0.3174
vn -0.1650 0.9006 -0.4020
vn -0.2641 0.8991 -0.3491
vn -0.9266 0.0574 -0.3717
vn -0.0050 0.9109 -0.4127
vn -0.0202 0.9051 -0.4247
vn -0.0458 0.9024 -0.4284
vn -0.3609 0.8117 -0.4592
vn -0.5767 0.6364 -0.5123
vn -0.7421 0.3885 -0.5462
vn -0.8163 0.2358 -0.5273
vn -0.0680 0.8077 -0.5856
vn -0.2277 0.7928 -0.5653
vn -0.3521 0.6784 -0.6448
vn -0.5827 0.4937 -0.6456
vn -0.8159 0.0604 -0.5751
vn -0.0045 0.7949 -0.6068
vn -0.0120 0.7789 -0.6271
vn -0.1295 0.7665 -0.6291
vn -0.3871 0.5351 -0.7509
vn -0.5104 0.3428 -0.7887
vn -0.6547 0.1999 -0.7290
vn -0.0767 0.5899 -0.8038
vn -0.1531 0.5741 -0.8043
vn -0.6717 0.0105 -0.7408
vn -0.0017 0.5777 -0.8163
vn -0.0259 0.6350 -0.7721
vn -0.1728 0.4193 -0.8912
vn -0.4146 0.1906 -0.8898
vn -0.4468 0.0806 -0.8910
vn -0.3672 -0.0077 -0.9301
vn -0.0056 0.3868 -0.9222
vn -0.0307 0.4104 -0.9114
vn -0.2247 0.2640 -0.9380
vn 0.0023 0.1672 -0.9859
vn -0.0487 0.2487 -0.9673
vn -0.1640 0.0868 -0.9826
vn 0.0027 0.0341 -0.9994
vn -0.0236 0.0577 -0.9981
vn -0.0459 0.0036 -0.9989
vn 0.1152 -0.1161 -0.9865
vn 0.0026 -0.3406 -0.9402
vn 0.0146 -0.3705 -0.9287
vn 0.1012 -0.4680 -0.8779
vn 0.1177 -0.2120 -0.9702
vn 0.2298 -0.0656 -0.9710
vn 0.2143 -0.4674 -0.8577
vn 0.3427 -0.2878 -0.8943
vn 0.4466 -0.1001 -0.8891
vn 0.0033 -0.6649 -0.7470
vn 0.0110 -0.6931 -0.7207
vn 0.0615 -0.6873 -0.7238
vn 0.1260 -0.6546 -0.7454
vn 0.2394 -0.7481 -0.6190
vn 0.3763 -0.6215 -0.6871
vn 0.4637 -0.5191 -0.7180
vn 0.6682 -0.3020 -0.6799
vn 0.7331 -0.0451 -0.6786
vn 0.0038 -0.8457 -0.5337
vn 0.0158 -0.8519 -0.5234
vn 0.0581 -0.8493 -0.5248
vn 0.1497 -0.8317 -0.5346
vn 0.6158 -0.5645 -0.5496
vn 0.2732 -0.8743 -0.4012
vn 0.4288 -0.7972 -0.4250
vn 0.0040 -0.9407 -0.3391
vn 0.0169 -0.9429 -0.3327
vn 0.0618 -0.9408 -0.3333
vn 0.1568 -0.9284 -0.3368
vn 0.5969 -0.7098 -0.3741
vn 0.7669 -0.4754 -0.4310
vn 0.8723 -0.2062 -0.4434
vn 0.9006 0.0129 -0.4344
vn 0.0026 -0.9838 -0.1790
vn 0.0164 -0.9843 -0.1758
vn 0.0609 -0.9826 -0.1752
vn 0.1571 -0.9714 -0.1779
vn 0.2858 -0.9396 -0.1883
vn 0.4384 -0.8756 -0.2027
vn 0.6295 -0.7476 -0.2119
vn 0.8211 -0.5257 -0.2222
vn 0.9450 -0.2338 -0.2286
vn 0.9723 0.0060 -0.2338
vn 0.0001 -0.9955 -0.0945
vn 0.0008 -0.9969 -0.0782
vn 0.0027 -0.9973 -0.0735
vn 0.0044 -0.9974 -0.0721
vn 0.0084 -0.9969 -0.0776
vn 0.0155 -0.9967 -0.0801
vn 0.0247 -0.9971 -0.0723
vn 0.0318 -0.9972 -0.0671
vn 0.0432 -0.9960 -0.0782
vn 0.0614 -0.9947 -0.0826
vn 0.0834 -0.9943 -0.0670
vn 0.1000 -0.9932 -0.0590
vn 0.1264 -0.9888 -0.0797
vn 0.1653 -0.9823 -0.0876
vn 0.2124 -0.9751 -0.0637
vn 0.2481 -0.9662 -0.0707
vn 0.3178 -0.9448 -0.0795
vn 0.3826 -0.9205 -0.0790
vn 0.4746 -0.8762 -0.0840
vn 0.5633 -0.8219 -0.0845
vn 0.6766 -0.7308 -0.0901
vn 0.7741 -0.6265 -0.0912
vn 0.8747 -0.4752 -0.0949
vn 0.9393 -0.3297 -0.0953
vn 0.9834 -0.1541 -0.0958
vn 0.9948 -0.0318 -0.0971
vn 0.0002 -0.9995 -0.0303
vn 0.0001 -0.9995 -0.0304
vn 0.0013 -0.9995 -0.0304
vn 0.0013 -0.9995 -0.0303
vn 0.0036 -0.9995 -0.0303
vn 0.0035 -0.9995 -0.0304
vn 0.0072 -0.9995 -0.0304
vn 0.0073 -0.9995 -0.0303
vn 0.0124 -0.9995 -0.0304
vn 0.0125 -0.9995 -0.0302
vn 0.0194 -0.9994 -0.0302
vn 0.0283 -0.9991 -0.0303
vn 0.0284 -0.9991 -0.0301
vn 0.0397 -0.9988 -0.0303
vn 0.0397 -0.9988 -0.0302
vn 0.0536 -0.9981 -0.0304
vn 0.0538 -0.9981 -0.0301
vn 0.0708 -0.9970 -0.0304
vn 0.0711 -0.9970 -0.0300
vn 0.0919 -0.9953 -0.0305
vn 0.0922 -0.9953 -0.0300
vn 0.1174 -0.9926 -0.0306
vn 0.1177 -0.9926 -0.0301
vn 0.1484 -0.9884 -0.0309
vn 0.1489 -0.9884 -0.0303
vn 0.1858 -0.9821 -0.0312
vn 0.1864 -0.9820 -0.0305
vn 0.2312 -0.9724 -0.0317
vn 0.2320 -0.9722 -0.0309
vn 0.2862 -0.9576 -0.0323
vn 0.2870 -0.9574 -0.0314
vn 0.3521 -0.9354 -0.0332
vn 0.3531 -0.9350 -0.0321
vn 0.4307 -0.9019 -0.0342
vn 0.4317 -0.9014 -0.0333
vn 0.5219 -0.8523 -0.0357
vn 0.5232 -0.8515 -0.0345
vn 0.6243 -0.7803 -0.0371
vn 0.6256 -0.7793 -0.0359
vn 0.7316 -0.6806 -0.0385
vn 0.7329 -0.6793 -0.0373
vn 0.8335 -0.5511 -0.0397
vn 0.8345 -0.5497 -0.0386
vn 0.9169 -0.3971 -0.0404
vn 0.9173 -0.3961 -0.0397
vn 0.9717 -0.2328 -0.0407
vn 0.9719 -0.2320 -0.0402
vn 0.9965 -0.0735 -0.0406
vn 0.9965 -0.0733 -0.0405
vn 0.9531 0.2839 0.1045
vn 0.8069 0.5786 0.1187
vn 0.8055 0.5901 0.0543
vn 0.8862 0.4518 0.1027
vn 0.7295 0.6733 0.1207
vn 0.6917 0.7210 0.0403
vn 0.6552 0.7489 0.0997
vn 0.5991 0.7792 0.1841
vn 0.5776 0.8123 0.0809
vn 0.4652 0.8852 0.0074
vn 0.5021 0.8612 0.0789
vn 0.4509 0.8900 0.0679
vn 0.9540 0.1661 0.2495
vn 0.9315 0.2921 0.2168
vn 0.8680 0.4485 0.2131
vn 0.5470 0.8216 0.1605
vn 0.4579 0.8629 0.2139
vn 0.4369 0.8814 0.1799
vn 0.7667 0.5750 0.2856
vn 0.6958 0.6675 0.2650
vn 0.6350 0.7299 0.2532
vn 0.8789 0.2237 0.4213
vn 0.8282 0.3736 0.4177
vn 0.7550 0.4695 0.4579
vn 0.5218 0.7883 0.3261
vn 0.4196 0.7859 0.4542
vn 0.4200 0.8405 0.3423
vn 0.6965 0.5475 0.4638
vn 0.6765 0.5919 0.4382
vn 0.6067 0.6661 0.4339
vn 0.5613 0.7188 0.4101
vn 0.7500 0.1916 0.6330
vn 0.7076 0.3369 0.6211
vn 0.4297 0.6992 0.5714
vn 0.3589 0.7479 0.5584
vn 0.5869 0.4224 0.6907
vn 0.5316 0.5344 0.6571
vn 0.4992 0.6318 0.5930
vn 0.5520 0.1406 0.8219
vn 0.5209 0.2578 0.8137
vn 0.3638 0.6645 0.6528
vn 0.2793 0.5750 0.7690
vn 0.3819 0.2770 0.8817
vn 0.3577 0.3755 0.8550
vn 0.3164 0.4520 0.8340
vn 0.3406 0.0759 0.9371
vn 0.3162 0.1724 0.9329
vn 0.1703 0.3121 0.9347
vn 0.0563 0.0402 0.9976
vn 0.1567 0.1635 0.9740
vn 0.1060 0.1657 0.9805
vn 0.0572 0.0214 0.9981
vn -0.0314 -0.0898 0.9955
vn -0.1696 -0.0714 0.9829
vn -0.1228 -0.1721 0.9774
vn -0.1142 -0.2042 0.9722
vn -0.2212 -0.0480 0.9741
vn -0.1978 -0.1408 0.9701
vn -0.2830 -0.2892 0.9145
vn -0.2085 -0.4433 0.8718
vn -0.4568 -0.1020 0.8837
vn -0.4134 -0.2059 0.8870
vn -0.3971 -0.2993 0.8676
vn -0.3306 -0.4099 0.8501
vn -0.3163 -0.4974 0.8078
vn -0.2892 -0.5206 0.8033
vn -0.3128 -0.6593 0.6837
vn -0.6774 -0.0688 0.7324
vn -0.6777 -0.1519 0.7195
vn -0.6357 -0.2252 0.7384
vn -0.6287 -0.3084 0.7139
vn -0.5814 -0.3659 0.7267
vn -0.5688 -0.4445 0.6920
vn -0.5202 -0.4899 0.6996
vn -0.4991 -0.5511 0.6687
vn -0.4693 -0.6076 0.6408
vn -0.3929 -0.7261 0.5643
vn -0.4607 -0.7021 0.5429
vn -0.3668 -0.7858 0.4980
vn -0.8526 -0.0786 0.5166
vn -0.8295 -0.1883 0.5257
vn -0.8051 -0.2781 0.5239
vn -0.7680 -0.3827 0.5134
vn -0.7264 -0.4659 0.5053
vn -0.6826 -0.5417 0.4906
vn -0.6261 -0.6055 0.4913
vn -0.5978 -0.6854 0.4157
vn -0.5544 -0.7288 0.4018
vn -0.4193 -0.8401 0.3441
vn -0.5126 -0.7880 0.3411
vn -0.4742 -0.8254 0.3063
vn -0.3988 -0.8569 0.3267
vn -0.9535 -0.0970 0.2855
vn -0.9208 -0.2155 0.3252
vn -0.8835 -0.3420 0.3200
vn -0.8343 -0.4803 0.2708
vn -0.7810 -0.5672 0.2613
vn -0.6943 -0.6525 0.3036
vn -0.7405 -0.6453 0.1877
vn -0.6651 -0.7287 0.1632
vn -0.5870 -0.7868 0.1907
vn -0.5361 -0.8257 0.1756
vn -0.4297 -0.8875 0.1665
vn -0.9665 -0.2134 0.1426
vn -0.9525 -0.2926 0.0845
vn -0.9088 -0.3977 0.1259
vn -0.4716 -0.8748 0.1113
vn -0.9875 -0.1577 -0.0016
vn -0.8628 -0.5030 0.0500
vn -0.8062 -0.5896 0.0496
vn -0.7455 -0.6651 0.0439
vn -0.6494 -0.7597 0.0349
vn -0.5947 -0.8032 0.0362
vn -0.5397 -0.8411 0.0344
vn -0.4405 -0.8968 0.0409
vn -0.9138 -0.3953 -0.0928
vn -0.6946 -0.7088 -0.1228
vn -0.4756 -0.8790 -0.0333
vn -0.9889 -0.0857 -0.1213
vn -0.9527 -0.2738 -0.1319
vn -0.8588 -0.4953 -0.1310
vn -0.8017 -0.5849 -0.1233
vn -0.7473 -0.6539 -0.1185
vn -0.6434 -0.7576 -0.1096
vn -0.5923 -0.7988 -0.1051
vn -0.5375 -0.8372 -0.1015
vn -0.4453 -0.8919 -0.0786
vn -0.9509 -0.1288 -0.2816
vn -0.4698 -0.8641 -0.1806
vn -0.9101 -0.2702 -0.3143
vn -0.8729 -0.3770 -0.3097
vn -0.8255 -0.4719 -0.3096
vn -0.7713 -0.5599 -0.3026
vn -0.7176 -0.6337 -0.2890
vn -0.6306 -0.7250 -0.2768
vn -0.5776 -0.7726 -0.2635
vn -0.5263 -0.8117 -0.2532
vn -0.4129 -0.8408 -0.3500
vn -0.4430 -0.8797 -0.1730
vn -0.8485 -0.1965 -0.4913
vn -0.6436 -0.6299 -0.4347
vn -0.4591 -0.7980 -0.3903
vn -0.3945 -0.8619 -0.3186
vn -0.8508 -0.0760 -0.5199
vn -0.7941 -0.3081 -0.5238
vn -0.7563 -0.3998 -0.5178
vn -0.7143 -0.4821 -0.5073
vn -0.6700 -0.5541 -0.4941
vn -0.5880 -0.6622 -0.4644
vn -0.5435 -0.7110 -0.4462
vn -0.4976 -0.7513 -0.4336
vn -0.3645 -0.7871 -0.4976
vn -0.6748 -0.0856 -0.7331
vn -0.6672 -0.1805 -0.7227
vn -0.6302 -0.2390 -0.7387
vn -0.6076 -0.3279 -0.7234
vn -0.5755 -0.3774 -0.7255
vn -0.5461 -0.4586 -0.7011
vn -0.5184 -0.5009 -0.6931
vn -0.4805 -0.5725 -0.6643
vn -0.4493 -0.6000 -0.6619
vn -0.4058 -0.6567 -0.6357
vn -0.3630 -0.6873 -0.6292
vn -0.3146 -0.6598 -0.6824
vn -0.4413 -0.0924 -0.8926
vn -0.4217 -0.1949 -0.8856
vn -0.3774 -0.2825 -0.8819
vn -0.3450 -0.3667 -0.8640
vn -0.3106 -0.4451 -0.8399
vn -0.2599 -0.4593 -0.8494
vn -0.1893 -0.3921 -0.9002
vn -0.1811 -0.0584 -0.9817
vn -0.2145 -0.1235 -0.9689
vn -0.0929 -0.0873 -0.9918
vn -0.1030 -0.1229 -0.9871
vn -0.1131 -0.1834 -0.9765
vn 0.0587 0.0160 -0.9981
vn 0.1300 0.1654 -0.9776
vn 0.0917 0.1601 -0.9828
vn 0.0405 0.0803 -0.9960
vn 0.3154 0.0425 -0.9480
vn 0.3183 0.1357 -0.9382
vn 0.3053 0.1794 -0.9352
vn 0.2379 0.2230 -0.9453
vn 0.3466 0.4162 -0.8406
vn 0.2761 0.4743 -0.8359
vn 0.2263 0.4651 -0.8558
vn 0.5653 0.0791 -0.8211
vn 0.5369 0.2019 -0.8191
vn 0.5078 0.3089 -0.8042
vn 0.4725 0.4187 -0.7755
vn 0.5275 0.5753 -0.6251
vn 0.4918 0.6520 -0.5770
vn 0.4464 0.6904 -0.5693
vn 0.3554 0.7007 -0.6187
vn 0.3334 0.6822 -0.6507
vn 0.7668 0.1147 -0.6315
vn 0.7199 0.2718 -0.6387
vn 0.6649 0.3995 -0.6311
vn 0.6030 0.5230 -0.6024
vn 0.6329 0.6418 -0.4330
vn 0.4590 0.8089 -0.3673
vn 0.3948 0.8016 -0.4490
vn 0.8897 0.1371 -0.4356
vn 0.8707 0.2664 -0.4134
vn 0.8014 0.4062 -0.4391
vn 0.7345 0.5456 -0.4035
vn 0.6354 0.7256 -0.2642
vn 0.5471 0.7659 -0.3377
vn 0.8761 0.3829 -0.2930
vn 0.8335 0.4914 -0.2528
vn 0.8034 0.5250 -0.2811
vn 0.7444 0.6280 -0.2268
vn 0.7047 0.6560 -0.2705
vn 0.4155 0.8760 -0.2451
vn 0.9592 0.1661 -0.2288
vn 0.9376 0.2564 -0.2350
vn 0.9096 0.3552 -0.2158
vn 0.5818 0.7963 -0.1657
vn 0.5105 0.8421 -0.1738
vn 0.4299 0.8897 -0.1538
vn 0.9888 0.1191 -0.0903
vn 0.8821 0.4592 -0.1054
vn 0.7958 0.5979 -0.0963
vn 0.6847 0.7228 -0.0935
vn 0.9929 0.0772 -0.0903
vn 0.9812 0.1622 -0.1049
vn 0.9695 0.2281 -0.0901
vn 0.9594 0.2635 -0.1011
vn 0.9446 0.3155 -0.0902
vn 0.9326 0.3467 -0.1007
vn 0.9146 0.3945 -0.0889
vn 0.8955 0.4440 -0.0314
vn 0.8639 0.4918 -0.1086
vn 0.8382 0.5381 -0.0888
vn 0.8127 0.5815 -0.0363
vn 0.7710 0.6291 -0.0992
vn 0.7374 0.6710 -0.0774
vn 0.7045 0.7093 -0.0219
vn 0.6478 0.7557 -0.0967
vn 0.6108 0.7875 -0.0818
vn 0.5726 0.8166 -0.0727
vn 0.5418 0.8376 -0.0703
vn 0.4937 0.8666 -0.0730
vn 0.4592 0.8866 -0.0559
vn 0.4306 0.8992 -0.0774
vn 0.9986 0.0343 -0.0406
vn 0.9986 0.0344 -0.0405
vn 0.9945 0.0968 -0.0405
vn 0.9927 0.1190 -0.0210
vn 0.9880 0.1528 -0.0211
vn 0.9904 0.1319 -0.0406
vn 0.9783 0.2032 -0.0408
vn 0.9783 0.2033 -0.0406
vn 0.9674 0.2499 -0.0407
vn 0.9674 0.2501 -0.0406
vn 0.9551 0.2934 -0.0407
vn 0.9550 0.2938 -0.0403
vn 0.9414 0.3347 -0.0405
vn 0.9413 0.3352 -0.0399
vn 0.9265 0.3742 -0.0401
vn 0.9263 0.3747 -0.0396
vn 0.9103 0.4121 -0.0398
vn 0.9100 0.4128 -0.0389
vn 0.8927 0.4490 -0.0392
vn 0.8859 0.4636 -0.0183
vn 0.8743 0.4851 -0.0188
vn 0.8805 0.4725 -0.0373
vn 0.8534 0.5199 -0.0376
vn 0.8530 0.5207 -0.0365
vn 0.8314 0.5545 -0.0367
vn 0.8310 0.5552 -0.0356
vn 0.8079 0.5882 -0.0359
vn 0.8008 0.5986 -0.0178
vn 0.7830 0.6218 -0.0180
vn 0.7891 0.6133 -0.0334
vn 0.7557 0.6540 -0.0338
vn 0.7551 0.6548 -0.0324
vn 0.7269 0.6860 -0.0328
vn 0.7263 0.6867 -0.0313
vn 0.6962 0.7171 -0.0318
vn 0.6901 0.7234 -0.0180
vn 0.6640 0.7475 -0.0184
vn 0.6689 0.7428 -0.0296
vn 0.6293 0.7766 -0.0303
vn 0.6288 0.7771 -0.0292
vn 0.5931 0.8046 -0.0299
vn 0.5926 0.8050 -0.0288
vn 0.5551 0.8312 -0.0297
vn 0.5547 0.8316 -0.0287
vn 0.5154 0.8564 -0.0297
vn 0.5151 0.8566 -0.0290
vn 0.4743 0.8798 -0.0301
vn 0.4741 0.8800 -0.0296
vn 0.4317 0.9015 -0.0309
vn 0.4317 0.9015 -0.0308
vn -0.1042 0.9887 0.1082
vn -0.1060 0.9943 -0.0074
vn -0.0546 0.9966 0.0617
vn -0.2136 0.9753 0.0565
vn -0.4671 0.8713 0.1506
vn -0.4696 0.8829 -0.0047
vn -0.3350 0.9405 0.0568
vn -0.6514 0.7576 0.0416
vn -0.7339 0.6636 0.1449
vn -0.8032 0.5957 0.0060
vn -0.8424 0.5228 0.1308
vn -0.8969 0.4402 -0.0415
vn -0.9068 0.4027 0.1243
vn -0.9308 0.3375 0.1404
vn -0.9417 0.3346 -0.0361
vn -0.9362 0.3477 0.0508
vn -0.8891 0.4248 0.1706
vn -0.8853 0.4612 -0.0592
vn -0.8289 0.5254 0.1921
vn -0.7871 0.6134 0.0652
vn -0.6648 0.7213 0.1943
vn -0.6789 0.7299 -0.0791
vn -0.5509 0.8144 0.1822
vn -0.5802 0.8125 -0.0571
vn -0.0602 0.9587 0.2781
vn -0.1059 0.9723 0.2084
vn -0.2044 0.9477 0.2451
vn -0.3229 0.9153 0.2407
vn -0.5866 0.7745 0.2369
vn -0.8988 0.3542 0.2584
vn -0.7131 0.5953 0.3704
vn -0.1057 0.9167 0.3853
vn -0.4243 0.8375 0.3442
vn -0.6688 0.6655 0.3313
vn -0.7703 0.5602 0.3046
vn -0.8431 0.4478 0.2978
vn -0.8679 0.3660 0.3358
vn -0.8203 0.4143 0.3943
vn -0.7678 0.4775 0.4272
vn -0.5676 0.6662 0.4837
vn -0.5100 0.7597 0.4035
vn -0.0638 0.8599 0.5065
vn -0.2488 0.8747 0.4160
vn -0.5286 0.7288 0.4353
vn -0.5823 0.5329 0.6140
vn -0.0936 0.7966 0.5972
vn -0.2147 0.7803 0.5874
vn -0.3643 0.7739 0.5180
vn -0.5704 0.6183 0.5408
vn -0.6879 0.5172 0.5091
vn -0.7478 0.4191 0.5149
vn -0.7665 0.3762 0.5205
vn -0.7120 0.3893 0.5844
vn -0.6288 0.4508 0.6336
vn -0.4349 0.6868 0.5824
vn -0.0619 0.6983 0.7131
vn -0.2862 0.6741 0.6809
vn -0.4077 0.6910 0.5969
vn -0.4305 0.5366 0.7258
vn -0.3520 0.6133 0.7071
vn -0.0675 0.6290 0.7745
vn -0.1630 0.6283 0.7607
vn -0.3465 0.5568 0.7549
vn -0.5110 0.5179 0.6861
vn -0.5805 0.4248 0.6947
vn -0.6166 0.3710 0.6944
vn -0.4892 0.3768 0.7866
vn -0.3958 0.3978 0.8277
vn -0.0474 0.4887 0.8712
vn -0.1592 0.4962 0.8535
vn -0.3101 0.4543 0.8351
vn -0.3794 0.3966 0.8359
vn -0.2627 0.3841 0.8851
vn -0.2399 0.5375 0.8084
vn -0.0920 0.5405 0.8363
vn -0.1820 0.4211 0.8886
vn -0.3593 0.3450 0.8671
vn -0.0223 0.2970 0.9546
vn -0.0025 0.2747 0.9615
vn -0.0676 0.3109 0.9480
vn -0.1712 0.2992 0.9387
vn -0.1935 0.2863 0.9384
vn -0.0929 0.2882 0.9531
vn -0.0026 0.0997 0.9950
vn 0.0423 0.1410 0.9891
vn 0.0407 -0.0061 0.9992
vn 0.1742 0.0775 0.9817
vn 0.1598 0.1793 0.9707
vn 0.0610 0.2073 0.9764
vn 0.0354 0.1591 0.9866
vn 0.2621 -0.1066 0.9591
vn 0.0291 -0.1539 0.9877
vn 0.1288 -0.1192 0.9845
vn 0.1931 -0.0928 0.9768
vn 0.3306 0.0282 0.9434
vn 0.3784 0.0691 0.9231
vn 0.2758 0.1420 0.9507
vn 0.1420 -0.1368 0.9804
vn 0.0816 0.0026 0.9967
vn -0.0270 0.2115 0.9770
vn 0.1004 -0.2621 0.9598
vn 0.3649 -0.1367 0.9210
vn 0.4394 0.0684 0.8957
vn 0.2999 0.0351 0.9533
vn 0.2243 -0.0071 0.9745
vn 0.1863 -0.1016 0.9772
vn 0.0644 -0.3983 0.9150
vn 0.2531 -0.3533 0.9006
vn 0.3744 -0.2979 0.8781
vn 0.5343 -0.1469 0.8324
vn 0.5905 -0.0346 0.8063
vn 0.5024 -0.0331 0.8640
vn 0.2032 -0.2935 0.9341
vn 0.1270 -0.5010 0.8561
vn 0.1844 -0.4915 0.8511
vn 0.5397 -0.3131 0.7815
vn 0.6741 -0.1758 0.7174
vn 0.6238 -0.0491 0.7801
vn 0.4673 -0.1117 0.8770
vn 0.3992 -0.2237 0.8892
vn 0.3991 -0.4037 0.8233
vn 0.1018 -0.6228 0.7757
vn 0.2971 -0.5800 0.7585
vn 0.3790 -0.5464 0.7469
vn 0.4496 -0.5066 0.7356
vn 0.5332 -0.4584 0.7111
vn 0.6612 -0.3300 0.6737
vn 0.7554 -0.1236 0.6435
vn 0.6846 -0.1570 0.7118
vn 0.3755 -0.6190 0.6898
vn 0.3247 -0.3409 0.8822
vn 0.1750 -0.7014 0.6910
vn 0.2360 -0.6923 0.6819
vn 0.6548 -0.4620 0.5982
vn 0.7646 -0.3251 0.5564
vn 0.8047 -0.2426 0.5419
vn 0.7811 -0.1485 0.6065
vn 0.6326 -0.2621 0.7288
vn 0.6311 -0.4133 0.6564
vn 0.5682 -0.5265 0.6324
vn 0.3793 -0.6444 0.6640
vn 0.1384 -0.7973 0.5876
vn 0.3596 -0.7409 0.5672
vn 0.4437 -0.7038 0.5548
vn 0.5342 -0.6513 0.5390
vn 0.6150 -0.5901 0.5231
vn 0.7557 -0.4424 0.4829
vn 0.8617 -0.2063 0.4637
vn 0.8177 -0.2615 0.5128
vn 0.2111 -0.8459 0.4899
vn 0.2795 -0.8343 0.4751
vn 0.7259 -0.5601 0.3990
vn 0.8386 -0.4025 0.3670
vn 0.8752 -0.3197 0.3630
vn 0.8826 -0.2267 0.4118
vn 0.7636 -0.3942 0.5114
vn 0.5630 -0.7203 0.4052
vn 0.4150 -0.7686 0.4869
vn 0.1702 -0.9152 0.3652
vn 0.3981 -0.8459 0.3550
vn 0.4874 -0.8018 0.3456
vn 0.5817 -0.7416 0.3341
vn 0.6680 -0.6707 0.3223
vn 0.8081 -0.5099 0.2949
vn 0.9227 -0.2613 0.2836
vn 0.8967 -0.3275 0.2978
vn 0.4511 -0.8479 0.2787
vn 0.2227 -0.9218 0.3172
vn 0.3099 -0.9127 0.2663
vn 0.7685 -0.6167 0.1705
vn 0.8777 -0.4516 0.1602
vn 0.9140 -0.3594 0.1884
vn 0.9379 -0.2755 0.2111
vn 0.8375 -0.4766 0.2674
vn 0.7531 -0.5851 0.3010
vn 0.6632 -0.6907 0.2881
vn 0.4465 -0.8808 0.1578
vn 0.1961 -0.9677 0.1584
vn 0.2226 -0.9630 0.1521
vn 0.4177 -0.8961 0.1503
vn 0.5014 -0.8523 0.1485
vn 0.6095 -0.7805 0.1393
vn 0.6848 -0.7165 0.1330
vn 0.8260 -0.5529 0.1101
vn 0.9484 -0.2919 0.1236
vn 0.9280 -0.3469 0.1359
vn 0.3274 -0.9401 0.0950
vn 0.9214 -0.3810 0.0767
vn 0.9503 -0.2956 0.0975
vn 0.8838 -0.4465 0.1396
vn 0.8192 -0.5596 0.1259
vn 0.7653 -0.6288 0.1378
vn 0.6753 -0.7244 0.1384
vn 0.5398 -0.8287 0.1482
vn 0.4491 -0.8910 0.0661
vn 0.2063 -0.9763 0.0660
vn 0.2683 -0.9615 0.0594
vn 0.4209 -0.9055 0.0534
vn 0.5556 -0.8298 0.0526
vn 0.7293 -0.6825 0.0479
vn 0.8494 -0.5255 0.0494
vn 0.9527 -0.2994 0.0528
vn 0.9278 -0.3689 0.0562
vn 0.1951 -0.9795 -0.0496
vn 0.1933 -0.9749 -0.1106
vn 0.2432 -0.9623 -0.1219
vn 0.1955 -0.9795 -0.0487
vn 0.2766 -0.9598 -0.0480
vn 0.3223 -0.9392 -0.1183
vn 0.2769 -0.9597 -0.0474
vn 0.3546 -0.9339 -0.0467
vn 0.4250 -0.8948 -0.1371
vn 0.3672 -0.9299 -0.0233
vn 0.4634 -0.8859 -0.0222
vn 0.5181 -0.8441 -0.1381
vn 0.4630 -0.8861 -0.0229
vn 0.5609 -0.8276 -0.0214
vn 0.6131 -0.7800 -0.1250
vn 0.5604 -0.8279 -0.0224
vn 0.6645 -0.7470 -0.0203
vn 0.7059 -0.7014 -0.0988
vn 0.6534 -0.7559 -0.0419
vn 0.7371 -0.6746 -0.0397
vn 0.7768 -0.6222 -0.0970
vn 0.7369 -0.6748 -0.0401
vn 0.8069 -0.5894 -0.0379
vn 0.8375 -0.5385 -0.0929
vn 0.8067 -0.5897 -0.0384
vn 0.8614 -0.5067 -0.0362
vn 0.8839 -0.4587 -0.0910
vn 0.8611 -0.5071 -0.0369
vn 0.9012 -0.4320 -0.0349
vn 0.9130 -0.3977 -0.0907
vn 0.9009 -0.4325 -0.0357
vn 0.9287 -0.3692 -0.0340
vn 0.9388 -0.3331 -0.0880
vn 0.9285 -0.3697 -0.0350
vn 0.9466 -0.3205 -0.0337
vn 0.9496 -0.3006 -0.0886
vn 0.9464 -0.3211 -0.0349
vn 0.9573 -0.2872 -0.0341
vn 0.9583 -0.2710 -0.0903
vn 0.9570 -0.2878 -0.0354
vn 0.9624 -0.2694 -0.0350
vn 0.9591 -0.2658 -0.0975
vn 0.9621 -0.2702 -0.0366
vn 0.9629 -0.2675 -0.0366
vn 0.9575 -0.2710 -0.0983
vn 0.9625 -0.2684 -0.0385
vn 0.9587 -0.2816 -0.0387
vn 0.9486 -0.3000 -0.1008
vn 0.9584 -0.2826 -0.0410
vn 0.9491 -0.3121 -0.0414
vn 0.9378 -0.3302 -0.1072
vn 0.9487 -0.3132 -0.0439
vn 0.9323 -0.3589 -0.0443
vn 0.9089 -0.4012 -0.1140
vn 0.9317 -0.3601 -0.0473
vn 0.9056 -0.4216 -0.0473
vn 0.8836 -0.4529 -0.1189
vn 0.9049 -0.4227 -0.0506
vn 0.8657 -0.4981 -0.0499
vn 0.8228 -0.5528 -0.1318
vn 0.8648 -0.4992 -0.0536
vn 0.8096 -0.5847 -0.0517
vn 0.7607 -0.6334 -0.1420
vn 0.8086 -0.5857 -0.0555
vn 0.7357 -0.6753 -0.0519
vn 0.6715 -0.7262 -0.1472
vn 0.7347 -0.6761 -0.0556
vn 0.6455 -0.7622 -0.0500
vn 0.5809 -0.8027 -0.1353
vn 0.6445 -0.7627 -0.0536
vn 0.5436 -0.8381 -0.0460
vn 0.4629 -0.8769 -0.1294
vn 0.5428 -0.8385 -0.0491
vn 0.4372 -0.8985 -0.0399
vn 0.4160 -0.9052 -0.0866
vn 0.4366 -0.8987 -0.0425
vn 0.1846 -0.9438 -0.2741
vn 0.2261 -0.9356 -0.2712
vn 0.3117 -0.9134 -0.2619
vn 0.6821 -0.6948 -0.2279
vn 0.7604 -0.6098 -0.2234
vn 0.8174 -0.5337 -0.2168
vn 0.8728 -0.4437 -0.2033
vn 0.9111 -0.3601 -0.2005
vn 0.9382 -0.2805 -0.2029
vn 0.9359 -0.2700 -0.2262
vn 0.9020 -0.3408 -0.2650
vn 0.8361 -0.4699 -0.2831
vn 0.7484 -0.6089 -0.2629
vn 0.6573 -0.6652 -0.3542
vn 0.5796 -0.7697 -0.2676
vn 0.4579 -0.8116 -0.3628
vn 0.4349 -0.8603 -0.2660
vn 0.4005 -0.8489 -0.3449
vn 0.4888 -0.8058 -0.3343
vn 0.5768 -0.7489 -0.3261
vn 0.1640 -0.8584 -0.4861
vn 0.2039 -0.8509 -0.4842
vn 0.2802 -0.8346 -0.4743
vn 0.6531 -0.6311 -0.4186
vn 0.7287 -0.5539 -0.4028
vn 0.8072 -0.4469 -0.3856
vn 0.8724 -0.3218 -0.3680
vn 0.8956 -0.2448 -0.3714
vn 0.8903 -0.2196 -0.3990
vn 0.8445 -0.2760 -0.4590
vn 0.7875 -0.3676 -0.4948
vn 0.7233 -0.4919 -0.4847
vn 0.5330 -0.6712 -0.5151
vn 0.3835 -0.7879 -0.4818
vn 0.3588 -0.7415 -0.5669
vn 0.4435 -0.7042 -0.5544
vn 0.5284 -0.6546 -0.5406
vn 0.6490 -0.3863 -0.6554
vn 0.5670 -0.5205 -0.6384
vn 0.1313 -0.7093 -0.6926
vn 0.1677 -0.7025 -0.6917
vn 0.2365 -0.6925 -0.6815
vn 0.5850 -0.5278 -0.6158
vn 0.6630 -0.4568 -0.5932
vn 0.7401 -0.3636 -0.5657
vn 0.8027 -0.2555 -0.5389
vn 0.8174 -0.1663 -0.5515
vn 0.7581 -0.1670 -0.6304
vn 0.6803 -0.2343 -0.6945
vn 0.4514 -0.4958 -0.7419
vn 0.3950 -0.6354 -0.6635
vn 0.3874 -0.5646 -0.7288
vn 0.3000 -0.5767 -0.7599
vn 0.3664 -0.5490 -0.7512
vn 0.4553 -0.5058 -0.7327
vn 0.5078 -0.2228 -0.8321
vn 0.4353 -0.3601 -0.8252
vn 0.0928 -0.5027 -0.8595
vn 0.1173 -0.4974 -0.8596
vn 0.1809 -0.4962 -0.8492
vn 0.5084 -0.3432 -0.7898
vn 0.6198 -0.2569 -0.7415
vn 0.7124 -0.1709 -0.6806
vn 0.6884 -0.0921 -0.7195
vn 0.6338 -0.0615 -0.7711
vn 0.5627 -0.1233 -0.8174
vn 0.2961 -0.3729 -0.8794
vn 0.2632 -0.4459 -0.8555
vn 0.2205 -0.3670 -0.9037
vn 0.3124 -0.3306 -0.8905
vn 0.5699 -0.1215 -0.8127
vn 0.4227 0.0257 -0.9059
vn 0.3434 -0.0294 -0.9387
vn 0.2649 -0.0842 -0.9606
vn 0.0481 -0.2521 -0.9665
vn 0.0935 -0.2599 -0.9611
vn 0.3087 -0.1727 -0.9354
vn 0.4139 -0.1249 -0.9017
vn 0.4938 0.0216 -0.8693
vn 0.4412 0.0670 -0.8949
vn 0.1559 -0.1382 -0.9780
vn 0.1904 -0.0480 -0.9805
vn 0.1497 -0.1384 -0.9790
vn 0.3511 0.0300 -0.9358
vn 0.2152 0.1214 -0.9690
vn 0.1345 0.0770 -0.9879
vn 0.0661 0.0535 -0.9964
vn -0.0037 0.0797 -0.9968
vn 0.0404 -0.0083 -0.9991
vn 0.1239 0.0364 -0.9916
vn 0.2242 0.0035 -0.9745
vn 0.2234 0.1591 -0.9617
vn 0.1215 0.1863 -0.9750
vn 0.0322 0.0911 -0.9953
vn 0.1587 0.1239 -0.9795
vn -0.0221 0.2106 -0.9773
vn -0.0646 0.2768 -0.9587
vn 0.0202 0.1848 -0.9826
vn -0.0139 0.2907 -0.9567
vn -0.0651 0.2982 -0.9523
vn -0.1525 0.2803 -0.9477
vn -0.1694 0.3869 -0.9064
vn -0.0334 0.3819 -0.9236
vn -0.0307 0.3193 -0.9471
vn -0.2542 0.3394 -0.9056
vn -0.0714 0.4570 -0.8866
vn -0.1599 0.4500 -0.8786
vn -0.2855 0.4104 -0.8661
vn -0.4401 0.3713 -0.8176
vn -0.3269 0.3478 -0.8787
vn -0.2868 0.5425 -0.7896
vn -0.0454 0.6144 -0.7877
vn -0.0746 0.6226 -0.7790
vn -0.1569 0.6259 -0.7640
vn -0.2407 0.6216 -0.7454
vn -0.3262 0.5699 -0.7542
vn -0.4309 0.5467 -0.7179
vn -0.4989 0.4625 -0.7329
vn -0.5046 0.3928 -0.7688
vn -0.4115 0.5041 -0.7593
vn -0.6447 0.4398 -0.6252
vn -0.6716 0.3707 -0.6415
vn -0.0546 0.7972 -0.6012
vn -0.0950 0.7917 -0.6034
vn -0.2065 0.7862 -0.5825
vn -0.3116 0.7586 -0.5722
vn -0.4340 0.7037 -0.5625
vn -0.5729 0.6133 -0.5438
vn -0.6802 0.5066 -0.5299
vn -0.7140 0.3870 -0.5834
vn -0.6409 0.4554 -0.6179
vn -0.5492 0.5216 -0.6529
vn -0.4057 0.6755 -0.6157
vn -0.8127 0.4107 -0.4132
vn -0.5933 0.6817 -0.4281
vn -0.0587 0.9244 -0.3768
vn -0.1039 0.8895 -0.4449
vn -0.2429 0.8946 -0.3751
vn -0.3760 0.8547 -0.3580
vn -0.5258 0.7789 -0.3417
vn -0.6854 0.6526 -0.3231
vn -0.7734 0.5202 -0.3623
vn -0.8537 0.3794 -0.3566
vn -0.7890 0.4928 -0.3669
vn -0.6879 0.5819 -0.4338
vn -0.4432 0.8104 -0.3831
vn -0.1147 0.9437 -0.3104
vn -0.8311 0.5131 -0.2146
vn -0.8983 0.3866 -0.2090
vn -0.8639 0.4224 -0.2741
vn -0.5559 0.7843 -0.2753
vn -0.0552 0.9868 -0.1522
vn -0.1141 0.9711 -0.2096
vn -0.2660 0.9406 -0.2110
vn -0.4567 0.8758 -0.1564
vn -0.6501 0.7459 -0.1448
vn -0.7930 0.5946 -0.1327
vn -0.9256 0.3517 -0.1397
vn -0.7720 0.6076 -0.1866
vn -0.1100 0.9897 -0.0921
vn -0.2802 0.9564 -0.0828
vn -0.4006 0.9118 0.0902
vn -0.1139 0.9911 0.0690
vn -0.1582 0.9810 -0.1123
vn -0.2374 0.9714 -0.0012
vn 0.6815 0.7303 -0.0473
vn 0.9181 -0.0983 -0.3839
vn 0.9946 -0.0981 0.0344
vn 0.7001 -0.6622 -0.2671
vn 0.7294 -0.6841 0.0033
vn 0.6323 -0.7638 -0.1294
vn 0.6312 -0.7756 0.0059
vn 0.4201 0.8557 -0.3020
vn 0.6044 -0.7409 -0.2929
vn -0.3612 0.8788 0.3118
vn 0.6885 -0.0068 -0.7252
vn 0.6100 -0.5624 -0.5582
vn 0.5599 -0.6988 -0.4452
vn -0.0953 0.9925 0.0762
vn 0.2848 0.8453 -0.4521
vn -0.2848 0.8068 0.5176
vn -0.1769 0.9210 0.3471
vn 0.4504 0.1376 -0.8822
vn 0.4806 -0.4172 -0.7714
vn 0.4711 -0.5891 -0.6565
vn 0.2316 0.5895 -0.7738
vn 0.3391 -0.2472 -0.9077
vn -0.0729 0.9452 0.3182
vn 0.2389 0.3296 -0.9134
vn 0.3513 -0.4485 -0.8219
vn -0.1602 0.7007 0.6952
vn -0.0176 0.9850 -0.1718
vn 0.2481 -0.1499 -0.9571
vn 0.0941 0.7128 -0.6950
vn 0.1412 0.1847 -0.9726
vn 0.2235 -0.2213 -0.9493
vn -0.0759 0.6250 0.7769
vn -0.0554 0.6638 -0.7458
vn 0.0184 0.3631 -0.9316
vn -0.0136 0.8517 0.5239
vn 0.0210 0.9681 0.2495
vn 0.0614 0.3830 0.9217
vn -0.1116 0.5339 -0.8381
vn -0.0549 0.2962 -0.9535
vn 0.1009 0.6470 0.7558
vn -0.0906 0.9545 -0.2842
vn 0.1930 0.0271 0.9808
vn -0.1351 0.7517 -0.6455
vn -0.1638 0.5279 -0.8334
vn 0.2554 0.3327 0.9078
vn 0.0470 0.9776 0.2053
vn 0.2904 0.4913 0.8212
vn -0.1918 0.9272 -0.3218
vn -0.2295 0.8190 -0.5260
vn -0.2292 0.5929 -0.7720
vn 0.4870 -0.3448 0.8025
vn 0.4855 0.4246 0.7642
vn -0.3075 0.7666 -0.5637
vn 0.5599 0.5113 0.6520
vn -0.3446 0.8769 -0.3352
vn 0.3715 -0.8677 0.3303
vn 0.5996 -0.5786 0.5529
vn 0.0724 0.9949 0.0702
vn -0.2684 0.9485 -0.1685
vn -0.3535 0.8274 -0.4363
vn 0.8272 0.2458 0.5053
vn -0.3725 0.8812 -0.2910
vn 0.6230 -0.7531 0.2116
vn -0.4061 0.8950 -0.1847
vn 0.9100 0.3097 0.2757
vn -0.2615 0.9626 -0.0710
vn -0.3946 0.9132 -0.1019
vn 0.8664 -0.4942 0.0717
vn 0.6561 0.7546 -0.0041
vn -0.3702 0.9288 -0.0186
vn 0.3919 -0.9192 -0.0382
vn 0.3977 -0.9113 -0.1064
vn 0.3917 -0.9193 -0.0388
vn 0.4079 -0.9122 -0.0403
vn 0.4167 -0.9031 -0.1039
vn 0.4071 -0.9125 -0.0409
vn 0.4258 -0.9038 -0.0429
vn 0.4382 -0.8921 -0.1104
vn 0.4252 -0.9041 -0.0433
vn 0.4469 -0.8934 -0.0456
vn 0.4644 -0.8759 -0.1309
vn 0.4462 -0.8937 -0.0463
vn 0.4730 -0.8797 -0.0491
vn 0.4870 -0.8628 -0.1356
vn 0.4719 -0.8803 -0.0498
vn 0.5061 -0.8609 -0.0533
vn 0.5284 -0.8385 -0.1334
vn 0.5047 -0.8616 -0.0540
vn 0.5501 -0.8330 -0.0591
vn 0.5861 -0.7972 -0.1448
vn 0.5484 -0.8341 -0.0597
vn 0.6141 -0.7864 -0.0673
vn 0.6736 -0.7165 -0.1813
vn 0.6120 -0.7880 -0.0679
vn 0.7154 -0.6941 -0.0800
vn 0.8080 -0.5487 -0.2145
vn 0.7124 -0.6971 -0.0807
vn 0.8846 -0.4551 -0.1016
vn 0.9649 -0.0649 -0.2546
vn 0.8802 -0.4634 -0.1025
vn 0.9628 0.2447 -0.1148
vn 0.7627 0.6169 -0.1944
vn 0.9664 0.2290 -0.1170
vn 0.4569 0.8876 -0.0583
vn 0.2855 0.9555 -0.0749
vn 0.4627 0.8845 -0.0599
vn 0.1049 0.9943 -0.0168
vn 0.0111 0.9997 -0.0212
vn 0.1065 0.9942 -0.0175
vn -0.0750 0.9972 0.0048
vn -0.1002 0.9950 0.0049
vn -0.0585 0.9983 -0.0027
vn -0.1373 0.9905 0.0071
vn -0.1657 0.9858 0.0280
vn -0.1486 0.9888 0.0138
vn -0.2064 0.9782 0.0213
vn -0.2234 0.9727 0.0627
vn -0.2063 0.9783 0.0212
vn -0.2472 0.9686 0.0264
vn -0.2677 0.9608 0.0721
vn -0.2474 0.9685 0.0265
vn -0.2785 0.9600 0.0305
vn -0.2877 0.9573 0.0295
vn -0.2785 0.9599 0.0305
vn -0.3039 0.9521 0.0337
vn -0.3105 0.9478 0.0725
vn -0.3040 0.9521 0.0339
vn -0.3254 0.9449 0.0366
vn -0.3308 0.9383 0.1003
vn -0.3255 0.9448 0.0367
vn -0.3442 0.9381 0.0390
vn -0.3504 0.9297 0.1138
vn -0.3440 0.9382 0.0387
vn -0.3610 0.9317 0.0408
vn -0.3695 0.9226 0.1110
vn -0.3608 0.9318 0.0405
vn -0.3763 0.9255 0.0424
vn -0.3872 0.9174 0.0921
vn -0.3759 0.9257 0.0417
vn -0.3905 0.9196 0.0438
vn -0.3944 0.9148 0.0871
vn -0.3902 0.9197 0.0430
vn -0.4039 0.9137 0.0445
vn -0.4010 0.9074 0.1255
vn -0.4037 0.9139 0.0434
vn 0.6007 -0.6947 -0.3957
vn 0.8283 -0.0027 -0.5602
vn 0.4979 0.8201 -0.2818
vn -0.2208 0.9668 0.1288
vn -0.3241 0.9200 0.2203
vn -0.3848 0.9047 0.1831
vn 0.2479 0.8653 -0.4356
vn -0.3697 0.8707 0.3244
vn 0.4697 -0.6576 -0.5890
vn 0.6545 -0.0560 -0.7540
vn -0.1795 0.9297 0.3216
vn -0.2787 0.8547 0.4380
vn -0.3310 0.8255 0.4572
vn 0.4357 0.1118 -0.8931
vn -0.2743 0.6916 0.6682
vn 0.3198 -0.2390 -0.9168
vn 0.1258 0.8843 -0.4496
vn -0.0838 0.9733 0.2136
vn 0.2226 0.3683 -0.9027
vn -0.1026 0.7444 0.6598
vn -0.2098 0.6622 0.7193
vn -0.1847 0.4641 0.8663
vn 0.0727 0.7532 -0.6538
vn -0.0177 0.9691 -0.2462
vn -0.0873 0.3954 0.9143
vn -0.0811 0.2683 0.9599
vn 0.0589 0.3973 -0.9158
vn -0.0285 0.8082 -0.5882
vn 0.1272 -0.1455 0.9811
vn -0.0533 0.5453 -0.8366
vn 0.0017 0.9209 0.3897
vn -0.0115 0.5790 0.8152
vn 0.0489 0.1216 0.9914
vn -0.0661 0.9687 -0.2391
vn -0.1519 0.6975 -0.7003
vn 0.1377 0.4297 0.8924
vn 0.1871 -0.0785 0.9792
vn 0.2875 -0.3592 0.8879
vn -0.1495 0.9411 -0.3033
vn 0.1943 0.7744 0.6021
vn 0.2382 0.3583 0.9027
vn 0.3166 -0.2500 0.9150
vn -0.2672 0.7818 -0.5633
vn 0.1082 0.9493 0.2952
vn 0.4120 -0.5124 0.7535
vn 0.4455 0.2805 0.8502
vn 0.4640 -0.4235 0.7780
vn -0.3326 0.8594 -0.3884
vn 0.5137 -0.6323 0.5799
vn 0.3446 0.8493 0.3998
vn 0.7042 0.0720 0.7064
vn 0.6031 -0.5747 0.5532
vn 0.5663 -0.7252 0.3917
vn -0.4037 0.9039 -0.1410
vn 0.5450 0.8163 0.1913
vn 0.9217 -0.0551 0.3839
vn 0.6986 -0.6648 0.2644
vn 0.6059 -0.7444 0.2808
vn 0.6242 -0.7718 0.1210
vn 0.0362 0.8959 -0.4428
vn 0.0406 0.9752 -0.2175
vn 0.1277 0.9918 0.0075
vn 0.7536 -0.6487 0.1062
vn 0.8034 -0.5922 0.0617
vn 0.7932 -0.6068 0.0516
vn 0.0416 0.9991 0.0046
vn 0.0159 0.9999 0.0015
vn 0.0728 0.9959 0.0545
vn 0.1928 0.9782 0.0765
vn 0.3383 0.9406 0.0274
vn 0.3575 0.9237 0.1375
vn 0.5613 0.8199 0.1127
vn 0.7106 0.7027 0.0370
vn 0.8914 0.4263 0.1535
vn 0.9918 0.1177 0.0505
vn 0.9715 -0.1636 0.1717
vn 0.9170 -0.3947 0.0580
vn 0.8404 -0.5222 0.1448
vn 0.7927 -0.5952 0.1317
vn 0.9254 -0.3455 0.1558
vn 0.9548 -0.0230 0.2965
vn 0.9775 0.1582 0.1397
vn 0.8976 0.3332 0.2885
vn 0.7504 0.6173 0.2362
vn 0.7996 0.5937 0.0905
vn 0.6831 0.7238 0.0974
vn 0.6954 0.7164 0.0567
vn 0.0386 0.9992 0.0068
vn 0.0158 0.9999 0.0025
vn 0.0362 0.9993 0.0089
vn 0.0156 0.9999 0.0034
vn 0.7241 0.6325 0.2750
vn 0.9077 0.2523 0.3354
vn 0.9228 -0.1875 0.3367
vn 0.8002 -0.5210 0.2971
vn 0.7163 -0.6463 0.2630
vn 0.7516 -0.5977 0.2791
vn 0.8726 -0.3657 0.3237
vn 0.6836 0.7018 0.2003
vn 0.0341 0.9994 0.0108
vn 0.0153 0.9999 0.0045
vn 0.0323 0.9994 0.0125
vn 0.0150 0.9999 0.0054
vn 0.4926 0.8281 0.2674
vn 0.6094 0.7399 0.2849
vn 0.0308 0.9994 0.0143
vn 0.0146 0.9999 0.0063
vn 0.0293 0.9994 0.0160
vn 0.0142 0.9999 0.0072
vn 0.6425 0.6273 0.4401
vn 0.7979 0.2610 0.5434
vn 0.8118 -0.1920 0.5515
vn 0.7059 -0.5214 0.4795
vn 0.6314 -0.6461 0.4289
vn 0.6618 -0.5995 0.4501
vn 0.7790 -0.3712 0.5053
vn 0.7503 -0.0301 0.6604
vn 0.7032 0.3254 0.6322
vn 0.5843 0.6226 0.5205
vn 0.5774 0.7474 0.3286
vn 0.0280 0.9995 0.0177
vn 0.0137 0.9999 0.0081
vn 0.0268 0.9995 0.0195
vn 0.0131 0.9999 0.0089
vn 0.1347 0.9780 0.1592
vn 0.2485 0.9265 0.2827
vn 0.4268 0.8288 0.3618
vn 0.5344 0.6937 0.4829
vn 0.0256 0.9994 0.0213
vn 0.0125 0.9999 0.0097
vn 0.0245 0.9994 0.0232
vn 0.0119 0.9999 0.0105
vn 0.5128 0.6274 0.5860
vn 0.6378 0.2611 0.7245
vn 0.6493 -0.1921 0.7359
vn 0.5645 -0.5216 0.6398
vn 0.5049 -0.6463 0.5722
vn 0.5293 -0.5997 0.6002
vn 0.6071 -0.3586 0.7091
vn 0.0234 0.9994 0.0253
vn 0.0112 0.9999 0.0112
vn 0.0224 0.9994 0.0275
vn 0.0105 0.9999 0.0119
vn 0.3140 0.8212 0.4766
vn 0.3711 0.7565 0.5385
vn 0.0213 0.9993 0.0300
vn 0.0097 0.9999 0.0125
vn 0.0203 0.9993 0.0329
vn 0.0089 0.9999 0.0132
vn 0.3440 0.6297 0.6965
vn 0.4350 0.2622 0.8614
vn 0.4459 -0.1918 0.8743
vn 0.3877 -0.5210 0.7604
vn 0.3457 -0.6466 0.6800
vn 0.3583 -0.6011 0.7144
vn 0.4171 -0.3560 0.8362
vn 0.4981 -0.0658 0.8646
vn 0.3402 0.3124 0.8869
vn 0.2742 0.6221 0.7333
vn 0.0193 0.9991 0.0372
vn 0.0081 0.9999 0.0137
vn 0.0190 0.9991 0.0386
vn 0.0072 0.9999 0.0142
vn -0.0096 0.9959 0.0899
vn 0.0298 0.9896 0.1406
vn 0.0518 0.9674 0.2480
vn 0.1703 0.8696 0.4635
vn 0.3045 0.6985 0.6476
vn 0.0153 0.9992 0.0370
vn 0.0063 0.9999 0.0146
vn 0.0121 0.9993 0.0357
vn 0.0054 0.9999 0.0150
vn 0.1461 0.6334 0.7599
vn 0.1784 0.2577 0.9496
vn 0.2313 -0.1960 0.9529
vn 0.1814 -0.5201 0.8346
vn 0.1632 -0.6456 0.7460
vn 0.1496 -0.6380 0.7554
vn 0.1835 -0.4816 0.8570
vn 0.1992 -0.1214 0.9724
vn 0.1903 0.6961 0.6923
vn 0.0093 0.9994 0.0348
vn 0.0044 0.9999 0.0153
vn 0.0068 0.9994 0.0340
vn 0.0035 0.9999 0.0156
vn 0.0068 0.9327 0.3605
vn 0.0273 0.8072 0.5896
vn 0.0798 0.7618 0.6428
vn 0.0044 0.9994 0.0335
vn 0.0025 0.9999 0.0158
vn 0.0022 0.9995 0.0331
vn 0.0015 0.9999 0.0159
vn 0.0500 -0.1768 0.9830
vn -0.0508 -0.5235 0.8505
vn -0.0474 -0.6467 0.7612
vn -0.0513 -0.5654 0.8232
vn -0.0544 -0.3471 0.9362
vn -0.0627 -0.0082 0.9980
vn -0.0493 0.3134 0.9483
vn -0.0352 0.6188 0.7848
vn 0.0448 0.7381 0.6732
vn 0.0001 0.9995 0.0327
vn 0.0005 0.9999 0.0160
vn -0.0717 0.6306 0.7728
vn -0.0898 0.2619 0.9609
vn -0.0685 -0.6624 0.7461
vn -0.0020 0.9995 0.0325
vn -0.0005 0.9999 0.0160
vn -0.1539 -0.1893 0.9698
vn -0.1017 0.7224 0.6840
vn -0.0042 0.9995 0.0324
vn -0.0015 0.9999 0.0159
vn -0.0730 0.9786 0.1922
vn -0.1316 0.9252 0.3559
vn -0.1152 0.8230 0.5562
vn -0.0063 0.9995 0.0324
vn -0.0025 0.9999 0.0157
vn -0.0085 0.9994 0.0325
vn -0.0035 0.9999 0.0156
vn -0.2662 0.6272 0.7319
vn -0.3275 0.2607 0.9082
vn -0.3347 -0.1902 0.9229
vn -0.2872 -0.5229 0.8026
vn -0.2543 -0.6452 0.7205
vn -0.2665 -0.6008 0.7536
vn -0.3167 -0.3607 0.8773
vn -0.3540 -0.0185 0.9351
vn -0.3345 0.3219 0.8857
vn -0.2719 0.6204 0.7356
vn -0.1784 0.7242 0.6661
vn -0.0109 0.9994 0.0327
vn -0.0044 0.9999 0.0153
vn -0.0135 0.9994 0.0330
vn -0.0054 0.9999 0.0150
vn -0.2674 0.8281 0.4926
vn -0.2851 0.7241 0.6281
vn -0.0163 0.9993 0.0335
vn -0.0063 0.9999 0.0146
vn -0.0195 0.9992 0.0342
vn -0.0072 0.9999 0.0142
vn -0.4401 0.6273 0.6424
vn -0.5434 0.2610 0.7979
vn -0.5515 -0.1920 0.8118
vn -0.4794 -0.5214 0.7059
vn -0.4288 -0.6461 0.6314
vn -0.4501 -0.5995 0.6618
vn -0.5053 -0.3713 0.7790
vn -0.6719 -0.0247 0.7402
vn -0.6400 0.3249 0.6963
vn -0.5261 0.6203 0.5818
vn -0.3404 0.7369 0.5840
vn -0.0213 0.9992 0.0340
vn -0.0081 0.9999 0.0137
vn -0.0224 0.9993 0.0315
vn -0.0089 0.9999 0.0131
vn -0.0656 0.9962 0.0572
vn -0.1349 0.9877 0.0785
vn -0.1721 0.9712 0.1650
vn -0.2876 0.9231 0.2553
vn -0.3618 0.8288 0.4268
vn -0.4828 0.6938 0.5343
vn -0.0234 0.9993 0.0288
vn -0.0097 0.9999 0.0125
vn -0.0245 0.9993 0.0265
vn -0.0105 0.9999 0.0119
vn -0.5860 0.6274 0.5128
vn -0.7246 0.2612 0.6378
vn -0.7359 -0.1921 0.6493
vn -0.6398 -0.5216 0.5645
vn -0.5722 -0.6463 0.5049
vn -0.6002 -0.5997 0.5293
vn -0.7111 -0.3725 0.5963
vn -0.0256 0.9994 0.0243
vn -0.0112 0.9999 0.0112
vn -0.0267 0.9994 0.0222
vn -0.0119 0.9999 0.0105
vn -0.4705 0.8306 0.2980
vn -0.5385 0.7565 0.3711
vn -0.0278 0.9994 0.0203
vn -0.0125 0.9999 0.0097
vn -0.0291 0.9994 0.0184
vn -0.0131 0.9999 0.0090
vn -0.6909 0.6349 0.3457
vn -0.8605 0.2609 0.4375
vn -0.8748 -0.1932 0.4442
vn -0.7626 -0.5199 0.3849
vn -0.6803 -0.6457 0.3468
vn -0.7133 -0.5991 0.3637
vn -0.8173 -0.3714 0.4405
vn -0.9329 -0.0307 0.3589
vn -0.8807 0.3293 0.3404
vn -0.7336 0.6196 0.2791
vn -0.0304 0.9994 0.0166
vn -0.0137 0.9999 0.0081
vn -0.0319 0.9994 0.0148
vn -0.0142 0.9999 0.0072
vn -0.3101 0.9458 0.0965
vn -0.5449 0.8212 0.1692
vn -0.6476 0.6985 0.3045
vn -0.0335 0.9994 0.0130
vn -0.0146 0.9999 0.0063
vn -0.0353 0.9993 0.0111
vn -0.0150 0.9999 0.0054
vn -0.7684 0.6215 0.1526
vn -0.9395 0.2661 0.2155
vn -0.9536 -0.1922 0.2319
vn -0.8351 -0.5229 0.1709
vn -0.7421 -0.6472 0.1745
vn -0.7815 -0.5978 0.1786
vn -0.9173 -0.3426 0.2031
vn -0.6923 0.6961 0.1903
vn -0.0363 0.9993 0.0094
vn -0.0153 0.9999 0.0045
vn -0.0361 0.9993 0.0071
vn -0.0156 0.9999 0.0034
vn -0.0905 0.9957 0.0177
vn -0.6395 0.7651 0.0750
vn -0.0358 0.9993 0.0047
vn -0.0158 0.9999 0.0025
vn -0.0356 0.9994 0.0023
vn -0.0159 0.9999 0.0015
vn -0.2063 0.9782 0.0221
vn -0.4830 0.8744 0.0461
vn -0.7843 0.6150 0.0811
vn -0.9882 0.1256 0.0873
vn -0.9164 -0.3950 0.0643
vn -0.7678 -0.6373 0.0656
vn -0.7986 -0.5960 0.0839
vn -0.9378 -0.3329 0.0982
vn -0.9788 0.1399 0.1495
vn -0.7955 0.5929 0.1250
vn -0.6709 0.7364 0.0874
vn -0.0355 0.9994 0.0011
vn -0.0160 0.9999 0.0005
vn -0.0472 0.9989 -0.0015
vn -0.0370 0.9993 -0.0025
vn -0.0842 0.9963 -0.0147
vn -0.0554 0.9970 0.0546
vn -0.0982 0.9937 0.0533
vn -0.1651 0.9863 -0.0029
vn -0.1083 0.9895 0.0956
vn -0.2181 0.9716 0.0920
vn -0.2617 0.9649 -0.0241
vn -0.1831 0.9831 -0.0057
vn -0.2895 0.9571 -0.0090
vn -0.3757 0.9258 -0.0421
vn -0.4274 0.9040 -0.0132
vn -0.5695 0.8195 -0.0640
vn -0.4442 0.8959 0.0109
vn -0.6534 0.7570 0.0045
vn -0.7944 0.6007 -0.0899
vn -0.6568 0.7540 0.0088
vn -0.8804 0.4743 0.0021
vn -0.9592 0.2604 -0.1103
vn -0.8823 0.4706 0.0053
vn -0.9958 0.0911 0.0021
vn -0.9900 -0.0883 -0.1100
vn -0.9964 0.0846 0.0070
vn -0.9718 -0.2357 0.0080
vn -0.9333 -0.3440 -0.1032
vn -0.9708 -0.2397 0.0114
vn -0.9078 -0.4193 0.0136
vn -0.8479 -0.5225 -0.0897
vn -0.8964 -0.4415 0.0386
vn -0.7963 -0.6035 0.0416
vn -0.7868 -0.6136 -0.0670
vn -0.8296 -0.5577 -0.0257
vn -0.7812 -0.6238 -0.0242
vn -0.7640 -0.6427 -0.0572
vn -0.7813 -0.6237 -0.0244
vn -0.7507 -0.6602 -0.0235
vn -0.7383 -0.6723 -0.0542
vn -0.7507 -0.6602 -0.0234
vn -0.7354 -0.6773 -0.0229
vn -0.7415 -0.6694 -0.0459
vn -0.7353 -0.6773 -0.0228
vn -0.7447 -0.6670 -0.0231
vn -0.7357 -0.6732 -0.0742
vn -0.7338 -0.6793 0.0091
vn -0.7345 -0.6785 0.0091
vn -0.7486 -0.6622 -0.0331
vn -0.7446 -0.6671 -0.0233
vn -0.7690 -0.6388 -0.0240
vn -0.7862 -0.6133 -0.0759
vn -0.7691 -0.6387 -0.0241
vn -0.8080 -0.5886 -0.0253
vn -0.8463 -0.5258 -0.0855
vn -0.8080 -0.5886 -0.0254
vn -0.8720 -0.4888 -0.0274
vn -0.8960 -0.4332 -0.0976
vn -0.8627 -0.5055 0.0167
vn -0.9289 -0.3700 0.0146
vn -0.9635 -0.2391 -0.1201
vn -0.9290 -0.3699 0.0145
vn -0.9876 -0.1565 0.0126
vn -0.9925 0.0274 -0.1195
vn -0.9879 -0.1548 0.0093
vn -0.9892 0.1461 0.0093
vn -0.9291 0.3522 -0.1129
vn -0.9889 0.1483 0.0045
vn -0.8812 0.4726 0.0078
vn -0.7683 0.6343 -0.0857
vn -0.8802 0.4747 0.0036
vn -0.7055 0.7087 0.0092
vn -0.7021 0.7098 -0.0565
vn -0.6943 0.7194 -0.0220
vn -0.0318 0.9995 -0.0041
vn -0.0159 0.9999 -0.0015
vn -0.2138 0.9726 -0.0908
vn -0.3572 0.9243 -0.1344
vn -0.7595 -0.6347 -0.1427
vn -0.7848 -0.5723 -0.2379
vn -0.6674 0.7343 -0.1237
vn -0.0318 0.9995 -0.0062
vn -0.0158 0.9999 -0.0025
vn -0.0319 0.9995 -0.0084
vn -0.0156 0.9999 -0.0034
vn -0.5411 0.8189 -0.1916
vn -0.7414 0.6178 -0.2620
vn -0.9110 0.2606 -0.3196
vn -0.9258 -0.1890 -0.3273
vn -0.8037 -0.5228 -0.2842
vn -0.7200 -0.6433 -0.2602
vn -0.7070 -0.6585 -0.2578
vn -0.8790 -0.3524 -0.3211
vn -0.9368 -0.0166 -0.3495
vn -0.8865 0.3221 -0.3323
vn -0.7358 0.6208 -0.2706
vn -0.6637 0.7264 -0.1784
vn -0.0321 0.9994 -0.0108
vn -0.0153 0.9999 -0.0045
vn -0.0325 0.9994 -0.0133
vn -0.0150 0.9999 -0.0054
vn -0.6281 0.7240 -0.2851
vn -0.0330 0.9993 -0.0161
vn -0.0146 0.9999 -0.0063
vn -0.0338 0.9992 -0.0193
vn -0.0142 0.9999 -0.0072
vn -0.4421 0.8443 -0.3028
vn -0.6480 0.6191 -0.4437
vn -0.7979 0.2611 -0.5434
vn -0.8118 -0.1920 -0.5515
vn -0.7059 -0.5214 -0.4794
vn -0.6314 -0.6461 -0.4289
vn -0.6634 -0.6031 -0.4429
vn -0.7836 -0.3664 -0.5017
vn -0.7457 -0.0268 -0.6657
vn -0.6963 0.3247 -0.6401
vn -0.5818 0.6203 -0.5261
vn -0.5840 0.7369 -0.3404
vn -0.0352 0.9991 -0.0233
vn -0.0137 0.9999 -0.0081
vn -0.0348 0.9991 -0.0245
vn -0.0131 0.9999 -0.0090
vn -0.0400 0.9960 -0.0803
vn -0.1352 0.9789 -0.1531
vn -0.2428 0.9288 -0.2800
vn -0.5343 0.6938 -0.4828
vn -0.0309 0.9992 -0.0249
vn -0.0125 0.9999 -0.0097
vn -0.0277 0.9993 -0.0254
vn -0.0119 0.9999 -0.0105
vn -0.3768 0.8202 -0.4304
vn -0.5173 0.6192 -0.5908
vn -0.6378 0.2611 -0.7246
vn -0.6493 -0.1921 -0.7359
vn -0.5645 -0.5216 -0.6398
vn -0.5049 -0.6463 -0.5722
vn -0.5293 -0.5997 -0.6001
vn -0.6071 -0.3585 -0.7091
vn -0.0248 0.9994 -0.0259
vn -0.0112 0.9999 -0.0112
vn -0.0223 0.9994 -0.0265
vn -0.0105 0.9999 -0.0119
vn -0.3711 0.7565 -0.5385
vn -0.0200 0.9994 -0.0272
vn -0.0097 0.9999 -0.0126
vn -0.0179 0.9994 -0.0279
vn -0.0089 0.9999 -0.0131
vn -0.2370 0.8457 -0.4781
vn -0.3505 0.6183 -0.7035
vn -0.4350 0.2622 -0.8614
vn -0.4459 -0.1918 -0.8743
vn -0.3877 -0.5210 -0.7604
vn -0.3457 -0.6466 -0.6800
vn -0.3583 -0.6011 -0.7144
vn -0.4171 -0.3560 -0.8362
vn -0.4981 -0.0658 -0.8646
vn -0.3402 0.3125 -0.8869
vn -0.2742 0.6221 -0.7333
vn -0.0159 0.9995 -0.0287
vn -0.0081 0.9999 -0.0137
vn -0.0139 0.9995 -0.0296
vn -0.0072 0.9999 -0.0142
vn -0.0186 0.9902 -0.1384
vn -0.0458 0.9701 -0.2383
vn -0.0681 0.9241 -0.3760
vn -0.3045 0.6985 -0.6476
vn -0.0120 0.9995 -0.0305
vn -0.0063 0.9999 -0.0146
vn -0.0101 0.9995 -0.0315
vn -0.0054 0.9999 -0.0150
vn -0.1027 0.8180 -0.5660
vn -0.1438 0.6177 -0.7732
vn -0.1784 0.2577 -0.9496
vn -0.2313 -0.1960 -0.9529
vn -0.1814 -0.5201 -0.8346
vn -0.1632 -0.6456 -0.7461
vn -0.1496 -0.6380 -0.7554
vn -0.1835 -0.4816 -0.8570
vn -0.1992 -0.1214 -0.9724
vn -0.1902 0.6961 -0.6923
vn -0.0082 0.9994 -0.0327
vn -0.0045 0.9999 -0.0153
vn -0.0062 0.9994 -0.0340
vn -0.0035 0.9999 -0.0156
vn -0.0798 0.7618 -0.6429
vn -0.0041 0.9994 -0.0355
vn -0.0025 0.9999 -0.0157
vn -0.0019 0.9993 -0.0373
vn -0.0015 0.9999 -0.0159
vn -0.0500 -0.1768 -0.9830
vn 0.0508 -0.5235 -0.8505
vn 0.0474 -0.6467 -0.7612
vn 0.0513 -0.5654 -0.8232
vn 0.0544 -0.3471 -0.9362
vn 0.0627 -0.0082 -0.9980
vn 0.0493 0.3134 -0.9483
vn 0.0352 0.6188 -0.7848
vn -0.0447 0.7381 -0.6732
vn 0.0005 0.9992 -0.0394
vn -0.0005 0.9999 -0.0160
vn 0.0875 0.8312 -0.5490
vn 0.0581 0.6227 -0.7803
vn 0.0898 0.2619 -0.9609
vn 0.0685 -0.6624 -0.7461
vn 0.0032 0.9991 -0.0419
vn 0.0005 0.9999 -0.0160
vn 0.1539 -0.1893 -0.9698
vn 0.1017 0.7224 -0.6840
vn 0.0046 0.9991 -0.0416
vn 0.0015 0.9999 -0.0159
vn 0.0509 0.9958 -0.0767
vn 0.0684 0.9786 -0.1943
vn 0.1317 0.9220 -0.3640
vn 0.0068 0.9992 -0.0386
vn 0.0025 0.9999 -0.0158
vn 0.0088 0.9993 -0.0362
vn 0.0035 0.9999 -0.0156
vn 0.2616 0.6349 -0.7270
vn 0.3275 0.2606 -0.9082
vn 0.3347 -0.1902 -0.9229
vn 0.2872 -0.5229 -0.8026
vn 0.2543 -0.6452 -0.7205
vn 0.2665 -0.6008 -0.7536
vn 0.3166 -0.3607 -0.8773
vn 0.3540 -0.0185 -0.9351
vn 0.3344 0.3218 -0.8858
vn 0.2719 0.6204 -0.7356
vn 0.1784 0.7242 -0.6661
vn 0.0107 0.9994 -0.0340
vn 0.0045 0.9999 -0.0153
vn 0.0125 0.9994 -0.0323
vn 0.0054 0.9999 -0.0150
vn 0.2654 0.8283 -0.4934
vn 0.2851 0.7241 -0.6280
vn 0.0143 0.9994 -0.0308
vn 0.0063 0.9999 -0.0146
vn 0.0160 0.9994 -0.0293
vn 0.0072 0.9999 -0.0142
vn 0.4401 0.6273 -0.6424
vn 0.5434 0.2611 -0.7978
vn 0.5515 -0.1920 -0.8118
vn 0.4794 -0.5214 -0.7059
vn 0.4289 -0.6461 -0.6314
vn 0.4501 -0.5995 -0.6618
vn 0.5053 -0.3712 -0.7790
vn 0.6720 -0.0247 -0.7402
vn 0.6400 0.3248 -0.6964
vn 0.5260 0.6203 -0.5818
vn 0.3404 0.7369 -0.5840
vn 0.0177 0.9995 -0.0280
vn 0.0081 0.9999 -0.0137
vn 0.0195 0.9995 -0.0268
vn 0.0089 0.9999 -0.0132
vn 0.1510 0.9793 -0.1346
vn 0.2835 0.9246 -0.2544
vn 0.3618 0.8288 -0.4268
vn 0.4828 0.6938 -0.5343
vn 0.0213 0.9994 -0.0256
vn 0.0097 0.9999 -0.0126
vn 0.0232 0.9994 -0.0245
vn 0.0105 0.9999 -0.0119
vn 0.5860 0.6274 -0.5128
vn 0.7246 0.2611 -0.6378
vn 0.7359 -0.1921 -0.6493
vn 0.6398 -0.5215 -0.5645
vn 0.5722 -0.6463 -0.5049
vn 0.6002 -0.5997 -0.5293
vn 0.7111 -0.3725 -0.5963
vn 0.0253 0.9994 -0.0234
vn 0.0112 0.9999 -0.0112
vn 0.0275 0.9994 -0.0224
vn 0.0119 0.9999 -0.0105
vn 0.4715 0.8281 -0.3032
vn 0.5385 0.7565 -0.3711
vn 0.0300 0.9993 -0.0213
vn 0.0125 0.9999 -0.0097
vn 0.0328 0.9993 -0.0203
vn 0.0131 0.9999 -0.0089
vn 0.6953 0.6272 -0.3509
vn 0.8605 0.2609 -0.4375
vn 0.8743 -0.1918 -0.4459
vn 0.7604 -0.5210 -0.3877
vn 0.6802 -0.6457 -0.3468
vn 0.7133 -0.5991 -0.3637
vn 0.8173 -0.3714 -0.4405
vn 0.9302 -0.0213 -0.3664
vn 0.8769 0.3244 -0.3547
vn 0.7335 0.6172 -0.2846
vn 0.0350 0.9992 -0.0192
vn 0.0137 0.9999 -0.0081
vn 0.0351 0.9992 -0.0170
vn 0.0142 0.9999 -0.0072
vn 0.0739 0.9972 -0.0150
vn 0.1358 0.9906 -0.0189
vn 0.3025 0.9467 -0.1107
vn 0.5315 0.8255 -0.1900
vn 0.6476 0.6986 -0.3044
vn 0.0344 0.9993 -0.0141
vn 0.0146 0.9999 -0.0063
vn 0.0340 0.9994 -0.0114
vn 0.0150 0.9999 -0.0054
vn 0.7525 0.6358 -0.1720
vn 0.9378 0.2631 -0.2265
vn 0.9532 -0.1916 -0.2339
vn 0.8289 -0.5213 -0.2030
vn 0.7413 -0.6471 -0.1781
vn 0.7781 -0.6002 -0.1851
vn 0.9166 -0.3457 -0.2007
vn 0.6923 0.6961 -0.1902
vn 0.0338 0.9994 -0.0089
vn 0.0153 0.9999 -0.0045
vn 0.0336 0.9994 -0.0066
vn 0.0156 0.9999 -0.0034
vn 0.2275 0.9734 -0.0276
vn 0.3568 0.9333 -0.0415
vn 0.5392 0.8404 -0.0545
vn 0.6405 0.7642 -0.0764
vn 0.0336 0.9994 -0.0043
vn 0.0158 0.9999 -0.0025
vn 0.0345 0.9994 -0.0017
vn 0.0159 0.9999 -0.0015
vn 0.7761 0.6273 -0.0650
vn 0.9493 0.3041 -0.0792
vn 0.9954 -0.0539 -0.0788
vn 0.9385 -0.3353 -0.0824
vn 0.8710 -0.4850 -0.0783
vn 0.8052 -0.5887 -0.0713
vn 0.7688 -0.6357 -0.0692
vn 0.7412 -0.6682 -0.0638
vn 0.7316 -0.6785 -0.0665
vn 0.7373 -0.6732 -0.0571
vn 0.7478 -0.6608 -0.0642
vn 0.7790 -0.6210 -0.0869
vn 0.8347 -0.5472 -0.0612
vn 0.8812 -0.4680 -0.0670
vn 0.9578 -0.2752 -0.0831
vn 0.9936 -0.0459 -0.1029
vn 0.9527 0.2839 -0.1083
vn 0.8171 0.5675 -0.1019
vn 0.6805 0.7265 -0.0955
vn 0.0160 0.9999 -0.0005
vn 0.0555 0.9985 -0.0017
vn 0.0530 0.9982 0.0297
vn 0.1088 0.9937 0.0280
vn 0.1043 0.9932 0.0526
vn 0.1829 0.9818 0.0501
vn 0.1964 0.9805 0.0052
vn 0.2895 0.9572 0.0023
vn 0.2871 0.9579 0.0077
vn 0.4443 0.8959 0.0028
vn 0.4403 0.8978 0.0092
vn 0.6569 0.7540 0.0024
vn 0.6734 0.7390 -0.0209
vn 0.8820 0.4704 -0.0274
vn 0.9959 0.0846 -0.0310
vn 0.9959 0.0845 -0.0310
vn 0.9704 -0.2394 -0.0302
vn 0.9704 -0.2395 -0.0303
vn 0.8967 -0.4418 -0.0280
vn 0.8967 -0.4417 -0.0279
vn 0.8296 -0.5577 -0.0258
vn 0.8297 -0.5577 -0.0257
vn 0.7813 -0.6237 -0.0242
vn 0.7813 -0.6237 -0.0243
vn 0.7507 -0.6602 -0.0233
vn 0.7507 -0.6603 -0.0234
vn 0.7354 -0.6773 -0.0229
vn 0.7354 -0.6773 -0.0230
vn 0.7336 -0.6792 -0.0229
vn 0.7446 -0.6671 -0.0232
vn 0.7447 -0.6670 -0.0231
vn 0.7691 -0.6387 -0.0238
vn 0.7690 -0.6388 -0.0241
vn 0.8080 -0.5886 -0.0253
vn 0.8081 -0.5885 -0.0251
vn 0.8624 -0.5055 -0.0268
vn 0.8623 -0.5057 -0.0271
vn 0.9287 -0.3697 -0.0288
vn 0.9286 -0.3699 -0.0291
vn 0.9875 -0.1548 -0.0310
vn 0.9875 -0.1547 -0.0309
vn 0.9884 0.1486 -0.0310
vn 0.9884 0.1485 -0.0311
vn 0.8798 0.4745 -0.0277
vn 0.8798 0.4746 -0.0275
vn 0.6944 0.7192 -0.0220
vn 0.5358 0.8442 0.0169
vn 0.4941 0.8677 0.0550
vn 0.4262 0.9032 0.0505
vn 0.5048 0.8587 0.0884
vn 0.5336 0.8442 0.0506
vn 0.4785 0.8761 0.0586
vn 0.3487 0.9322 0.0969
vn 0.2775 0.9599 0.0395
vn 0.2418 0.9671 0.0788
vn 0.1786 0.9835 0.0281
vn 0.1550 0.9870 0.0415
vn 0.1697 0.9852 0.0257
vn 0.1764 0.9842 0.0142
vn 0.2154 0.9753 0.0498
vn 0.2834 0.9587 0.0244
vn 0.3103 0.9479 0.0721
vn 0.4956 0.8656 0.0720
vn 0.5079 0.8604 0.0416
vn 0.8205 0.5567 0.1300
vn 0.8441 0.5317 0.0690
vn 0.9469 0.2890 0.1407
vn 0.9645 0.2521 0.0784
vn 0.5292 0.8443 0.0841
vn 0.4649 0.8809 0.0884
vn 0.5226 0.8444 0.1174
vn 0.4546 0.8828 0.1182
vn 0.5226 0.8445 0.1175
vn 0.1866 0.9799 0.0700
vn 0.1568 0.9860 0.0566
vn 0.4781 0.8661 0.1461
vn 0.7962 0.5572 0.2358
vn 0.9201 0.2896 0.2638
vn 0.5139 0.8446 0.1502
vn 0.4497 0.8798 0.1538
vn 0.5032 0.8447 0.1823
vn 0.4503 0.8752 0.1770
vn 0.5033 0.8447 0.1823
vn 0.3308 0.9267 0.1781
vn 0.1446 0.9862 0.0811
vn 0.1850 0.9780 0.0965
vn 0.2781 0.9498 0.1433
vn 0.4602 0.8662 0.1949
vn 0.7600 0.5575 0.3340
vn 0.8795 0.2898 0.3775
vn 0.4906 0.8448 0.2135
vn 0.4292 0.8803 0.2021
vn 0.4762 0.8449 0.2437
vn 0.4114 0.8825 0.2280
vn 0.4760 0.8449 0.2439
vn 0.1937 0.9662 0.1703
vn 0.1479 0.9803 0.1308
vn 0.1287 0.9878 0.0878
vn 0.4264 0.8663 0.2603
vn 0.7121 0.5578 0.4264
vn 0.8252 0.2900 0.4847
vn 0.4598 0.8450 0.2731
vn 0.3975 0.8799 0.2604
vn 0.4417 0.8451 0.3013
vn 0.3918 0.8755 0.2828
vn 0.2514 0.9328 0.2584
vn 0.1198 0.9860 0.1163
vn 0.1557 0.9782 0.1378
vn 0.2337 0.9501 0.2069
vn 0.3971 0.8663 0.3029
vn 0.6533 0.5579 0.5118
vn 0.7583 0.2901 0.5838
vn 0.4219 0.8452 0.3282
vn 0.3656 0.8804 0.3019
vn 0.4221 0.8451 0.3280
vn 0.4007 0.8452 0.3537
vn 0.3423 0.8826 0.3224
vn 0.1030 0.9878 0.1171
vn 0.3489 0.8663 0.3575
vn 0.5846 0.5580 0.5890
vn 0.6799 0.2901 0.6735
vn 0.3779 0.8452 0.3779
vn 0.3208 0.8800 0.3503
vn 0.3537 0.8452 0.4007
vn 0.3100 0.8755 0.3707
vn 0.3537 0.8452 0.4008
vn 0.2007 0.9273 0.3159
vn 0.0818 0.9869 0.1390
vn 0.1166 0.9782 0.1721
vn 0.1753 0.9500 0.2583
vn 0.3101 0.8663 0.3915
vn 0.5069 0.5579 0.6571
vn 0.5909 0.2901 0.7528
vn 0.3282 0.8451 0.4220
vn 0.2800 0.8804 0.3827
vn 0.3012 0.8451 0.4417
vn 0.2523 0.8825 0.3969
vn 0.3011 0.8451 0.4418
vn 0.0902 0.9665 0.2404
vn 0.0833 0.9806 0.1773
vn 0.0731 0.9878 0.1375
vn 0.2498 0.8662 0.4328
vn 0.4211 0.5577 0.7153
vn 0.4926 0.2899 0.8205
vn 0.2731 0.8450 0.4597
vn 0.2227 0.8784 0.4230
vn 0.2732 0.8450 0.4597
vn 0.2438 0.8449 0.4761
vn 0.2173 0.8660 0.4504
vn 0.0654 0.9345 0.3498
vn 0.0539 0.9852 0.1628
vn 0.0777 0.9751 0.2078
vn 0.1098 0.9484 0.2975
vn 0.2035 0.8662 0.4564
vn 0.3282 0.5575 0.7626
vn 0.3861 0.2898 0.8758
vn 0.2136 0.8448 0.4906
vn 0.1810 0.8757 0.4476
vn 0.2135 0.8448 0.4906
vn 0.1822 0.8447 0.5033
vn 0.1479 0.8816 0.4482
vn 0.1823 0.8447 0.5033
vn 0.0402 0.9792 0.1988
vn 0.0253 0.9866 0.1612
vn 0.1396 0.8655 0.4811
vn 0.2331 0.5551 0.7985
vn 0.2729 0.2896 0.9174
vn 0.1502 0.8446 0.5139
vn 0.1165 0.8846 0.4516
vn 0.1174 0.8445 0.5226
vn 0.0862 0.8850 0.4576
vn 0.1175 0.8444 0.5226
vn 0.0139 0.9859 0.1667
vn 0.0357 0.9690 0.2445
vn 0.0490 0.9201 0.3887
vn 0.1138 0.7640 0.6352
vn 0.1015 0.3979 0.9118
vn 0.1871 0.3078 0.9329
vn 0.0842 0.8443 0.5291
vn 0.0562 0.8828 0.4664
vn 0.0508 0.8442 0.5336
vn 0.0258 0.8777 0.4784
vn 0.0506 0.8442 0.5336
vn -0.0133 0.9662 0.2573
vn -0.0123 0.9804 0.1965
vn -0.0072 0.9780 0.2085
vn 0.0360 0.7577 0.6516
vn 0.0345 0.3828 0.9232
vn 0.0169 0.8442 0.5358
vn -0.0076 0.8671 0.4981
vn 0.0167 0.8442 0.5358
vn -0.0133 0.9507 0.3097
vn -0.0229 0.8645 0.5021
vn -0.0313 0.5384 0.8421
vn -0.0169 0.8442 0.5357
vn -0.0275 0.8641 0.5026
vn -0.0167 0.8442 0.5358
vn -0.0908 0.9214 0.3778
vn -0.0617 0.9525 0.2983
vn -0.0299 0.9864 0.1614
vn -0.0846 0.3273 0.9411
vn -0.0510 0.8442 0.5335
vn -0.0583 0.8754 0.4799
vn -0.0506 0.8443 0.5335
vn -0.0381 0.9857 0.1640
vn -0.0504 0.9748 0.2171
vn -0.0713 0.9484 0.3090
vn -0.0763 0.8640 0.4977
vn -0.1336 0.5569 0.8198
vn -0.1459 0.2926 0.9450
vn -0.0843 0.8444 0.5291
vn -0.0882 0.8813 0.4643
vn -0.0842 0.8443 0.5292
vn -0.1174 0.8444 0.5226
vn -0.1185 0.8831 0.4540
vn -0.1175 0.8445 0.5226
vn -0.0875 0.9765 0.1968
vn -0.1461 0.8661 0.4781
vn -0.2358 0.5572 0.7962
vn -0.2638 0.2895 0.9201
vn -0.1502 0.8446 0.5139
vn -0.1499 0.8811 0.4486
vn -0.1822 0.8447 0.5033
vn -0.1835 0.8750 0.4480
vn -0.1823 0.8447 0.5033
vn -0.1450 0.9563 0.2539
vn -0.0750 0.9862 0.1476
vn -0.0771 0.9855 0.1508
vn -0.1009 0.9752 0.1970
vn -0.1445 0.9487 0.2813
vn -0.1949 0.8662 0.4602
vn -0.3340 0.5575 0.7600
vn -0.3776 0.2897 0.8795
vn -0.2135 0.8448 0.4906
vn -0.2235 0.8622 0.4546
vn -0.2438 0.8449 0.4761
vn -0.2427 0.8599 0.4490
vn -0.2525 0.9244 0.2861
vn -0.2603 0.8663 0.4264
vn -0.4264 0.5578 0.7121
vn -0.4847 0.2900 0.8252
vn -0.2731 0.8450 0.4598
vn -0.2590 0.8734 0.4124
vn -0.2732 0.8450 0.4597
vn -0.3012 0.8451 0.4417
vn -0.2773 0.8810 0.3834
vn -0.3012 0.8451 0.4418
vn -0.2119 0.9539 0.2124
vn -0.1456 0.9761 0.1616
vn -0.1090 0.9863 0.1240
vn -0.1122 0.9856 0.1269
vn -0.1464 0.9752 0.1657
vn -0.2094 0.9488 0.2365
vn -0.3029 0.8663 0.3971
vn -0.5118 0.5579 0.6533
vn -0.5838 0.2900 0.7584
vn -0.3281 0.8451 0.4220
vn -0.2979 0.8844 0.3592
vn -0.3282 0.8452 0.4219
vn -0.3537 0.8451 0.4008
vn -0.3212 0.8843 0.3389
vn -0.3538 0.8452 0.4007
vn -0.3575 0.8663 0.3489
vn -0.5890 0.5580 0.5846
vn -0.6735 0.2901 0.6799
vn -0.3780 0.8452 0.3778
vn -0.3479 0.8806 0.3218
vn -0.3779 0.8452 0.3780
vn -0.4007 0.8452 0.3538
vn -0.3793 0.8727 0.3075
vn -0.4007 0.8452 0.3536
vn -0.2492 0.9563 0.1533
vn -0.1831 0.9760 0.1177
vn -0.1371 0.9863 0.0917
vn -0.1401 0.9855 0.0952
vn -0.1830 0.9752 0.1243
vn -0.2615 0.9488 0.1775
vn -0.3915 0.8664 0.3101
vn -0.6571 0.5579 0.5069
vn -0.7528 0.2901 0.5909
vn -0.4220 0.8451 0.3281
vn -0.4175 0.8590 0.2962
vn -0.4417 0.8451 0.3013
vn -0.4289 0.8593 0.2788
vn -0.3603 0.9233 0.1329
vn -0.4328 0.8662 0.2498
vn -0.7153 0.5577 0.4211
vn -0.8205 0.2899 0.4926
vn -0.4598 0.8450 0.2731
vn -0.4253 0.8730 0.2386
vn -0.4761 0.8449 0.2438
vn -0.4273 0.8808 0.2040
vn -0.2893 0.9543 0.0755
vn -0.2053 0.9770 0.0581
vn -0.1572 0.9865 0.0466
vn -0.1610 0.9852 0.0580
vn -0.2050 0.9758 0.0757
vn -0.2990 0.9479 0.1103
vn -0.4564 0.8662 0.2035
vn -0.7625 0.5575 0.3282
vn -0.8757 0.2899 0.3860
vn -0.4906 0.8448 0.2135
vn -0.4337 0.8844 0.1726
vn -0.5031 0.8447 0.1825
vn -0.4446 0.8842 0.1432
vn -0.5033 0.8447 0.1823
vn -0.4819 0.8659 0.1341
vn -0.7980 0.5572 0.2297
vn -0.9174 0.2897 0.2729
vn -0.5139 0.8446 0.1502
vn -0.4603 0.8803 0.1149
vn -0.5226 0.8444 0.1175
vn -0.4820 0.8719 0.0868
vn -0.1687 0.9854 0.0243
vn -0.2768 0.9599 0.0446
vn -0.4918 0.8674 0.0759
vn -0.8192 0.5590 0.1280
vn -0.9437 0.2898 0.1595
vn -0.5292 0.8443 0.0841
vn -0.4823 0.8736 0.0647
vn -0.5292 0.8443 0.0842
vn -0.5336 0.8442 0.0506
vn -0.4755 0.8792 0.0305
vn -0.3595 0.9317 0.0518
vn -0.2342 0.9716 0.0324
vn -0.1646 0.9862 0.0192
vn -0.1982 0.9801 0.0142
vn -0.3108 0.9501 0.0254
vn -0.4940 0.8684 0.0429
vn -0.8315 0.5536 0.0463
vn -0.9261 0.3703 0.0723
vn -0.5358 0.8442 0.0167
vn -0.4692 0.8830 0.0148
vn -0.5358 0.8442 0.0169
vn -0.9692 0.2444 0.0304
vn -0.5358 0.8442 -0.0167
vn -0.5358 0.8442 -0.0168
vn -0.4236 0.9058 -0.0133
vn -0.4597 0.8874 -0.0345
vn -0.3859 0.9215 -0.0438
vn -0.4319 0.9019 0.0060
vn -0.3566 0.9342 0.0083
vn -0.3036 0.9519 -0.0404
vn -0.3552 0.9348 0.0052
vn -0.2821 0.9594 0.0078
vn -0.2733 0.9617 -0.0199
vn -0.2981 0.9536 0.0410
vn -0.2809 0.9588 0.0416
vn -0.2480 0.9687 -0.0142
vn -0.2556 0.9668 -0.0080
vn -0.2233 0.9747 -0.0070
vn -0.2021 0.9791 -0.0207
vn -0.2232 0.9747 -0.0070
vn -0.1929 0.9812 -0.0061
vn -0.1867 0.9824 -0.0105
vn -0.1986 0.9801 0.0035
vn -0.1860 0.9825 0.0039
vn -0.1751 0.9845 -0.0123
vn -0.1799 0.9837 -0.0057
vn -0.1662 0.9861 -0.0052
vn -0.1595 0.9871 -0.0158
vn -0.1565 0.9877 -0.0049
vn -0.1517 0.9883 -0.0132
vn -0.1505 0.9886 -0.0047
vn -0.1489 0.9888 -0.0127
vn -0.1479 0.9890 -0.0046
vn -0.1475 0.9890 -0.0144
vn -0.1485 0.9889 -0.0047
vn -0.1498 0.9886 -0.0136
vn -0.1526 0.9883 -0.0048
vn -0.1562 0.9876 -0.0124
vn -0.1604 0.9870 -0.0050
vn -0.1672 0.9858 -0.0127
vn -0.1727 0.9850 -0.0054
vn -0.1676 0.9858 -0.0118
vn -0.1655 0.9862 -0.0052
vn -0.2100 0.9775 -0.0177
vn -0.1903 0.9817 0.0124
vn -0.2422 0.9702 0.0107
vn -0.2439 0.9696 -0.0193
vn -0.2148 0.9766 -0.0067
vn -0.2487 0.9686 -0.0078
vn -0.2725 0.9619 -0.0200
vn -0.2957 0.9552 -0.0093
vn -0.3340 0.9422 -0.0251
vn -0.3624 0.9319 -0.0114
vn -0.4121 0.9106 -0.0299
vn -0.4591 0.8883 -0.0144
vn -0.5390 0.8413 -0.0403
vn -0.6005 0.7994 -0.0189
vn -0.7049 0.7075 -0.0505
vn -0.7935 0.6080 -0.0249
vn -0.9050 0.4211 -0.0601
vn -0.7935 0.6081 -0.0249
vn -0.9710 0.2370 -0.0305
vn -0.9691 0.2370 -0.0684
vn -0.9711 0.2367 -0.0305
vn -0.5336 0.8442 -0.0506
vn -0.4755 0.8774 -0.0636
vn -0.2007 0.9782 -0.0538
vn -0.1606 0.9863 -0.0375
vn -0.1659 0.9854 -0.0393
vn -0.2981 0.9529 -0.0559
vn -0.4975 0.8632 -0.0855
vn -0.8186 0.5568 -0.1410
vn -0.9456 0.2863 -0.1543
vn -0.5292 0.8443 -0.0841
vn -0.4720 0.8771 -0.0893
vn -0.5292 0.8443 -0.0842
vn -0.5226 0.8444 -0.1175
vn -0.4579 0.8812 -0.1174
vn -0.3198 0.9402 -0.1177
vn -0.2106 0.9748 -0.0738
vn -0.2966 0.9489 -0.1080
vn -0.4839 0.8641 -0.1385
vn -0.7962 0.5572 -0.2358
vn -0.9201 0.2895 -0.2638
vn -0.5139 0.8446 -0.1502
vn -0.4450 0.8836 -0.1459
vn -0.5033 0.8447 -0.1822
vn -0.4342 0.8837 -0.1746
vn -0.5033 0.8447 -0.1823
vn -0.1904 0.9766 -0.1003
vn -0.1473 0.9862 -0.0752
vn -0.1488 0.9861 -0.0741
vn -0.4558 0.8662 -0.2049
vn -0.7600 0.5575 -0.3340
vn -0.8795 0.2897 -0.3776
vn -0.4906 0.8448 -0.2135
vn -0.4288 0.8773 -0.2156
vn -0.4760 0.8449 -0.2439
vn -0.4489 0.8600 -0.2427
vn -0.4761 0.8449 -0.2438
vn -0.2912 0.9227 -0.2526
vn -0.2423 0.9542 -0.1754
vn -0.1714 0.9780 -0.1188
vn -0.2578 0.9499 -0.1768
vn -0.4319 0.8663 -0.2510
vn -0.7121 0.5578 -0.4264
vn -0.8252 0.2899 -0.4847
vn -0.4598 0.8450 -0.2730
vn -0.4124 0.8734 -0.2590
vn -0.4598 0.8450 -0.2731
vn -0.4417 0.8451 -0.3012
vn -0.3833 0.8810 -0.2773
vn -0.4417 0.8451 -0.3013
vn -0.1570 0.9769 -0.1452
vn -0.1238 0.9863 -0.1092
vn -0.1174 0.9877 -0.1038
vn -0.3906 0.8663 -0.3113
vn -0.6533 0.5579 -0.5118
vn -0.7583 0.2900 -0.5838
vn -0.4221 0.8451 -0.3281
vn -0.3592 0.8844 -0.2979
vn -0.4220 0.8451 -0.3281
vn -0.4006 0.8452 -0.3538
vn -0.3389 0.8843 -0.3212
vn -0.4008 0.8452 -0.3537
vn -0.1790 0.9557 -0.2336
vn -0.1373 0.9782 -0.1561
vn -0.2061 0.9501 -0.2344
vn -0.3563 0.8664 -0.3499
vn -0.5846 0.5580 -0.5890
vn -0.6799 0.2900 -0.6735
vn -0.3781 0.8452 -0.3779
vn -0.3217 0.8806 -0.3479
vn -0.3778 0.8452 -0.3780
vn -0.3537 0.8452 -0.4007
vn -0.3075 0.8727 -0.3792
vn -0.3538 0.8451 -0.4007
vn -0.1131 0.9772 -0.1796
vn -0.0930 0.9863 -0.1364
vn -0.0882 0.9876 -0.1297
vn -0.3018 0.8663 -0.3981
vn -0.5069 0.5579 -0.6571
vn -0.5909 0.2901 -0.7528
vn -0.3281 0.8452 -0.4220
vn -0.2879 0.8756 -0.3879
vn -0.3282 0.8451 -0.4220
vn -0.3013 0.8451 -0.4417
vn -0.2543 0.8816 -0.3976
vn -0.3011 0.8451 -0.4417
vn -0.1555 0.9384 -0.3085
vn -0.0959 0.9782 -0.1840
vn -0.1435 0.9497 -0.2785
vn -0.2589 0.8663 -0.4272
vn -0.4210 0.5577 -0.7153
vn -0.4926 0.2899 -0.8205
vn -0.2731 0.8450 -0.4597
vn -0.2260 0.8838 -0.4098
vn -0.2732 0.8450 -0.4597
vn -0.2438 0.8449 -0.4761
vn -0.1986 0.8838 -0.4236
vn -0.0422 0.9780 -0.2044
vn -0.0566 0.9862 -0.1558
vn -0.0522 0.9877 -0.1473
vn -0.1937 0.8660 -0.4609
vn -0.3282 0.5575 -0.7626
vn -0.3861 0.2898 -0.8758
vn -0.2135 0.8448 -0.4906
vn -0.1699 0.8794 -0.4447
vn -0.1822 0.8447 -0.5033
vn -0.1526 0.8751 -0.4593
vn -0.1823 0.8447 -0.5033
vn -0.0772 0.9259 -0.3698
vn -0.0572 0.9783 -0.1991
vn -0.0884 0.9504 -0.2981
vn -0.1405 0.8639 -0.4837
vn -0.2297 0.5571 -0.7980
vn -0.2729 0.2895 -0.9174
vn -0.1502 0.8446 -0.5139
vn -0.1196 0.8804 -0.4590
vn -0.1174 0.8445 -0.5226
vn -0.0880 0.8827 -0.4617
vn -0.1175 0.8444 -0.5226
vn -0.0006 0.9624 -0.2715
vn -0.0122 0.9866 -0.1624
vn -0.0089 0.9857 -0.1682
vn -0.0108 0.9745 -0.2241
vn -0.0423 0.9496 -0.3107
vn -0.0614 0.8600 -0.5066
vn -0.1348 0.5582 -0.8187
vn -0.1551 0.2894 -0.9446
vn -0.0843 0.8443 -0.5291
vn -0.0572 0.8822 -0.4673
vn -0.0842 0.8443 -0.5291
vn -0.0508 0.8442 -0.5336
vn -0.0264 0.8790 -0.4761
vn -0.0506 0.8442 -0.5336
vn 0.0571 0.9285 -0.3669
vn -0.0578 0.5555 -0.8295
vn -0.0292 0.3236 -0.9458
vn -0.0169 0.8442 -0.5358
vn -0.0004 0.8777 -0.4792
vn -0.0167 0.8442 -0.5358
vn 0.0146 0.9518 -0.3063
vn 0.0141 0.8625 -0.5059
vn 0.0254 0.5427 -0.8395
vn 0.0169 0.8442 -0.5357
vn 0.0291 0.8812 -0.4719
vn 0.0167 0.8442 -0.5358
vn 0.0427 0.9761 -0.2130
vn 0.0346 0.9865 -0.1602
vn 0.0846 0.3273 -0.9411
vn 0.0505 0.8442 -0.5336
vn 0.0600 0.8830 -0.4656
vn 0.0506 0.8443 -0.5335
vn 0.0364 0.9854 -0.1666
vn 0.0474 0.9751 -0.2166
vn 0.0706 0.9485 -0.3087
vn 0.0763 0.8640 -0.4977
vn 0.1336 0.5569 -0.8198
vn 0.1459 0.2926 -0.9450
vn 0.0842 0.8443 -0.5291
vn 0.0911 0.8820 -0.4623
vn 0.0842 0.8443 -0.5292
vn 0.1174 0.8444 -0.5226
vn 0.1233 0.8782 -0.4621
vn 0.1175 0.8445 -0.5226
vn 0.1285 0.9440 -0.3039
vn 0.1461 0.8661 -0.4781
vn 0.2358 0.5572 -0.7962
vn 0.2639 0.2896 -0.9201
vn 0.1502 0.8446 -0.5139
vn 0.1426 0.8820 -0.4491
vn 0.1822 0.8447 -0.5033
vn 0.1728 0.8854 -0.4315
vn 0.1823 0.8447 -0.5033
vn 0.1102 0.9701 -0.2163
vn 0.0815 0.9873 -0.1362
vn 0.0775 0.9854 -0.1515
vn 0.1009 0.9752 -0.1970
vn 0.1445 0.9487 -0.2813
vn 0.1949 0.8662 -0.4602
vn 0.3340 0.5575 -0.7601
vn 0.3775 0.2897 -0.8795
vn 0.2136 0.8448 -0.4906
vn 0.2012 0.8847 -0.4205
vn 0.2135 0.8448 -0.4906
vn 0.2438 0.8449 -0.4761
vn 0.2306 0.8821 -0.4109
vn 0.1858 0.9576 -0.2202
vn 0.1295 0.9791 -0.1569
vn 0.2603 0.8663 -0.4264
vn 0.4264 0.5578 -0.7121
vn 0.4847 0.2899 -0.8253
vn 0.2731 0.8450 -0.4598
vn 0.2720 0.8724 -0.4062
vn 0.2732 0.8450 -0.4597
vn 0.3012 0.8451 -0.4417
vn 0.2966 0.8602 -0.4149
vn 0.3011 0.8451 -0.4418
vn 0.2908 0.9219 -0.2561
vn 0.1677 0.9750 -0.1459
vn 0.1124 0.9855 -0.1272
vn 0.1464 0.9752 -0.1657
vn 0.2094 0.9488 -0.2365
vn 0.3029 0.8663 -0.3971
vn 0.5118 0.5579 -0.6533
vn 0.5838 0.2901 -0.7583
vn 0.3282 0.8451 -0.4220
vn 0.3083 0.8735 -0.3769
vn 0.3537 0.8452 -0.4007
vn 0.3228 0.8810 -0.3459
vn 0.3537 0.8452 -0.4008
vn 0.1353 0.9853 -0.1040
vn 0.3575 0.8663 -0.3489
vn 0.5889 0.5580 -0.5846
vn 0.6734 0.2901 -0.6799
vn 0.3779 0.8452 -0.3779
vn 0.3402 0.8844 -0.3195
vn 0.4007 0.8452 -0.3537
vn 0.3608 0.8843 -0.2964
vn 0.1409 0.9854 -0.0957
vn 0.1830 0.9752 -0.1243
vn 0.2615 0.9488 -0.1775
vn 0.3915 0.8664 -0.3101
vn 0.6571 0.5579 -0.5069
vn 0.7527 0.2900 -0.5910
vn 0.4220 0.8451 -0.3282
vn 0.3852 0.8806 -0.2760
vn 0.4221 0.8452 -0.3280
vn 0.4417 0.8451 -0.3013
vn 0.4147 0.8726 -0.2580
vn 0.2483 0.9596 -0.1321
vn 0.1567 0.9856 -0.0632
vn 0.4328 0.8662 -0.2498
vn 0.7153 0.5577 -0.4211
vn 0.8205 0.2899 -0.4926
vn 0.4598 0.8450 -0.2730
vn 0.4297 0.8707 -0.2394
vn 0.4598 0.8450 -0.2731
vn 0.4761 0.8449 -0.2437
vn 0.4332 0.8771 -0.2074
vn 0.4762 0.8449 -0.2436
vn 0.3166 0.9443 -0.0896
vn 0.2077 0.9755 -0.0724
vn 0.1613 0.9852 -0.0586
vn 0.2070 0.9755 -0.0748
vn 0.2983 0.9483 -0.1088
vn 0.4564 0.8662 -0.2035
vn 0.7626 0.5575 -0.3282
vn 0.8758 0.2897 -0.3861
vn 0.4906 0.8448 -0.2135
vn 0.4372 0.8821 -0.1753
vn 0.5032 0.8447 -0.1824
vn 0.4429 0.8848 -0.1448
vn 0.5032 0.8447 -0.1823
vn 0.1717 0.9845 -0.0355
vn 0.4818 0.8659 -0.1341
vn 0.7980 0.5571 -0.2297
vn 0.9174 0.2895 -0.2729
vn 0.5139 0.8446 -0.1502
vn 0.4576 0.8824 -0.1093
vn 0.5226 0.8445 -0.1174
vn 0.4818 0.8711 -0.0952
vn 0.5226 0.8444 -0.1175
vn 0.4014 0.9152 -0.0350
vn 0.2443 0.9695 -0.0212
vn 0.2133 0.9766 -0.0264
vn 0.1603 0.9869 -0.0156
vn 0.2269 0.9737 -0.0191
vn 0.3051 0.9506 -0.0574
vn 0.4958 0.8640 -0.0870
vn 0.8203 0.5559 -0.1348
vn 0.9436 0.2900 -0.1595
vn 0.5292 0.8443 -0.0841
vn 0.4756 0.8775 -0.0613
vn 0.5291 0.8444 -0.0844
vn 0.5336 0.8442 -0.0506
vn 0.4636 0.8853 -0.0374
vn 0.3332 0.9420 -0.0407
vn 0.2714 0.9624 -0.0097
vn 0.1905 0.9815 -0.0189
vn 0.1696 0.9855 -0.0028
vn 0.1590 0.9873 -0.0002
vn 0.1494 0.9887 -0.0120
vn 0.1474 0.9890 -0.0140
vn 0.1492 0.9887 -0.0132
vn 0.1552 0.9878 -0.0116
vn 0.1658 0.9861 -0.0120
vn 0.1815 0.9832 -0.0175
vn 0.1893 0.9818 -0.0166
vn 0.2836 0.9588 -0.0189
vn 0.3283 0.9443 -0.0233
vn 0.4068 0.9131 -0.0282
vn 0.5305 0.8469 -0.0370
vn 0.6977 0.7148 -0.0474
vn 0.8993 0.4329 -0.0622
vn 0.9683 0.2398 -0.0706
vn 0.5358 0.8442 -0.0169
vn 0.5358 0.8442 -0.0168
vn 0.4318 0.9018 -0.0136
vn 0.4244 0.9055 0.0069
vn 0.3552 0.9347 0.0091
vn 0.3631 0.9317 -0.0114
vn 0.2984 0.9544 -0.0093
vn 0.2556 0.9668 -0.0080
vn 0.2500 0.9682 0.0046
vn 0.2233 0.9747 0.0055
vn 0.2240 0.9746 0.0039
vn 0.1986 0.9801 0.0047
vn 0.2043 0.9789 -0.0064
vn 0.1799 0.9837 -0.0056
vn 0.1799 0.9837 -0.0057
vn 0.1662 0.9861 -0.0052
vn 0.1623 0.9867 0.0013
vn 0.1565 0.9877 0.0015
vn 0.1608 0.9870 -0.0051
vn 0.1505 0.9886 -0.0047
vn 0.1479 0.9890 -0.0046
vn 0.1485 0.9889 -0.0047
vn 0.1526 0.9883 -0.0048
vn 0.1604 0.9870 -0.0050
vn 0.1727 0.9850 -0.0054
vn 0.1903 0.9817 -0.0060
vn 0.2148 0.9766 -0.0068
vn 0.1909 0.9815 0.0105
vn 0.2487 0.9685 0.0087
vn 0.2754 0.9613 -0.0086
vn 0.2956 0.9553 -0.0093
vn 0.3625 0.9319 -0.0114
vn 0.4591 0.8883 -0.0144
vn 0.6005 0.7994 -0.0189
vn 0.7935 0.6081 -0.0249
vn 0.7934 0.6082 -0.0249
vn 0.9711 0.2369 -0.0305
vn 0.9711 0.2368 -0.0305
vt 2.000000 2.000000
vt 1.960000 2.000000
vt 1.960000 1.989055
vt 2.000000 1.988539
vt 1.960000 1.970261
vt 2.000000 1.969763
vt 1.922700 1.958037
vt 2.000011 1.953651
vt 1.960000 1.922538
vt 2.000000 1.915182
vt 2.000023 1.938400
vt 1.960000 1.906910
vt 1.920000 2.000000
vt 1.899920 1.989055
vt 1.900032 1.977667
vt 1.900527 1.967417
vt 1.860322 1.948587
vt 1.899359 1.939016
vt 1.899899 1.922537
vt 1.899891 1.906910
vt 1.880000 2.000000
vt 1.819779 2.000000
vt 1.819954 1.989054
vt 1.820068 1.977667
vt 1.820568 1.967418
vt 1.821978 1.958035
vt 1.819403 1.939015
vt 1.819937 1.922536
vt 1.819926 1.906910
vt 1.739795 2.000000
vt 1.739970 1.989053
vt 1.740084 1.977667
vt 1.740588 1.967420
vt 1.742003 1.958036
vt 1.700459 1.948526
vt 1.739424 1.939017
vt 1.739955 1.922535
vt 1.739942 1.906909
vt 1.659795 2.000000
vt 1.659968 1.989053
vt 1.660082 1.977666
vt 1.660588 1.967421
vt 1.662006 1.958039
vt 1.659426 1.939019
vt 1.659956 1.922535
vt 1.659940 1.906909
vt 1.579782 2.000000
vt 1.579952 1.989053
vt 1.580067 1.977667
vt 1.580575 1.967422
vt 1.581993 1.958043
vt 1.540365 1.948489
vt 1.579411 1.939022
vt 1.579940 1.922535
vt 1.579923 1.906909
vt 1.499761 2.000000
vt 1.499928 1.989053
vt 1.500045 1.977667
vt 1.500552 1.967423
vt 1.501971 1.958046
vt 1.499388 1.939024
vt 1.499916 1.922535
vt 1.499899 1.906909
vt 1.419743 2.000000
vt 1.419906 1.989053
vt 1.420022 1.977667
vt 1.420528 1.967424
vt 1.421944 1.958050
vt 1.380225 1.948496
vt 1.419361 1.939026
vt 1.419891 1.922536
vt 1.419875 1.906909
vt 1.339730 2.000000
vt 1.339891 1.989054
vt 1.340006 1.977667
vt 1.340510 1.967424
vt 1.341921 1.958053
vt 1.339339 1.939028
vt 1.339873 1.922537
vt 1.339860 1.906909
vt 1.259730 2.000000
vt 1.259887 1.989054
vt 1.260003 1.977667
vt 1.260504 1.967423
vt 1.261909 1.958055
vt 1.220236 1.948544
vt 1.259329 1.939029
vt 1.259867 1.922538
vt 1.259856 1.906909
vt 1.179744 2.000000
vt 1.179903 1.989055
vt 1.180017 1.977667
vt 1.180513 1.967422
vt 1.181914 1.958055
vt 1.179336 1.939029
vt 1.179878 1.922539
vt 1.179872 1.906910
vt 1.120000 2.000000
vt 1.099937 1.989055
vt 1.100051 1.977667
vt 1.100543 1.967421
vt 1.101938 1.958053
vt 1.060617 1.948610
vt 1.099364 1.939027
vt 1.099910 1.922539
vt 1.099906 1.906910
vt 1.080000 2.000000
vt 1.040000 2.000000
vt 1.020541 1.989063
vt 1.020473 1.977671
vt 1.020852 1.967421
vt 1.022156 1.958046
vt 1.019472 1.939025
vt 1.019988 1.922539
vt 1.019979 1.906910
vt 1.000000 2.000000
vt 0.960000 2.000000
vt 0.939576 1.989078
vt 0.960000 1.970305
vt 0.941604 1.958178
vt 0.899375 1.948576
vt 0.939235 1.939063
vt 0.939857 1.922540
vt 0.939866 1.906908
vt 0.920000 2.000000
vt 0.899797 1.977676
vt 0.900234 1.967463
vt 0.880000 2.000000
vt 0.859798 1.989060
vt 0.861542 1.958307
vt 0.859251 1.939115
vt 0.859902 1.922540
vt 0.859912 1.906902
vt 0.840000 2.000000
vt 0.819923 1.977664
vt 0.820268 1.967435
vt 0.800000 2.000000
vt 0.779958 1.989040
vt 0.747183 1.949504
vt 0.779285 1.939162
vt 0.779929 1.922536
vt 0.779937 1.906892
vt 0.760000 2.000000
vt 0.740130 1.972651
vt 0.740759 1.962010
vt 0.720000 2.000000
vt 0.700043 1.989021
vt 0.659957 1.949967
vt 0.698830 1.936457
vt 0.720000 1.918429
vt 0.720000 1.899606
vt 0.680000 2.000000
vt 0.661628 1.970179
vt 0.662956 1.960482
vt 0.659955 1.918422
vt 0.680000 1.899598
vt 0.640000 2.000000
vt 0.620056 1.989006
vt 0.620081 1.977638
vt 0.618826 1.936467
vt 0.640000 1.899592
vt 0.600000 2.000000
vt 0.585273 1.965349
vt 0.583884 1.957047
vt 0.579943 1.918414
vt 0.600000 1.899588
vt 0.560000 2.000000
vt 0.540014 1.988994
vt 0.560000 1.972530
vt 0.513762 1.942234
vt 0.560000 1.935023
vt 0.560000 1.899585
vt 0.520000 2.000000
vt 0.520000 1.969842
vt 0.501840 1.958364
vt 0.497091 1.932962
vt 0.499922 1.918410
vt 0.520000 1.899584
vt 0.480000 2.000000
vt 0.459946 1.988988
vt 0.460062 1.977633
vt 0.460378 1.967291
vt 0.480000 1.899586
vt 0.440000 2.000000
vt 0.421939 1.958294
vt 0.360209 1.946795
vt 0.440000 1.937696
vt 0.419901 1.918411
vt 0.440000 1.899588
vt 0.400000 2.000000
vt 0.379880 1.988991
vt 0.380040 1.977636
vt 0.380406 1.967307
vt 0.378849 1.936395
vt 0.400000 1.899592
vt 0.360000 2.000000
vt 0.342017 1.958222
vt 0.339886 1.918416
vt 0.360000 1.899599
vt 0.320000 2.000000
vt 0.299842 1.989003
vt 0.300031 1.977644
vt 0.300450 1.967340
vt 0.298871 1.936354
vt 0.320000 1.899605
vt 0.280000 2.000000
vt 0.260831 1.956336
vt 0.259882 1.918423
vt 0.280000 1.899613
vt 0.240000 2.000000
vt 0.219838 1.989026
vt 0.220036 1.977656
vt 0.220503 1.967379
vt 0.223305 1.946646
vt 0.218899 1.936313
vt 0.240000 1.899621
vt 0.200000 2.000000
vt 0.182076 1.958115
vt 0.200000 1.918430
vt 0.200000 1.899630
vt 0.140623 2.000000
vt 0.139869 1.989054
vt 0.140050 1.977670
vt 0.140549 1.967415
vt 0.083110 1.944621
vt 0.139440 1.939041
vt 0.139899 1.922527
vt 0.139885 1.906900
vt 0.102056 1.958082
vt 0.060304 2.000000
vt 0.059928 1.989083
vt 0.055680 1.974709
vt 0.066121 1.965510
vt 0.058079 1.936914
vt 0.059937 1.922533
vt 0.059930 1.906907
vt 0.000010 1.954313
vt 0.000000 2.000000
vt 0.000000 1.989636
vt 0.000000 1.970893
vt 0.000000 1.939516
vt 0.000000 1.916304
vt 1.960000 1.996000
vt 2.000000 1.996000
vt 1.960000 1.992000
vt 2.000000 1.992000
vt 1.960000 1.988000
vt 2.000000 1.988000
vt 1.960000 1.984000
vt 2.000000 1.984000
vt 1.960000 1.980000
vt 2.000000 1.980000
vt 1.960000 1.976000
vt 2.000000 1.976000
vt 1.960000 1.972000
vt 2.000000 1.972000
vt 1.960000 1.968000
vt 2.000000 1.968000
vt 1.960000 1.964000
vt 2.000000 1.964000
vt 1.960000 1.960000
vt 2.000000 1.960000
vt 1.960000 1.956000
vt 2.000000 1.956000
vt 1.960000 1.952000
vt 2.000000 1.952000
vt 1.959359 1.948006
vt 1.960000 1.948000
vt 2.000000 1.948000
vt 1.960000 1.944000
vt 2.000000 1.944000
vt 1.960000 1.940000
vt 2.000000 1.940000
vt 1.960000 1.936000
vt 2.000000 1.936000
vt 1.960000 1.932000
vt 2.000000 1.932000
vt 1.960000 1.928000
vt 2.000000 1.928000
vt 1.960000 1.924000
vt 2.000000 1.924000
vt 1.960000 1.920000
vt 2.000000 1.920000
vt 1.960000 1.916000
vt 2.000000 1.916000
vt 1.960000 1.912000
vt 2.000000 1.912000
vt 1.960000 1.908000
vt 2.000000 1.908000
vt 1.960000 1.904000
vt 2.000000 1.904000
vt 1.960000 1.900000
vt 2.000000 1.900000
vt 1.899920 1.989054
vt 1.900528 1.967417
vt 1.901932 1.958036
vt 1.820067 1.977667
vt 1.780427 1.948556
vt 1.819927 1.906910
vt 1.740084 1.977666
vt 1.740587 1.967420
vt 1.742004 1.958036
vt 1.659797 2.000000
vt 1.660082 1.977667
vt 1.620430 1.948504
vt 1.659425 1.939019
vt 1.659955 1.922535
vt 1.499763 2.000000
vt 1.460287 1.948488
vt 1.499387 1.939024
vt 1.499915 1.922536
vt 1.420021 1.977667
vt 1.420529 1.967424
vt 1.419360 1.939026
vt 1.419890 1.922536
vt 1.339890 1.989054
vt 1.300200 1.948516
vt 1.339338 1.939028
vt 1.339872 1.922537
vt 1.339859 1.906909
vt 1.260002 1.977667
vt 1.259328 1.939029
vt 1.259866 1.922538
vt 1.179746 2.000000
vt 1.179902 1.989055
vt 1.177955 1.946676
vt 1.179557 1.934246
vt 1.179871 1.906910
vt 1.081530 1.952865
vt 1.099911 1.922539
vt 1.040000 1.989055
vt 1.020120 1.977667
vt 1.040000 1.967419
vt 1.009164 1.957177
vt 1.029445 1.940174
vt 1.040000 1.922539
vt 1.040000 1.906910
vt 0.979849 1.989055
vt 0.986031 1.965483
vt 0.977899 1.936934
vt 0.979823 1.922538
vt 0.979819 1.906910
vt 0.960000 1.972775
vt 0.899920 1.989054
vt 0.900032 1.977667
vt 0.900529 1.967417
vt 0.901932 1.958036
vt 0.860321 1.948588
vt 0.899360 1.939016
vt 0.899899 1.922537
vt 0.899891 1.906910
vt 0.819779 2.000000
vt 0.819954 1.989054
vt 0.820067 1.977667
vt 0.820568 1.967418
vt 0.821979 1.958035
vt 0.819404 1.939015
vt 0.819937 1.922536
vt 0.819927 1.906910
vt 0.739794 2.000000
vt 0.739970 1.989054
vt 0.740084 1.977667
vt 0.740587 1.967420
vt 0.742004 1.958036
vt 0.700458 1.948527
vt 0.739424 1.939017
vt 0.739955 1.922535
vt 0.739942 1.906909
vt 0.659796 2.000000
vt 0.659968 1.989053
vt 0.660082 1.977666
vt 0.660588 1.967421
vt 0.662006 1.958039
vt 0.659425 1.939019
vt 0.659955 1.922535
vt 0.659940 1.906909
vt 0.579782 2.000000
vt 0.579952 1.989053
vt 0.580067 1.977667
vt 0.580575 1.967422
vt 0.581993 1.958043
vt 0.540364 1.948490
vt 0.579411 1.939022
vt 0.579940 1.922535
vt 0.579923 1.906909
vt 0.499762 2.000000
vt 0.499928 1.989053
vt 0.500045 1.977667
vt 0.500552 1.967423
vt 0.501971 1.958046
vt 0.499387 1.939024
vt 0.499916 1.922535
vt 0.499899 1.906909
vt 0.419743 2.000000
vt 0.419906 1.989053
vt 0.420022 1.977667
vt 0.420528 1.967424
vt 0.421944 1.958050
vt 0.380225 1.948496
vt 0.419360 1.939026
vt 0.419891 1.922536
vt 0.419875 1.906909
vt 0.339731 2.000000
vt 0.339890 1.989053
vt 0.340006 1.977667
vt 0.340510 1.967424
vt 0.341922 1.958053
vt 0.339339 1.939028
vt 0.339873 1.922537
vt 0.339860 1.906909
vt 0.259730 2.000000
vt 0.259888 1.989054
vt 0.260003 1.977667
vt 0.260504 1.967423
vt 0.261910 1.958055
vt 0.220236 1.948544
vt 0.259328 1.939029
vt 0.259866 1.922538
vt 0.259856 1.906909
vt 0.179745 2.000000
vt 0.179903 1.989055
vt 0.180017 1.977667
vt 0.180514 1.967422
vt 0.181914 1.958055
vt 0.179335 1.939029
vt 0.179879 1.922539
vt 0.179871 1.906910
vt 0.120000 2.000000
vt 0.099937 1.989055
vt 0.100051 1.977667
vt 0.100543 1.967421
vt 0.101938 1.958053
vt 0.098035 1.946681
vt 0.099590 1.934246
vt 0.099911 1.922539
vt 0.099906 1.906910
vt 0.080000 2.000000
vt 0.040000 2.000000
vt 0.040000 1.996000
vt 0.040000 1.992000
vt 0.040000 1.988000
vt 0.040000 1.984000
vt 0.040000 1.980000
vt 0.040000 1.976000
vt 0.040000 1.972000
vt 0.040000 1.968000
vt 0.040000 1.964000
vt 0.040000 1.960000
vt 0.040000 1.956000
vt 0.040000 1.952000
vt 0.040000 1.948000
vt 0.040000 1.944000
vt 0.040000 1.940000
vt 0.040000 1.936000
vt 0.040000 1.932000
vt 0.040000 1.928000
vt 0.040000 1.924000
vt 0.040000 1.920000
vt 0.040000 1.916000
vt 0.040000 1.912000
vt 0.040000 1.908000
vt 0.040000 1.904000
vt 0.040000 1.900000
vt 0.000000 1.996000
vt 0.000000 1.992000
vt 0.000000 1.988000
vt 0.000000 1.984000
vt 0.000000 1.980000
vt 0.000000 1.976000
vt 0.000000 1.972000
vt 0.000000 1.968000
vt 0.000000 1.964000
vt 0.000000 1.960000
vt 0.000000 1.956000
vt 0.000000 1.952000
vt 0.000000 1.948000
vt 0.000000 1.944000
vt 0.000000 1.940000
vt 0.000000 1.936000
vt 0.000000 1.932000
vt 0.000000 1.928000
vt 0.000000 1.924000
vt 0.000000 1.920000
vt 0.000000 1.916000
vt 0.000000 1.912000
vt 0.000000 1.908000
vt 0.000000 1.904000
vt 0.000000 1.900000
vt 1.960000 1.702385
vt 2.000000 1.698292
vt 1.960000 1.516611
vt 2.000000 1.512001
vt 1.960000 1.373498
vt 2.000000 1.368841
vt 1.960000 1.229969
vt 2.000000 1.225298
vt 1.960000 1.086423
vt 2.000000 1.081753
vt 1.960000 0.985382
vt 2.000000 0.983592
vt 1.920000 1.702386
vt 1.920000 1.516611
vt 1.920000 1.373498
vt 1.920000 1.229968
vt 1.920000 1.086423
vt 1.899878 0.985382
vt 1.880000 1.702384
vt 1.880000 1.516612
vt 1.880000 1.373499
vt 1.880000 1.229969
vt 1.880000 1.086422
vt 1.840000 1.702381
vt 1.840000 1.516605
vt 1.840000 1.373496
vt 1.840000 1.229967
vt 1.840000 1.086420
vt 1.819909 0.985382
vt 1.800000 1.702382
vt 1.800000 1.516610
vt 1.800000 1.373497
vt 1.800000 1.229968
vt 1.800000 1.086421
vt 1.760000 1.702381
vt 1.760000 1.516611
vt 1.760000 1.373497
vt 1.760000 1.229967
vt 1.760000 1.086423
vt 1.739921 0.985383
vt 1.720000 1.702378
vt 1.720000 1.516609
vt 1.720000 1.373496
vt 1.720000 1.229966
vt 1.720000 1.086422
vt 1.680000 1.702379
vt 1.680000 1.516609
vt 1.680000 1.373495
vt 1.680000 1.229964
vt 1.680000 1.086421
vt 1.659917 0.985383
vt 1.640000 1.702381
vt 1.640000 1.516609
vt 1.640000 1.373498
vt 1.640000 1.229964
vt 1.640000 1.086421
vt 1.600000 1.702380
vt 1.600000 1.516612
vt 1.600000 1.373497
vt 1.600000 1.229966
vt 1.600000 1.086421
vt 1.579899 0.985383
vt 1.560000 1.702380
vt 1.560000 1.516611
vt 1.560000 1.373494
vt 1.560000 1.229965
vt 1.560000 1.086422
vt 1.520000 1.702379
vt 1.499954 1.516612
vt 1.520000 1.373497
vt 1.520000 1.229965
vt 1.520000 1.086423
vt 1.499876 0.985384
vt 1.480000 1.702379
vt 1.480000 1.373495
vt 1.480000 1.229966
vt 1.480000 1.086424
vt 1.440000 1.702378
vt 1.419930 1.516612
vt 1.440000 1.373499
vt 1.440000 1.229966
vt 1.440000 1.086424
vt 1.419854 0.985384
vt 1.400000 1.702382
vt 1.400000 1.373497
vt 1.400000 1.229968
vt 1.400000 1.086423
vt 1.360000 1.702380
vt 1.360000 1.516614
vt 1.360000 1.373500
vt 1.360000 1.229968
vt 1.360000 1.086422
vt 1.339840 0.985385
vt 1.320000 1.702384
vt 1.320000 1.516612
vt 1.320000 1.373500
vt 1.320000 1.229968
vt 1.320000 1.086422
vt 1.280000 1.702385
vt 1.280000 1.516611
vt 1.280000 1.373501
vt 1.280000 1.229970
vt 1.280000 1.086426
vt 1.259841 0.985385
vt 1.240000 1.702382
vt 1.240000 1.516613
vt 1.240000 1.373501
vt 1.240000 1.229971
vt 1.240000 1.086426
vt 1.200000 1.702387
vt 1.200000 1.516615
vt 1.200000 1.373503
vt 1.200000 1.229973
vt 1.200000 1.086427
vt 1.179859 0.985385
vt 1.160000 1.702387
vt 1.160000 1.516613
vt 1.160000 1.373501
vt 1.160000 1.229974
vt 1.160000 1.086426
vt 1.120000 1.702390
vt 1.120000 1.516619
vt 1.120000 1.373502
vt 1.120000 1.229972
vt 1.120000 1.086426
vt 1.099896 0.985384
vt 1.080000 1.702389
vt 1.080000 1.516615
vt 1.080000 1.373502
vt 1.080000 1.229971
vt 1.080000 1.086427
vt 1.040000 1.702384
vt 1.040000 1.516619
vt 1.040000 1.373500
vt 1.040000 1.229970
vt 1.040000 1.086425
vt 1.019970 0.985383
vt 1.000000 1.702382
vt 1.000000 1.516611
vt 1.000000 1.373500
vt 1.000000 1.229971
vt 1.000000 1.086424
vt 0.960000 1.702385
vt 0.960000 1.516611
vt 0.960000 1.373499
vt 0.960000 1.229968
vt 0.960000 1.086423
vt 0.960000 0.985382
vt 0.920000 1.702386
vt 0.920000 1.516611
vt 0.920000 1.373499
vt 0.920000 1.229969
vt 0.920000 1.086423
vt 0.899878 0.985382
vt 0.880000 1.702385
vt 0.880000 1.516613
vt 0.880000 1.373500
vt 0.880000 1.229969
vt 0.880000 1.086421
vt 0.840000 1.702380
vt 0.840000 1.516607
vt 0.840000 1.373496
vt 0.840000 1.229968
vt 0.840000 1.086420
vt 0.819909 0.985382
vt 0.800000 1.702382
vt 0.800000 1.516610
vt 0.800000 1.373497
vt 0.800000 1.229967
vt 0.800000 1.086421
vt 0.760000 1.702382
vt 0.760000 1.516611
vt 0.760000 1.373496
vt 0.760000 1.229966
vt 0.760000 1.086420
vt 0.739921 0.985383
vt 0.720000 1.572296
vt 0.720000 1.373494
vt 0.720000 1.229965
vt 0.720000 1.086422
vt 0.659977 1.658304
vt 0.680000 1.516610
vt 0.680000 1.373494
vt 0.680000 1.229964
vt 0.680000 1.086421
vt 0.659917 0.985383
vt 0.640000 1.516609
vt 0.640000 1.373499
vt 0.640000 1.229965
vt 0.640000 1.086421
vt 0.579960 1.658306
vt 0.600000 1.516613
vt 0.600000 1.373496
vt 0.600000 1.229966
vt 0.600000 1.086421
vt 0.579900 0.985383
vt 0.560000 1.516612
vt 0.560000 1.373496
vt 0.560000 1.229964
vt 0.560000 1.086421
vt 0.499934 1.658301
vt 0.499954 1.516613
vt 0.520000 1.373498
vt 0.520000 1.229965
vt 0.520000 1.086422
vt 0.499876 0.985384
vt 0.480000 1.373496
vt 0.480000 1.229966
vt 0.480000 1.086423
vt 0.419908 1.658303
vt 0.419930 1.516612
vt 0.440000 1.373499
vt 0.440000 1.229965
vt 0.440000 1.086424
vt 0.419854 0.985384
vt 0.400000 1.373498
vt 0.400000 1.229968
vt 0.400000 1.086423
vt 0.339888 1.658303
vt 0.360000 1.516614
vt 0.360000 1.373501
vt 0.360000 1.229968
vt 0.360000 1.086424
vt 0.339840 0.985385
vt 0.320000 1.516612
vt 0.320000 1.373501
vt 0.320000 1.229968
vt 0.320000 1.086424
vt 0.259882 1.658305
vt 0.280000 1.516611
vt 0.280000 1.373501
vt 0.280000 1.229970
vt 0.280000 1.086426
vt 0.259840 0.985385
vt 0.240000 1.516613
vt 0.240000 1.373501
vt 0.240000 1.229970
vt 0.240000 1.086425
vt 0.200000 1.572305
vt 0.200000 1.373502
vt 0.200000 1.229970
vt 0.200000 1.086426
vt 0.179859 0.985385
vt 0.160000 1.702388
vt 0.160000 1.516615
vt 0.160000 1.373502
vt 0.160000 1.229973
vt 0.160000 1.086425
vt 0.120000 1.702391
vt 0.120000 1.516620
vt 0.120000 1.373502
vt 0.120000 1.229973
vt 0.120000 1.086426
vt 0.099896 0.985384
vt 0.080000 1.702387
vt 0.080000 1.516616
vt 0.080000 1.373502
vt 0.080000 1.229972
vt 0.080000 1.086427
vt 0.040000 1.702386
vt 0.040000 1.516619
vt 0.040000 1.373500
vt 0.040000 1.229972
vt 0.040000 1.086425
vt 0.040000 0.985384
vt 0.000000 1.707005
vt 0.000000 1.521470
vt 0.000000 1.378347
vt 0.000000 1.234803
vt 0.000000 1.091249
vt 0.000000 0.987366
vt 1.960000 1.864000
vt 2.000000 1.864000
vt 1.960000 1.828000
vt 2.000000 1.828000
vt 1.960000 1.792000
vt 2.000000 1.792000
vt 1.960000 1.756000
vt 2.000000 1.756000
vt 1.960000 1.720000
vt 2.000000 1.720000
vt 1.960000 1.684000
vt 2.000000 1.684000
vt 1.960000 1.648000
vt 2.000000 1.648000
vt 1.960000 1.612000
vt 2.000000 1.612000
vt 1.960000 1.576000
vt 2.000000 1.576000
vt 1.960000 1.540000
vt 2.000000 1.540000
vt 1.960000 1.504000
vt 2.000000 1.504000
vt 1.960000 1.468000
vt 2.000000 1.468000
vt 1.960000 1.432000
vt 2.000000 1.432000
vt 1.960000 1.396000
vt 2.000000 1.396000
vt 1.960000 1.360000
vt 2.000000 1.360000
vt 1.960000 1.324000
vt 2.000000 1.324000
vt 1.960000 1.288000
vt 2.000000 1.288000
vt 1.960000 1.252000
vt 2.000000 1.252000
vt 1.960000 1.216000
vt 2.000000 1.216000
vt 1.960000 1.180000
vt 2.000000 1.180000
vt 1.960000 1.144000
vt 2.000000 1.144000
vt 1.960000 1.108000
vt 2.000000 1.108000
vt 1.960000 1.072000
vt 2.000000 1.072000
vt 1.960000 1.036000
vt 2.000000 1.036000
vt 1.960000 1.000000
vt 2.000000 1.000000
vt 1.920000 1.086424
vt 1.880000 1.702385
vt 1.880000 1.516613
vt 1.880000 1.086421
vt 1.840000 1.702380
vt 1.840000 1.516607
vt 1.840000 1.373497
vt 1.840000 1.229968
vt 1.840000 1.086419
vt 1.800000 1.702381
vt 1.800000 1.229966
vt 1.800000 1.086420
vt 1.760000 1.229966
vt 1.760000 1.086420
vt 1.720000 1.702381
vt 1.720000 1.229967
vt 1.680000 1.702382
vt 1.680000 1.516610
vt 1.680000 1.229965
vt 1.659917 0.985384
vt 1.640000 1.702384
vt 1.600000 1.516611
vt 1.600000 1.229964
vt 1.560000 1.702377
vt 1.560000 1.516610
vt 1.560000 1.229963
vt 1.560000 1.086421
vt 1.499953 1.516612
vt 1.520000 1.373496
vt 1.520000 1.229964
vt 1.520000 1.086422
vt 1.480000 1.702384
vt 1.480000 1.086423
vt 1.440000 1.702380
vt 1.419930 1.516611
vt 1.440000 1.373497
vt 1.440000 1.229965
vt 1.400000 1.702381
vt 1.400000 1.373500
vt 1.400000 1.229967
vt 1.360000 1.702379
vt 1.360000 1.516613
vt 1.360000 1.373502
vt 1.360000 1.086424
vt 1.320000 1.702383
vt 1.320000 1.373502
vt 1.320000 1.086423
vt 1.280000 1.516612
vt 1.280000 1.373502
vt 1.240000 1.702381
vt 1.240000 1.373502
vt 1.240000 1.086425
vt 1.200000 1.702386
vt 1.200000 1.373504
vt 1.200000 1.229971
vt 1.200000 1.086425
vt 1.179859 0.985384
vt 1.160000 1.702386
vt 1.160000 1.229973
vt 1.160000 1.086425
vt 1.120000 1.373500
vt 1.120000 1.229973
vt 1.120000 1.086427
vt 1.080000 1.373501
vt 1.080000 1.229970
vt 1.040000 1.229971
vt 1.000000 1.702383
vt 1.000000 1.229970
vt 0.960000 1.702384
vt 0.960000 1.373498
vt 0.960000 1.229970
vt 0.960000 0.985383
vt 0.920000 1.702385
vt 0.920000 1.373498
vt 0.880000 1.516614
vt 0.880000 1.373499
vt 0.880000 1.086422
vt 0.840000 1.373497
vt 0.840000 1.229966
vt 0.800000 1.229966
vt 0.800000 1.086420
vt 0.760000 1.702381
vt 0.760000 1.373497
vt 0.760000 1.086421
vt 0.720000 1.702380
vt 0.720000 1.516609
vt 0.720000 1.373496
vt 0.720000 1.229966
vt 0.680000 1.702380
vt 0.680000 1.516609
vt 0.680000 1.373495
vt 0.680000 1.086422
vt 0.640000 1.702382
vt 0.640000 1.373498
vt 0.640000 1.229964
vt 0.640000 1.086422
vt 0.600000 1.702379
vt 0.600000 1.516612
vt 0.600000 1.373497
vt 0.579899 0.985383
vt 0.560000 1.702379
vt 0.560000 1.373495
vt 0.560000 1.229965
vt 0.520000 1.702380
vt 0.499954 1.516614
vt 0.520000 1.373497
vt 0.520000 1.229966
vt 0.520000 1.086421
vt 0.480000 1.702380
vt 0.480000 1.229967
vt 0.440000 1.702379
vt 0.440000 1.229967
vt 0.440000 1.086423
vt 0.400000 1.702381
vt 0.400000 1.229969
vt 0.360000 1.702378
vt 0.360000 1.516613
vt 0.360000 1.229969
vt 0.320000 1.702382
vt 0.320000 1.516611
vt 0.320000 1.229967
vt 0.320000 1.086423
vt 0.280000 1.702384
vt 0.280000 1.229969
vt 0.280000 1.086425
vt 0.259841 0.985385
vt 0.240000 1.702382
vt 0.240000 1.229971
vt 0.240000 1.086426
vt 0.200000 1.702386
vt 0.200000 1.516615
vt 0.200000 1.373503
vt 0.200000 1.229972
vt 0.200000 1.086427
vt 0.160000 1.702387
vt 0.160000 1.516613
vt 0.160000 1.373501
vt 0.160000 1.086426
vt 0.120000 1.516619
vt 0.120000 1.086427
vt 0.080000 1.702389
vt 0.080000 1.516615
vt 0.080000 1.086426
vt 0.040000 1.864000
vt 0.040000 1.828000
vt 0.040000 1.792000
vt 0.040000 1.756000
vt 0.040000 1.720000
vt 0.040000 1.684000
vt 0.040000 1.648000
vt 0.040000 1.612000
vt 0.040000 1.576000
vt 0.040000 1.540000
vt 0.040000 1.504000
vt 0.040000 1.468000
vt 0.040000 1.432000
vt 0.040000 1.396000
vt 0.040000 1.360000
vt 0.040000 1.324000
vt 0.040000 1.288000
vt 0.040000 1.252000
vt 0.040000 1.216000
vt 0.040000 1.180000
vt 0.040000 1.144000
vt 0.040000 1.108000
vt 0.040000 1.072000
vt 0.040000 1.036000
vt 0.040000 1.000000
vt 0.000000 1.864000
vt 0.000000 1.828000
vt 0.000000 1.792000
vt 0.000000 1.756000
vt 0.000000 1.720000
vt 0.000000 1.684000
vt 0.000000 1.648000
vt 0.000000 1.612000
vt 0.000000 1.576000
vt 0.000000 1.540000
vt 0.000000 1.504000
vt 0.000000 1.468000
vt 0.000000 1.432000
vt 0.000000 1.396000
vt 0.000000 1.360000
vt 0.000000 1.324000
vt 0.000000 1.288000
vt 0.000000 1.252000
vt 0.000000 1.216000
vt 0.000000 1.180000
vt 0.000000 1.144000
vt 0.000000 1.108000
vt 0.000000 1.072000
vt 0.000000 1.036000
vt 0.000000 1.000000
vt 1.960000 0.940380
vt 2.000000 0.914484
vt 1.960000 0.892633
vt 1.960000 0.823031
vt 2.000000 0.819827
vt 1.960000 0.728320
vt 2.000000 0.693622
vt 1.960000 0.639184
vt 1.960000 0.473534
vt 2.000000 0.471424
vt 1.960000 0.407128
vt 2.000000 0.401774
vt 1.900065 0.940379
vt 1.900114 0.892634
vt 1.900148 0.844830
vt 1.900169 0.796992
vt 1.920000 0.728320
vt 1.900055 0.639184
vt 1.899899 0.529189
vt 1.899751 0.461468
vt 1.899519 0.416392
vt 1.880000 0.728320
vt 1.820101 0.940379
vt 1.820149 0.892634
vt 1.820184 0.844831
vt 1.820203 0.796991
vt 1.840000 0.728321
vt 1.820090 0.639185
vt 1.819936 0.529190
vt 1.819787 0.461465
vt 1.819549 0.416388
vt 1.800000 0.728322
vt 1.740115 0.940380
vt 1.740164 0.892635
vt 1.740199 0.844833
vt 1.740219 0.796993
vt 1.760000 0.728323
vt 1.740103 0.639186
vt 1.739953 0.529190
vt 1.739804 0.461463
vt 1.739558 0.416387
vt 1.720000 0.728324
vt 1.660114 0.940382
vt 1.660162 0.892636
vt 1.660195 0.844833
vt 1.660215 0.796994
vt 1.660085 0.728327
vt 1.660098 0.639188
vt 1.659949 0.529191
vt 1.659802 0.461460
vt 1.659553 0.416387
vt 1.580097 0.940382
vt 1.580145 0.892637
vt 1.580178 0.844834
vt 1.580198 0.796994
vt 1.580067 0.728328
vt 1.580078 0.639189
vt 1.579930 0.529191
vt 1.579786 0.461458
vt 1.579534 0.416388
vt 1.500074 0.940383
vt 1.500122 0.892638
vt 1.500154 0.844835
vt 1.500174 0.796995
vt 1.500042 0.728330
vt 1.500051 0.639190
vt 1.499903 0.529192
vt 1.499761 0.461456
vt 1.499510 0.416389
vt 1.420051 0.940383
vt 1.420098 0.892638
vt 1.420131 0.844835
vt 1.420150 0.796995
vt 1.420017 0.728329
vt 1.420025 0.639189
vt 1.419876 0.529189
vt 1.419737 0.461457
vt 1.419488 0.416392
vt 1.340036 0.940383
vt 1.340083 0.892637
vt 1.340115 0.844834
vt 1.340133 0.796994
vt 1.340001 0.728330
vt 1.340008 0.639189
vt 1.339857 0.529189
vt 1.339720 0.461458
vt 1.339476 0.416394
vt 1.260034 0.940382
vt 1.260081 0.892637
vt 1.260112 0.844834
vt 1.260129 0.796994
vt 1.280000 0.728329
vt 1.260005 0.639189
vt 1.259851 0.529190
vt 1.259715 0.461460
vt 1.259477 0.416398
vt 1.240000 0.728327
vt 1.180048 0.940381
vt 1.180095 0.892635
vt 1.180126 0.844832
vt 1.180145 0.796992
vt 1.200000 0.728326
vt 1.180021 0.639189
vt 1.179863 0.529191
vt 1.179728 0.461463
vt 1.179497 0.416399
vt 1.160000 0.728325
vt 1.100083 0.940381
vt 1.100131 0.892635
vt 1.100162 0.844831
vt 1.100180 0.796992
vt 1.120000 0.728323
vt 1.100058 0.639186
vt 1.099897 0.529189
vt 1.099762 0.461467
vt 1.099538 0.416401
vt 1.080000 0.728323
vt 1.020155 0.940380
vt 1.020203 0.892635
vt 1.020235 0.844830
vt 1.020253 0.796991
vt 1.040000 0.728322
vt 1.020136 0.639186
vt 1.040000 0.473545
vt 1.040000 0.416399
vt 1.000000 0.728321
vt 0.979820 0.529192
vt 0.979676 0.461471
vt 0.979453 0.416395
vt 0.960000 0.940380
vt 0.960000 0.892633
vt 0.960000 0.823031
vt 0.960000 0.728320
vt 0.960000 0.639184
vt 0.900065 0.940379
vt 0.900114 0.892634
vt 0.900148 0.844830
vt 0.900169 0.796992
vt 0.920000 0.728320
vt 0.900056 0.639184
vt 0.899899 0.529191
vt 0.899751 0.461468
vt 0.899519 0.416392
vt 0.880000 0.728319
vt 0.820101 0.940380
vt 0.820149 0.892634
vt 0.820184 0.844831
vt 0.820204 0.796991
vt 0.840000 0.728320
vt 0.820090 0.639186
vt 0.819936 0.529192
vt 0.819787 0.461465
vt 0.819549 0.416388
vt 0.800000 0.728321
vt 0.740115 0.940380
vt 0.740164 0.892635
vt 0.740198 0.844832
vt 0.740219 0.796993
vt 0.760000 0.728323
vt 0.740103 0.639187
vt 0.739952 0.529190
vt 0.739803 0.461463
vt 0.739558 0.416387
vt 0.720000 0.728325
vt 0.660113 0.940382
vt 0.660161 0.892636
vt 0.660195 0.844833
vt 0.660215 0.796993
vt 0.660085 0.728327
vt 0.660097 0.639188
vt 0.659949 0.529191
vt 0.659802 0.461460
vt 0.659553 0.416387
vt 0.580097 0.940382
vt 0.580145 0.892637
vt 0.580178 0.844834
vt 0.580198 0.796994
vt 0.580066 0.728329
vt 0.580077 0.639190
vt 0.579931 0.529190
vt 0.579786 0.461458
vt 0.579534 0.416388
vt 0.500074 0.940383
vt 0.500122 0.892639
vt 0.500155 0.844835
vt 0.500173 0.796994
vt 0.500041 0.728329
vt 0.500052 0.639190
vt 0.499903 0.529191
vt 0.499761 0.461457
vt 0.499510 0.416389
vt 0.420051 0.940383
vt 0.420099 0.892638
vt 0.420132 0.844835
vt 0.420150 0.796995
vt 0.420017 0.728330
vt 0.420026 0.639190
vt 0.419876 0.529189
vt 0.419736 0.461458
vt 0.419488 0.416391
vt 0.340036 0.940382
vt 0.340083 0.892638
vt 0.340115 0.844834
vt 0.340133 0.796994
vt 0.340001 0.728330
vt 0.340008 0.639189
vt 0.339857 0.529189
vt 0.339719 0.461458
vt 0.339475 0.416395
vt 0.260034 0.940381
vt 0.260081 0.892637
vt 0.260112 0.844833
vt 0.260129 0.796994
vt 0.280000 0.728329
vt 0.260005 0.639190
vt 0.259850 0.529190
vt 0.259715 0.461461
vt 0.259477 0.416398
vt 0.240000 0.728327
vt 0.180048 0.940381
vt 0.180095 0.892635
vt 0.180126 0.844832
vt 0.180145 0.796992
vt 0.200000 0.728326
vt 0.180021 0.639189
vt 0.179863 0.529192
vt 0.179728 0.461463
vt 0.179497 0.416399
vt 0.160000 0.728325
vt 0.100083 0.940381
vt 0.100131 0.892636
vt 0.100162 0.844831
vt 0.100180 0.796993
vt 0.120000 0.728324
vt 0.100058 0.639187
vt 0.099898 0.529188
vt 0.099762 0.461467
vt 0.099538 0.416401
vt 0.080000 0.728323
vt 0.040000 0.940381
vt 0.040000 0.892634
vt 0.040000 0.823033
vt 0.040000 0.728322
vt 0.040000 0.639185
vt 0.040000 0.473545
vt 0.040000 0.407120
vt 0.000000 0.920831
vt 0.000000 0.826224
vt 0.000000 0.731436
vt 0.000000 0.638117
vt 0.000000 0.439504
vt 1.960000 0.976000
vt 2.000000 0.976000
vt 1.960000 0.952000
vt 2.000000 0.952000
vt 1.960000 0.928000
vt 2.000000 0.928000
vt 1.960000 0.904000
vt 2.000000 0.904000
vt 1.960000 0.880000
vt 2.000000 0.880000
vt 1.960000 0.856000
vt 2.000000 0.856000
vt 1.960000 0.832000
vt 2.000000 0.832000
vt 1.960000 0.808000
vt 2.000000 0.808000
vt 1.960000 0.784000
vt 2.000000 0.784000
vt 1.960000 0.760000
vt 2.000000 0.760000
vt 1.960000 0.736000
vt 2.000000 0.736000
vt 1.960000 0.712000
vt 2.000000 0.712000
vt 1.960000 0.688000
vt 2.000000 0.688000
vt 1.960000 0.664000
vt 2.000000 0.664000
vt 1.960000 0.640000
vt 2.000000 0.640000
vt 1.960000 0.616000
vt 2.000000 0.616000
vt 1.960000 0.592000
vt 2.000000 0.592000
vt 1.960000 0.568000
vt 2.000000 0.568000
vt 1.960000 0.544000
vt 2.000000 0.544000
vt 1.960000 0.520000
vt 2.000000 0.520000
vt 1.960000 0.496000
vt 2.000000 0.496000
vt 1.960000 0.472000
vt 2.000000 0.472000
vt 1.960000 0.448000
vt 2.000000 0.448000
vt 1.960000 0.424000
vt 2.000000 0.424000
vt 1.960000 0.400000
vt 2.000000 0.400000
vt 1.900066 0.940379
vt 1.900055 0.639185
vt 1.899899 0.529190
vt 1.899751 0.461469
vt 1.880000 0.728319
vt 1.820101 0.940380
vt 1.820204 0.796991
vt 1.840000 0.728320
vt 1.820090 0.639186
vt 1.819936 0.529191
vt 1.819787 0.461466
vt 1.800000 0.728321
vt 1.740198 0.844832
vt 1.740103 0.639187
vt 1.739951 0.529189
vt 1.739802 0.461463
vt 1.739559 0.416387
vt 1.720000 0.728325
vt 1.660113 0.940382
vt 1.660215 0.796993
vt 1.660097 0.639187
vt 1.659949 0.529190
vt 1.659802 0.461459
vt 1.580198 0.796995
vt 1.580066 0.728329
vt 1.580077 0.639190
vt 1.579930 0.529190
vt 1.579786 0.461457
vt 1.500122 0.892639
vt 1.500155 0.844835
vt 1.500173 0.796995
vt 1.500041 0.728329
vt 1.500051 0.639189
vt 1.499903 0.529190
vt 1.420099 0.892638
vt 1.420017 0.728330
vt 1.420025 0.639190
vt 1.419877 0.529191
vt 1.340008 0.639190
vt 1.339475 0.416394
vt 1.260033 0.940382
vt 1.260129 0.796993
vt 1.260004 0.639189
vt 1.259850 0.529190
vt 1.259476 0.416397
vt 1.240000 0.728328
vt 1.180048 0.940382
vt 1.180145 0.796993
vt 1.180021 0.639190
vt 1.179729 0.461463
vt 1.100083 0.940380
vt 1.100162 0.844832
vt 1.120000 0.728324
vt 1.100058 0.639188
vt 1.099898 0.529188
vt 1.099762 0.461466
vt 1.020154 0.940380
vt 1.020202 0.892634
vt 1.020254 0.796991
vt 1.019974 0.529190
vt 1.019834 0.461469
vt 1.019614 0.416399
vt 1.000000 0.728320
vt 0.960000 0.728319
vt 0.960000 0.473534
vt 0.960000 0.407128
vt 0.900169 0.796991
vt 0.900056 0.639185
vt 0.899899 0.529190
vt 0.899751 0.461469
vt 0.880000 0.728320
vt 0.820101 0.940379
vt 0.820149 0.892633
vt 0.820203 0.796991
vt 0.820089 0.639186
vt 0.720000 0.728324
vt 0.660114 0.940382
vt 0.660162 0.892637
vt 0.659948 0.529190
vt 0.659802 0.461459
vt 0.580197 0.796995
vt 0.580066 0.728328
vt 0.580078 0.639191
vt 0.579930 0.529188
vt 0.579785 0.461458
vt 0.500122 0.892638
vt 0.500154 0.844835
vt 0.500174 0.796996
vt 0.500042 0.728330
vt 0.500051 0.639190
vt 0.499903 0.529188
vt 0.420098 0.892638
vt 0.420131 0.844835
vt 0.420017 0.728329
vt 0.420026 0.639191
vt 0.419876 0.529187
vt 0.419737 0.461457
vt 0.340036 0.940383
vt 0.340083 0.892637
vt 0.340001 0.728329
vt 0.340008 0.639190
vt 0.339720 0.461458
vt 0.260033 0.940382
vt 0.260112 0.844834
vt 0.260129 0.796993
vt 0.260004 0.639189
vt 0.259851 0.529190
vt 0.259715 0.461460
vt 0.240000 0.728328
vt 0.180048 0.940382
vt 0.180145 0.796993
vt 0.180020 0.639190
vt 0.179863 0.529191
vt 0.179729 0.461463
vt 0.100131 0.892635
vt 0.100180 0.796992
vt 0.120000 0.728323
vt 0.099897 0.529188
vt 0.099762 0.461466
vt 0.040000 0.976000
vt 0.040000 0.952000
vt 0.040000 0.928000
vt 0.040000 0.904000
vt 0.040000 0.880000
vt 0.040000 0.856000
vt 0.040000 0.832000
vt 0.040000 0.808000
vt 0.040000 0.784000
vt 0.040000 0.760000
vt 0.040000 0.736000
vt 0.040000 0.712000
vt 0.040000 0.688000
vt 0.040000 0.664000
vt 0.040000 0.640000
vt 0.040000 0.616000
vt 0.040000 0.592000
vt 0.040000 0.568000
vt 0.040000 0.544000
vt 0.040000 0.520000
vt 0.040000 0.496000
vt 0.040000 0.472000
vt 0.040000 0.448000
vt 0.040000 0.424000
vt 0.040000 0.400000
vt 0.000000 0.976000
vt 0.000000 0.952000
vt 0.000000 0.928000
vt 0.000000 0.904000
vt 0.000000 0.880000
vt 0.000000 0.856000
vt 0.000000 0.832000
vt 0.000000 0.808000
vt 0.000000 0.784000
vt 0.000000 0.760000
vt 0.000000 0.736000
vt 0.000000 0.712000
vt 0.000000 0.688000
vt 0.000000 0.664000
vt 0.000000 0.640000
vt 0.000000 0.616000
vt 0.000000 0.592000
vt 0.000000 0.568000
vt 0.000000 0.544000
vt 0.000000 0.520000
vt 0.000000 0.496000
vt 0.000000 0.472000
vt 0.000000 0.448000
vt 0.000000 0.424000
vt 0.000000 0.400000
vt 1.960000 0.337201
vt 2.000000 0.335357
vt 2.000003 0.285204
vt 2.000071 0.045539
vt 1.960004 0.016002
vt 1.960000 -0.000000
vt 1.920000 0.357795
vt 1.900586 0.313286
vt 1.900671 0.269762
vt 1.999991 0.219864
vt 1.900718 0.204699
vt 1.999958 0.162442
vt 1.821094 0.153134
vt 2.000051 0.110935
vt 1.800512 0.105806
vt 1.661913 0.056858
vt 1.920000 0.016000
vt 1.920000 -0.000000
vt 1.880000 0.357796
vt 1.880000 0.016000
vt 1.880000 -0.000000
vt 1.840000 0.357799
vt 1.820632 0.301463
vt 1.781216 0.249539
vt 1.781086 0.204842
vt 1.288408 0.032000
vt 1.840000 0.016000
vt 1.840000 -0.000000
vt 1.800000 0.357802
vt 1.800000 0.016000
vt 1.800000 -0.000000
vt 1.760000 0.357803
vt 1.740645 0.301468
vt 1.760000 0.016000
vt 1.760000 -0.000000
vt 1.720000 0.357806
vt 1.720000 0.016000
vt 1.720000 -0.000000
vt 1.680000 0.357809
vt 1.660639 0.301473
vt 1.621218 0.249536
vt 1.621085 0.204834
vt 1.540947 0.146386
vt 1.541514 0.098241
vt 1.680000 0.016000
vt 1.680000 -0.000000
vt 1.640000 0.357811
vt 1.640000 0.016000
vt 1.640000 -0.000000
vt 1.600000 0.357813
vt 1.580620 0.301479
vt 1.600000 0.016000
vt 1.600000 -0.000000
vt 1.560000 0.357814
vt 1.560000 0.016000
vt 1.560000 -0.000000
vt 1.520000 0.357816
vt 1.500595 0.301485
vt 1.461081 0.249536
vt 1.460944 0.204835
vt 1.520000 0.016000
vt 1.520000 -0.000000
vt 1.480000 0.357816
vt 1.480000 0.016000
vt 1.480000 -0.000000
vt 1.440000 0.357817
vt 1.420570 0.301489
vt 1.440000 0.016000
vt 1.440000 -0.000000
vt 1.400000 0.357817
vt 1.400000 0.016000
vt 1.400000 -0.000000
vt 1.360000 0.357816
vt 1.340554 0.301492
vt 1.300996 0.249537
vt 1.300901 0.217359
vt 1.300912 0.172308
vt 1.212440 0.107035
vt 1.039482 0.056960
vt 1.360000 0.016000
vt 1.360000 -0.000000
vt 1.320000 0.357815
vt 1.320000 0.016000
vt 1.320000 -0.000000
vt 1.280000 0.357814
vt 1.260550 0.301494
vt 1.280000 0.016000
vt 1.280000 -0.000000
vt 1.240000 0.357812
vt 1.240000 0.016000
vt 1.240000 -0.000000
vt 1.200000 0.357810
vt 1.180568 0.301493
vt 1.141142 0.249542
vt 1.141049 0.217364
vt 1.141062 0.172325
vt 1.200000 0.016000
vt 1.200000 -0.000000
vt 1.160000 0.357808
vt 1.160000 0.016000
vt 1.160000 -0.000000
vt 1.120000 0.357804
vt 1.100606 0.301489
vt 1.120000 0.016000
vt 1.120000 -0.000000
vt 1.080000 0.357802
vt 1.080000 0.016000
vt 1.080000 -0.000000
vt 1.040000 0.357799
vt 1.020671 0.313289
vt 0.996686 0.287856
vt 0.998519 0.255248
vt 0.960714 0.201268
vt 0.960733 0.156146
vt 0.862253 0.097452
vt 1.040000 0.016000
vt 1.040000 -0.000000
vt 1.000000 0.357796
vt 1.000000 0.016000
vt 1.000000 -0.000000
vt 0.960000 0.350852
vt 0.920819 0.233427
vt 0.960000 0.016000
vt 0.960000 -0.000000
vt 0.920000 0.357795
vt 0.900586 0.313286
vt 0.900656 0.275490
vt 0.920000 0.016000
vt 0.920000 -0.000000
vt 0.880000 0.357796
vt 0.880000 0.016000
vt 0.880000 -0.000000
vt 0.840000 0.357799
vt 0.820633 0.301463
vt 0.781214 0.249539
vt 0.781084 0.204842
vt 0.781318 0.146396
vt 0.840000 0.016000
vt 0.840000 -0.000000
vt 0.800000 0.357801
vt 0.800000 0.016000
vt 0.800000 -0.000000
vt 0.760000 0.357804
vt 0.740646 0.301468
vt 0.760000 0.016000
vt 0.760000 -0.000000
vt 0.720000 0.357806
vt 0.720000 0.016000
vt 0.720000 -0.000000
vt 0.680000 0.357809
vt 0.660639 0.301473
vt 0.621219 0.249537
vt 0.621085 0.204834
vt 0.540947 0.146387
vt 0.541324 0.104939
vt 0.380534 0.066002
vt 0.088216 0.043561
vt 0.680000 0.016000
vt 0.680000 -0.000000
vt 0.640000 0.357811
vt 0.640000 0.016000
vt 0.640000 -0.000000
vt 0.600000 0.357813
vt 0.580620 0.301479
vt 0.600000 0.016000
vt 0.600000 -0.000000
vt 0.560000 0.357815
vt 0.560000 0.016000
vt 0.560000 -0.000000
vt 0.520000 0.357816
vt 0.500595 0.301485
vt 0.461081 0.249536
vt 0.460945 0.204835
vt 0.520000 0.016000
vt 0.520000 -0.000000
vt 0.480000 0.357816
vt 0.480000 0.016000
vt 0.480000 -0.000000
vt 0.440000 0.357817
vt 0.420570 0.301489
vt 0.440000 0.016000
vt 0.440000 -0.000000
vt 0.400000 0.357817
vt 0.400000 0.016000
vt 0.400000 -0.000000
vt 0.360000 0.357816
vt 0.340554 0.301492
vt 0.300996 0.249538
vt 0.300862 0.204845
vt 0.301096 0.146395
vt 0.221089 0.104944
vt 0.360000 0.016000
vt 0.360000 -0.000000
vt 0.320000 0.357816
vt 0.320000 0.016000
vt 0.320000 -0.000000
vt 0.280000 0.357814
vt 0.260551 0.301494
vt 0.280000 0.016000
vt 0.280000 -0.000000
vt 0.240000 0.357812
vt 0.240000 0.016000
vt 0.240000 -0.000000
vt 0.200000 0.357810
vt 0.180555 0.313294
vt 0.180635 0.269788
vt 0.136656 0.226226
vt 0.136350 0.194112
vt 0.124114 0.156276
vt 0.200000 0.016000
vt 0.200000 -0.000000
vt 0.160000 0.357808
vt 0.160000 0.016000
vt 0.160000 -0.000000
vt 0.120000 0.357804
vt 0.100594 0.313292
vt 0.087614 0.271387
vt 0.120000 0.016000
vt 0.120000 -0.000000
vt 0.080000 0.357802
vt 0.080000 0.016000
vt 0.080000 -0.000000
vt 0.040000 0.337209
vt 0.000768 0.314340
vt 0.005817 0.207250
vt -0.000074 0.127801
vt 0.040000 0.016000
vt 0.040000 -0.000000
vt 0.000000 0.359897
vt 0.000000 0.271768
vt 0.000000 -0.000000
vt 1.960000 0.384000
vt 2.000000 0.384000
vt 1.960000 0.368000
vt 2.000000 0.368000
vt 1.960000 0.352000
vt 2.000000 0.352000
vt 1.960000 0.336000
vt 2.000000 0.336000
vt 1.960000 0.320000
vt 2.000000 0.320000
vt 1.960000 0.304000
vt 2.000000 0.304000
vt 1.960000 0.288000
vt 2.000000 0.288000
vt 1.960000 0.272000
vt 2.000000 0.272000
vt 1.960000 0.256000
vt 2.000000 0.256000
vt 1.960000 0.240000
vt 2.000000 0.240000
vt 1.960000 0.224000
vt 2.000000 0.224000
vt 1.959984 0.207998
vt 2.000000 0.208000
vt 1.960000 0.192000
vt 2.000000 0.192000
vt 1.960000 0.176000
vt 2.000000 0.176000
vt 1.960000 0.160000
vt 2.000000 0.160000
vt 1.959999 0.144000
vt 2.000000 0.144000
vt 1.960000 0.128000
vt 2.000000 0.128000
vt 1.960001 0.112000
vt 2.000000 0.112000
vt 1.960000 0.096000
vt 2.000000 0.096000
vt 1.960000 0.080000
vt 2.000000 0.080000
vt 1.960000 0.064000
vt 2.000000 0.064000
vt 1.960000 0.048000
vt 2.000000 0.048000
vt 1.960000 0.032000
vt 2.000000 0.032000
vt 1.960000 0.016000
vt 2.000000 0.016000
vt 1.900600 0.301462
vt 1.900747 0.243227
vt 1.816861 0.180381
vt 1.820633 0.301463
vt 1.781212 0.249539
vt 1.781120 0.217360
vt 1.781322 0.146395
vt 1.587168 0.091464
vt 1.800000 0.357801
vt 1.740646 0.301467
vt 1.621219 0.249536
vt 1.540946 0.146386
vt 1.464043 0.046008
vt 1.580621 0.301479
vt 1.500594 0.301485
vt 1.460945 0.204835
vt 1.480000 0.357817
vt 1.340553 0.301492
vt 1.300997 0.249538
vt 1.300862 0.204845
vt 1.220726 0.146402
vt 1.208333 0.105513
vt 1.216275 0.065548
vt 1.260551 0.301493
vt 1.240000 0.357811
vt 1.141010 0.204861
vt 0.960715 0.201268
vt 0.960732 0.156145
vt 0.895080 0.094459
vt 0.804930 0.047120
vt 0.960000 0.337201
vt 0.920820 0.233427
vt 0.900585 0.313286
vt 0.900654 0.275490
vt 0.781338 0.139870
vt 0.760000 0.357803
vt 0.740645 0.301467
vt 0.660640 0.301474
vt 0.380526 0.066004
vt 0.560000 0.357814
vt 0.500595 0.301484
vt 0.300997 0.249538
vt 0.220724 0.146403
vt 0.221090 0.104944
vt 0.040000 0.032000
vt 0.320000 0.357815
vt 0.180567 0.301493
vt 0.141142 0.249542
vt 0.141011 0.204861
vt 0.100606 0.301489
vt 0.040000 0.384000
vt 0.040000 0.368000
vt 0.040000 0.352000
vt 0.040000 0.336000
vt 0.040000 0.320000
vt 0.040000 0.304000
vt 0.040000 0.288000
vt 0.040000 0.272000
vt 0.040000 0.256000
vt 0.040000 0.240000
vt 0.040000 0.224000
vt 0.040000 0.208000
vt 0.040000 0.192000
vt 0.040000 0.176000
vt 0.040000 0.160000
vt 0.040000 0.144000
vt 0.040000 0.128000
vt 0.040000 0.112000
vt 0.040000 0.096000
vt 0.040000 0.080000
vt 0.040000 0.064000
vt 0.040000 0.048000
vt 0.000000 0.384000
vt 0.000000 0.368000
vt 0.000000 0.352000
vt 0.000000 0.336000
vt 0.000000 0.320000
vt 0.000000 0.304000
vt 0.000000 0.288000
vt 0.000000 0.272000
vt 0.000000 0.256000
vt 0.000000 0.240000
vt 0.000000 0.224000
vt 0.000000 0.208000
vt 0.000000 0.192000
vt 0.000000 0.176000
vt 0.000000 0.160000
vt 0.000000 0.144000
vt 0.000000 0.128000
vt 0.000000 0.112000
vt 0.000000 0.096000
vt 0.000000 0.080000
vt 0.000000 0.064000
vt 0.000000 0.048000
vt 0.000000 0.032000
vt 0.000000 0.016000
vt 1.000000 1.000000
vt 0.969244 0.999998
vt 0.969347 0.902530
vt 1.000000 0.808205
vt 0.969397 0.824446
vt 0.969431 0.744595
vt 1.000000 0.702039
vt 0.959002 0.676170
vt 0.972548 0.645971
vt 1.000000 0.622595
vt 0.969375 0.608806
vt 0.999929 0.567904
vt 0.969392 0.530653
vt 1.000000 0.528932
vt 0.980000 0.477064
vt 1.000000 0.474050
vt 0.949365 0.569709
vt 0.949173 0.493889
vt 0.929252 0.999995
vt 0.929221 0.902503
vt 0.929262 0.824487
vt 0.929306 0.744679
vt 0.929291 0.628760
vt 0.907453 0.600000
vt 0.929368 0.530831
vt 0.909208 0.677006
vt 0.909337 0.569984
vt 0.905554 0.481514
vt 0.889326 0.999992
vt 0.889063 0.902539
vt 0.889053 0.824644
vt 0.889152 0.744909
vt 0.889218 0.629064
vt 0.888094 0.526379
vt 0.869114 0.677401
vt 0.869336 0.570354
vt 0.849573 0.999991
vt 0.848890 0.902680
vt 0.848665 0.825036
vt 0.848938 0.745385
vt 0.849121 0.629545
vt 0.838772 0.589516
vt 0.833553 0.549456
vt 0.849294 0.499611
vt 0.827044 0.671070
vt 0.810054 0.999993
vt 0.808750 0.903112
vt 0.808704 0.825261
vt 0.808264 0.746505
vt 0.797987 0.610458
vt 0.809492 0.499566
vt 0.788327 0.668646
vt 0.786275 0.561622
vt 0.770131 1.000008
vt 0.769323 0.851786
vt 0.780000 0.747076
vt 0.780000 0.499442
vt 0.741659 0.706435
vt 0.744025 0.633836
vt 0.737543 0.569850
vt 0.746884 0.495998
vt 0.721453 1.000055
vt 0.733413 0.812786
vt 0.710527 0.901171
vt 0.720000 0.743472
vt 0.709028 0.665795
vt 0.709620 0.608882
vt 0.703442 0.523564
vt 0.695211 0.829341
vt 0.689418 0.744758
vt 0.690104 0.569848
vt 0.669892 1.000010
vt 0.670723 0.901906
vt 0.660901 0.826695
vt 0.670095 0.688538
vt 0.664992 0.654468
vt 0.669030 0.620203
vt 0.650380 0.768344
vt 0.650345 0.728446
vt 0.650377 0.589948
vt 0.650445 0.550596
vt 0.653241 0.514757
vt 0.690322 0.491611
vt 0.630370 1.000007
vt 0.630855 0.902162
vt 0.622123 0.825284
vt 0.630481 0.688762
vt 0.630448 0.629333
vt 0.605020 0.770136
vt 0.610603 0.728618
vt 0.610535 0.660000
vt 0.615825 0.583367
vt 0.592175 0.540000
vt 0.615205 0.509247
vt 0.590564 1.000006
vt 0.581710 0.902365
vt 0.582445 0.824767
vt 0.590604 0.688762
vt 0.590562 0.629363
vt 0.590588 0.570403
vt 0.570670 0.748585
vt 0.552466 0.720000
vt 0.552318 0.660000
vt 0.552285 0.600000
vt 0.570616 0.512195
vt 0.550620 1.000004
vt 0.550635 0.796788
vt 0.550621 0.688773
vt 0.550605 0.629391
vt 0.550635 0.570454
vt 0.530620 0.902441
vt 0.530597 0.848305
vt 0.530643 0.748599
vt 0.530643 0.531006
vt 0.521360 0.491566
vt 0.510524 1.000001
vt 0.505468 0.799645
vt 0.510505 0.688790
vt 0.510514 0.629415
vt 0.510544 0.570481
vt 0.478580 0.902389
vt 0.478537 0.848351
vt 0.489474 0.748572
vt 0.467595 0.720000
vt 0.489477 0.660000
vt 0.467794 0.600000
vt 0.482510 0.533017
vt 0.469416 0.999997
vt 0.458021 0.796043
vt 0.469355 0.688779
vt 0.469387 0.629406
vt 0.469417 0.570458
vt 0.457929 0.511465
vt 0.449296 0.748594
vt 0.427608 0.660000
vt 0.429425 0.999994
vt 0.429142 0.902399
vt 0.429149 0.848400
vt 0.418118 0.795783
vt 0.429317 0.688820
vt 0.429388 0.629439
vt 0.419511 0.589917
vt 0.429424 0.550758
vt 0.397234 0.767040
vt 0.409224 0.728682
vt 0.417995 0.511416
vt 0.389503 0.999991
vt 0.389086 0.902647
vt 0.388985 0.848469
vt 0.389265 0.688884
vt 0.389395 0.629490
vt 0.389457 0.580000
vt 0.389458 0.550761
vt 0.361622 0.823191
vt 0.369104 0.728743
vt 0.358105 0.676149
vt 0.360292 0.609153
vt 0.378280 0.511178
vt 0.349752 0.999989
vt 0.348938 0.902830
vt 0.349085 0.768849
vt 0.337748 0.647506
vt 0.336673 0.595083
vt 0.349514 0.550769
vt 0.319039 0.789280
vt 0.318703 0.729172
vt 0.349198 0.503141
vt 0.310229 0.999993
vt 0.320000 0.877099
vt 0.299330 0.689589
vt 0.309801 0.570831
vt 0.309811 0.531355
vt 0.295178 0.495348
vt 0.287812 0.903769
vt 0.289439 0.825859
vt 0.289716 0.628735
vt 0.258426 1.000048
vt 0.270320 0.747352
vt 0.273456 0.572014
vt 0.250666 0.831914
vt 0.257217 0.673784
vt 0.253670 0.522746
vt 0.233509 0.609394
vt 0.209130 1.000014
vt 0.208675 0.847900
vt 0.209282 0.744382
vt 0.220000 0.665061
vt 0.220000 0.532412
vt 0.190016 0.665301
vt 0.190077 0.598394
vt 0.190303 0.532787
vt 0.169722 1.000008
vt 0.170638 0.902318
vt 0.170516 0.824351
vt 0.170352 0.744722
vt 0.150580 0.688563
vt 0.150548 0.648704
vt 0.150527 0.609058
vt 0.139969 0.555098
vt 0.141119 0.512450
vt 0.130195 1.000005
vt 0.130896 0.902543
vt 0.130752 0.824428
vt 0.130737 0.744801
vt 0.124531 0.596443
vt 0.101698 0.688533
vt 0.101546 0.648591
vt 0.090393 1.000004
vt 0.090841 0.902624
vt 0.090806 0.824489
vt 0.090816 0.744753
vt 0.090630 0.608856
vt 0.090610 0.569528
vt 0.090624 0.530364
vt 0.090486 0.493484
vt 0.050449 1.000003
vt 0.050737 0.902626
vt 0.050757 0.824457
vt 0.050792 0.744663
vt 0.050817 0.688471
vt 0.050700 0.648454
vt 0.050678 0.608746
vt 0.050668 0.569460
vt 0.050665 0.530407
vt 0.052134 0.496177
vt 0.020000 1.000000
vt 0.020000 0.980000
vt 0.020000 0.960000
vt 0.020000 0.940000
vt 0.020000 0.920000
vt 0.020000 0.900000
vt 0.020000 0.880000
vt 0.020000 0.860000
vt 0.020000 0.840000
vt 0.020000 0.820000
vt 0.020000 0.800000
vt 0.020000 0.780000
vt 0.020000 0.760000
vt 0.020000 0.740000
vt 0.020000 0.720000
vt 0.020000 0.700000
vt 0.020000 0.680000
vt 0.020000 0.660000
vt 0.020000 0.640000
vt 0.020000 0.620000
vt 0.020000 0.600000
vt 0.020000 0.580000
vt 0.020000 0.560000
vt 0.020000 0.540000
vt 0.020000 0.520000
vt 0.020000 0.500000
vt 0.000000 0.980000
vt 0.000000 0.960000
vt 0.000000 0.940000
vt 0.000000 0.920000
vt 0.000000 0.900000
vt 0.000000 0.860000
vt 0.000000 0.840000
vt 0.000000 0.820000
vt 0.000000 0.800000
vt 0.000000 0.780000
vt 0.000000 0.740000
vt 0.000000 0.720000
vt 0.000000 0.700000
vt 0.000000 0.680000
vt 0.000000 0.660000
vt 0.000000 0.620000
vt 0.000000 0.600000
vt 0.000000 0.580000
vt 0.000000 0.560000
vt 0.000000 0.540000
vt 0.000000 0.500000
vt 0.999640 0.388690
vt 0.969521 0.229641
vt 1.000000 0.227123
vt 0.999581 0.307678
vt 0.969498 0.169776
vt 1.000000 0.146969
vt 0.969465 0.129818
vt 0.947339 0.100000
vt 0.993507 0.082273
vt 0.996248 0.045370
vt 0.980000 0.000000
vt 0.949383 0.450658
vt 0.949444 0.391222
vt 0.949484 0.310174
vt 0.949282 0.070008
vt 0.939061 0.029900
vt 0.949625 0.000000
vt 0.931376 0.227075
vt 0.929332 0.169935
vt 0.929272 0.129982
vt 0.909454 0.411607
vt 0.909465 0.330520
vt 0.898557 0.270017
vt 0.909050 0.070200
vt 0.881780 0.031269
vt 0.909939 0.000000
vt 0.889303 0.230018
vt 0.889160 0.190158
vt 0.889066 0.150188
vt 0.888975 0.110245
vt 0.869502 0.411702
vt 0.869459 0.330804
vt 0.857253 0.070492
vt 0.870553 0.000000
vt 0.849266 0.250634
vt 0.848991 0.170608
vt 0.848763 0.110338
vt 0.829558 0.412044
vt 0.829453 0.331415
vt 0.828306 0.030754
vt 0.831888 0.000000
vt 0.809160 0.251794
vt 0.808704 0.171754
vt 0.808164 0.092063
vt 0.789760 0.412379
vt 0.789721 0.331952
vt 0.794858 -0.000527
vt 0.746297 0.247089
vt 0.770301 0.173089
vt 0.768700 0.093552
vt 0.760000 0.376390
vt 0.750591 -0.000052
vt 0.730427 0.359129
vt 0.728822 0.130924
vt 0.728146 0.048855
vt 0.720000 0.428977
vt 0.720000 0.268189
vt 0.705036 0.198933
vt 0.706675 0.000000
vt 0.690217 0.430124
vt 0.690262 0.350140
vt 0.690392 0.270065
vt 0.691009 0.154255
vt 0.684126 0.095915
vt 0.677976 0.053616
vt 0.668548 0.000000
vt 0.650360 0.469784
vt 0.650348 0.429823
vt 0.650360 0.389848
vt 0.650404 0.349864
vt 0.650477 0.309884
vt 0.650570 0.269912
vt 0.650657 0.229951
vt 0.650713 0.190004
vt 0.650714 0.150071
vt 0.639653 0.052240
vt 0.630811 0.110256
vt 0.629618 0.000000
vt 0.610451 0.469854
vt 0.610453 0.429924
vt 0.610474 0.389988
vt 0.610519 0.350045
vt 0.610584 0.310097
vt 0.610666 0.270146
vt 0.610751 0.230194
vt 0.601771 0.190337
vt 0.601852 0.150376
vt 0.596011 0.031446
vt 0.590866 0.110480
vt 0.581790 0.070472
vt 0.590160 0.000000
vt 0.564511 0.467522
vt 0.570577 0.430053
vt 0.570601 0.380376
vt 0.561380 0.330252
vt 0.561470 0.290322
vt 0.576427 0.238520
vt 0.550755 0.250428
vt 0.543124 0.201801
vt 0.550826 0.150507
vt 0.550817 0.110517
vt 0.551159 -0.000008
vt 0.530607 0.430067
vt 0.516220 0.404755
vt 0.530636 0.370229
vt 0.530725 0.061055
vt 0.499993 0.449995
vt 0.510570 0.330335
vt 0.510599 0.290408
vt 0.510622 0.250462
vt 0.510645 0.190508
vt 0.510645 0.150518
vt 0.510629 0.110517
vt 0.511165 0.000022
vt 0.478786 0.370216
vt 0.467787 0.220000
vt 0.489508 0.060937
vt 0.469387 0.469928
vt 0.469408 0.410106
vt 0.469446 0.330303
vt 0.469461 0.290369
vt 0.469466 0.250412
vt 0.469457 0.190444
vt 0.469436 0.150445
vt 0.469402 0.110434
vt 0.479943 0.000107
vt 0.436816 0.458873
vt 0.449277 0.060863
vt 0.429431 0.410148
vt 0.429448 0.370242
vt 0.429454 0.330316
vt 0.429447 0.290368
vt 0.429426 0.250400
vt 0.429372 0.190414
vt 0.429323 0.150407
vt 0.429268 0.110390
vt 0.407685 0.028964
vt 0.449624 0.000000
vt 0.396624 0.426429
vt 0.392410 0.226033
vt 0.398179 0.070363
vt 0.409935 0.000000
vt 0.389541 0.470169
vt 0.390417 0.379956
vt 0.390391 0.340031
vt 0.390351 0.300096
vt 0.390295 0.260161
vt 0.389342 0.190442
vt 0.389280 0.150427
vt 0.389227 0.110412
vt 0.370546 0.000000
vt 0.350947 0.459430
vt 0.350992 0.419465
vt 0.351035 0.379462
vt 0.351065 0.339440
vt 0.351073 0.299420
vt 0.351045 0.259422
vt 0.350978 0.219463
vt 0.350863 0.179554
vt 0.350703 0.139697
vt 0.350516 0.099884
vt 0.348762 0.048242
vt 0.330713 0.000022
vt 0.309683 0.431172
vt 0.309694 0.351240
vt 0.309624 0.271113
vt 0.309570 0.190996
vt 0.309547 0.111076
vt 0.309152 0.050609
vt 0.289489 0.000748
vt 0.269471 0.403728
vt 0.280000 0.332038
vt 0.284508 0.246786
vt 0.283959 0.167232
vt 0.268608 0.092629
vt 0.240000 0.410451
vt 0.227426 0.128706
vt 0.226459 0.048958
vt 0.226516 0.000000
vt 0.210073 0.450023
vt 0.209905 0.369737
vt 0.209808 0.289384
vt 0.209613 0.209145
vt 0.190017 0.129426
vt 0.189575 0.049552
vt 0.187652 0.000000
vt 0.170337 0.450831
vt 0.170273 0.370315
vt 0.170338 0.289867
vt 0.170464 0.209585
vt 0.150745 0.149722
vt 0.141962 0.109731
vt 0.141841 0.069751
vt 0.150614 0.029784
vt 0.149160 0.000000
vt 0.130464 0.451546
vt 0.130443 0.370660
vt 0.130560 0.289987
vt 0.130758 0.209627
vt 0.109886 0.159881
vt 0.097065 0.038582
vt 0.109923 0.000000
vt 0.090530 0.450526
vt 0.090535 0.391073
vt 0.100000 0.310221
vt 0.100000 0.229704
vt 0.076744 0.128915
vt 0.091039 0.089774
vt 0.070640 0.330065
vt 0.064464 0.285870
vt 0.070800 0.249867
vt 0.064081 0.205395
vt 0.070967 0.169777
vt 0.070319 0.000000
vt 0.050730 0.441299
vt 0.050621 0.400978
vt 0.050512 0.360689
vt 0.050861 0.089709
vt 0.050782 0.049765
vt 0.040017 0.000032
vt 0.019972 0.459985
vt 0.019977 0.299989
vt 0.019983 0.219992
vt 0.019989 0.139995
vt 0.020000 0.480000
vt 0.020000 0.440000
vt 0.020000 0.420000
vt 0.020000 0.400000
vt 0.020000 0.380000
vt 0.020000 0.360000
vt 0.020000 0.340000
vt 0.020000 0.320000
vt 0.020000 0.280000
vt 0.020000 0.260000
vt 0.020000 0.240000
vt 0.020000 0.200000
vt 0.020000 0.180000
vt 0.020000 0.160000
vt 0.020000 0.120000
vt 0.020000 0.100000
vt 0.020000 0.080000
vt 0.020000 0.060000
vt 0.020000 0.040000
vt 0.020000 0.020000
vt 0.020000 0.000000
vt 0.000000 0.480000
vt 0.000000 0.460000
vt 0.000000 0.440000
vt 0.000000 0.420000
vt 0.000000 0.380000
vt 0.000000 0.360000
vt 0.000000 0.340000
vt 0.000000 0.300000
vt 0.000000 0.280000
vt 0.000000 0.260000
vt 0.000000 0.220000
vt 0.000000 0.200000
vt 0.000000 0.180000
vt 0.000000 0.140000
vt 0.000000 0.120000
vt 0.000000 0.100000
vt 0.000000 0.060000
vt 0.000000 0.040000
vt 0.000000 0.020000
vt 0.520000 0.055950
vt 0.500000 0.056061
vt 0.512013 0.000000
vt 0.510416 0.108000
vt 0.530536 0.198449
vt 0.500000 0.198730
vt 0.510435 0.144000
vt 0.506988 0.263979
vt 0.530597 0.304482
vt 0.500000 0.340124
vt 0.530777 0.375378
vt 0.489628 0.423950
vt 0.530896 0.445519
vt 0.532435 0.514769
vt 0.489906 0.512032
vt 0.510550 0.633575
vt 0.530741 0.705884
vt 0.489875 0.726798
vt 0.534808 0.772044
vt 0.510642 0.811693
vt 0.530369 0.864000
vt 0.489745 0.864000
vt 0.531388 0.905957
vt 0.490783 0.903814
vt 0.551866 0.000000
vt 0.540000 0.055843
vt 0.550449 0.108000
vt 0.550471 0.144000
vt 0.550532 0.252000
vt 0.550453 0.635084
vt 0.558647 0.812643
vt 0.570376 0.055695
vt 0.570446 0.198257
vt 0.572967 0.298829
vt 0.569382 0.356607
vt 0.568935 0.426139
vt 0.571864 0.515956
vt 0.567844 0.691860
vt 0.572815 0.745967
vt 0.579032 0.864000
vt 0.569638 0.902986
vt 0.591565 0.000000
vt 0.580000 0.127262
vt 0.590401 0.252000
vt 0.597446 0.813751
vt 0.610279 0.055489
vt 0.610328 0.127130
vt 0.600000 0.198427
vt 0.610485 0.304703
vt 0.610524 0.375353
vt 0.610337 0.445448
vt 0.609236 0.541081
vt 0.610326 0.670061
vt 0.609903 0.739865
vt 0.600000 0.905240
vt 0.631285 0.000000
vt 0.634032 0.192812
vt 0.620000 0.233870
vt 0.628868 0.846418
vt 0.629433 0.905559
vt 0.650129 0.055095
vt 0.650125 0.126803
vt 0.650073 0.269194
vt 0.640000 0.340041
vt 0.643525 0.437351
vt 0.640000 0.628323
vt 0.651722 0.689698
vt 0.661608 0.761590
vt 0.671192 0.000000
vt 0.669765 0.197836
vt 0.669500 0.339923
vt 0.669217 0.410630
vt 0.676468 0.834948
vt 0.668730 0.906315
vt 0.680000 0.095345
vt 0.688472 0.268411
vt 0.680000 0.508643
vt 0.700000 -0.000247
vt 0.716580 0.219872
vt 0.708368 0.370522
vt 0.712914 0.530799
vt 0.703698 0.682610
vt 0.709713 0.903361
vt 0.731666 0.000000
vt 0.732994 0.117252
vt 0.749764 0.056945
vt 0.745194 0.233957
vt 0.740000 0.369314
vt 0.746342 0.624954
vt 0.752087 0.726720
vt 0.752359 0.799612
vt 0.772171 0.000000
vt 0.769536 0.108000
vt 0.769831 0.163642
vt 0.769447 0.304891
vt 0.770391 0.394686
vt 0.761841 0.579298
vt 0.787868 0.864000
vt 0.769689 0.907746
vt 0.745287 0.912868
vt 0.790056 0.056593
vt 0.787236 0.240730
vt 0.794793 0.556444
vt 0.789748 0.669574
vt 0.789724 0.740953
vt 0.789676 0.812879
vt 0.812320 0.000000
vt 0.809698 0.127369
vt 0.809541 0.198279
vt 0.804763 0.313204
vt 0.810168 0.423512
vt 0.821724 0.633356
vt 0.809579 0.905928
vt 0.829837 0.036000
vt 0.829792 0.072000
vt 0.829434 0.252000
vt 0.831396 0.349344
vt 0.829736 0.565602
vt 0.830045 0.704655
vt 0.830148 0.776066
vt 0.850619 0.828000
vt 0.851975 0.000000
vt 0.849708 0.108000
vt 0.849648 0.144000
vt 0.849583 0.180000
vt 0.849513 0.216000
vt 0.849373 0.288000
vt 0.849395 0.447506
vt 0.861875 0.633621
vt 0.870391 0.864000
vt 0.849968 0.916064
vt 0.869750 0.036000
vt 0.869704 0.072000
vt 0.869431 0.252000
vt 0.869335 0.324000
vt 0.869273 0.374111
vt 0.869782 0.566193
vt 0.870041 0.704464
vt 0.890285 0.756000
vt 0.890423 0.792000
vt 0.878702 0.909532
vt 0.891356 0.000000
vt 0.889591 0.108000
vt 0.889548 0.144000
vt 0.889502 0.180000
vt 0.889455 0.216000
vt 0.889376 0.288000
vt 0.889473 0.447440
vt 0.901871 0.633691
vt 0.909584 0.036000
vt 0.909554 0.072000
vt 0.909391 0.252000
vt 0.909357 0.324000
vt 0.909346 0.374129
vt 0.909772 0.566612
vt 0.909924 0.704347
vt 0.929626 0.828000
vt 0.901071 0.909820
vt 0.930695 0.000000
vt 0.929458 0.108000
vt 0.929435 0.144000
vt 0.929410 0.180000
vt 0.929387 0.216000
vt 0.929359 0.288000
vt 0.929543 0.447348
vt 0.941848 0.633724
vt 0.949089 0.864000
vt 0.940000 0.036000
vt 0.949411 0.072000
vt 0.958575 0.252000
vt 0.958582 0.324000
vt 0.949382 0.374126
vt 0.949716 0.566912
vt 0.949800 0.704251
vt 0.949794 0.756000
vt 0.949762 0.792000
vt 0.967700 0.909808
vt 0.970143 0.000000
vt 0.969357 0.036000
vt 0.969356 0.108000
vt 0.969350 0.144000
vt 0.969343 0.180000
vt 0.969337 0.216000
vt 0.969343 0.288000
vt 0.967476 0.445281
vt 0.975087 0.630715
vt 0.980000 0.072000
vt 0.999941 0.371559
vt 1.000245 0.565025
vt 1.000032 0.684000
vt 1.000063 0.720000
vt 1.000096 0.756000
vt 1.000134 0.792000
vt 1.000122 0.838902
vt 1.000181 0.906990
vt 1.000000 0.052834
vt 1.000000 0.108000
vt 1.000000 0.159562
vt 1.000000 0.230288
vt 1.000000 0.301009
vt 1.000000 0.445585
vt 1.000000 0.631518
vt 0.020000 0.036000
vt 0.000000 0.036000
vt 0.020000 0.072000
vt 0.000000 0.072000
vt 0.019973 0.108000
vt 0.000000 0.108000
vt 0.019978 0.144000
vt 0.019982 0.180000
vt 0.020000 0.216000
vt 0.000000 0.216000
vt 0.020000 0.252000
vt 0.000000 0.252000
vt 0.020000 0.288000
vt 0.020000 0.324000
vt 0.000000 0.324000
vt 0.020000 0.396000
vt 0.000000 0.396000
vt 0.020000 0.432000
vt 0.000000 0.432000
vt 0.020000 0.468000
vt 0.000000 0.468000
vt 0.020000 0.504000
vt 0.000000 0.504000
vt 0.020000 0.576000
vt 0.000000 0.576000
vt 0.020000 0.612000
vt 0.000000 0.612000
vt 0.020000 0.648000
vt 0.000000 0.648000
vt 0.020000 0.684000
vt 0.000000 0.684000
vt 0.020000 0.756000
vt 0.000000 0.756000
vt 0.020000 0.792000
vt 0.000000 0.792000
vt 0.020000 0.828000
vt 0.000000 0.828000
vt 0.020000 0.864000
vt 0.000000 0.864000
vt 0.050570 0.000000
vt 0.050395 0.036000
vt 0.050427 0.072000
vt 0.050496 0.216000
vt 0.050514 0.252000
vt 0.050540 0.288000
vt 0.050575 0.324000
vt 0.050632 0.374221
vt 0.050604 0.442059
vt 0.050666 0.562719
vt 0.050839 0.633536
vt 0.050695 0.704090
vt 0.050548 0.756000
vt 0.060571 0.792000
vt 0.050321 0.828000
vt 0.070000 0.864000
vt 0.050147 0.910035
vt 0.070400 0.108000
vt 0.070425 0.144000
vt 0.070447 0.180000
vt 0.090171 0.000000
vt 0.090259 0.036000
vt 0.090306 0.072000
vt 0.090434 0.216000
vt 0.090467 0.252000
vt 0.090528 0.303885
vt 0.090628 0.374208
vt 0.090688 0.442157
vt 0.090458 0.560817
vt 0.090383 0.633939
vt 0.090400 0.684000
vt 0.080000 0.739652
vt 0.089948 0.828000
vt 0.088763 0.903032
vt 0.110285 0.108000
vt 0.110322 0.144000
vt 0.110357 0.180000
vt 0.109951 0.739424
vt 0.109795 0.792000
vt 0.129933 0.000000
vt 0.130131 0.036000
vt 0.130183 0.072000
vt 0.130349 0.216000
vt 0.130397 0.252000
vt 0.130475 0.303893
vt 0.130590 0.374164
vt 0.132367 0.448808
vt 0.130231 0.599220
vt 0.130059 0.668343
vt 0.129560 0.828000
vt 0.129611 0.864000
vt 0.123120 0.913902
vt 0.150175 0.108000
vt 0.150214 0.144000
vt 0.150254 0.180000
vt 0.149497 0.739331
vt 0.149370 0.792000
vt 0.170109 0.000000
vt 0.170059 0.036000
vt 0.170097 0.072000
vt 0.170264 0.233284
vt 0.166826 0.300230
vt 0.160000 0.374086
vt 0.171972 0.422039
vt 0.161254 0.578660
vt 0.160000 0.668531
vt 0.169261 0.846612
vt 0.168784 0.905327
vt 0.190096 0.108000
vt 0.190129 0.162493
vt 0.190194 0.338881
vt 0.189701 0.633084
vt 0.189195 0.703698
vt 0.197450 0.775001
vt 0.210821 0.000000
vt 0.210020 0.055395
vt 0.212978 0.204006
vt 0.210040 0.268277
vt 0.209875 0.407953
vt 0.213643 0.534879
vt 0.208974 0.846985
vt 0.191288 0.914815
vt 0.225257 0.121695
vt 0.228319 0.323604
vt 0.231209 0.652178
vt 0.230019 0.721146
vt 0.229641 0.907599
vt 0.265863 -0.000016
vt 0.250063 0.054585
vt 0.250486 0.151979
vt 0.240000 0.232398
vt 0.249456 0.387895
vt 0.249041 0.572902
vt 0.248484 0.829942
vt 0.260000 0.261058
vt 0.266856 0.703906
vt 0.270029 0.907064
vt 0.280000 0.122309
vt 0.287270 0.252014
vt 0.281476 0.409284
vt 0.293245 0.572393
vt 0.310159 0.903656
vt 0.312164 0.000000
vt 0.300000 0.098540
vt 0.312055 0.795695
vt 0.320000 0.101678
vt 0.320000 0.240112
vt 0.320000 0.375642
vt 0.334988 0.485532
vt 0.320000 0.714150
vt 0.349213 0.903271
vt 0.351985 0.000000
vt 0.349741 0.057533
vt 0.349547 0.129109
vt 0.349392 0.200341
vt 0.349280 0.252000
vt 0.349196 0.306596
vt 0.349118 0.377172
vt 0.349994 0.713415
vt 0.360352 0.837166
vt 0.369233 0.446888
vt 0.369912 0.521130
vt 0.391677 0.000000
vt 0.389531 0.056904
vt 0.389431 0.128449
vt 0.389511 0.180000
vt 0.389297 0.235095
vt 0.389209 0.305800
vt 0.389176 0.376367
vt 0.395386 0.658850
vt 0.390157 0.740792
vt 0.390314 0.811534
vt 0.390489 0.905461
vt 0.409438 0.467430
vt 0.430362 0.864000
vt 0.431380 0.000000
vt 0.420000 0.056596
vt 0.429299 0.128061
vt 0.429430 0.180000
vt 0.429382 0.234608
vt 0.429320 0.305247
vt 0.420000 0.375977
vt 0.423958 0.650898
vt 0.437405 0.749699
vt 0.430145 0.811654
vt 0.429868 0.911611
vt 0.440000 0.056437
vt 0.445373 0.380641
vt 0.449530 0.466190
vt 0.450013 0.705962
vt 0.450023 0.902897
vt 0.471135 0.000000
vt 0.460000 0.056297
vt 0.460000 0.127837
vt 0.469359 0.198883
vt 0.469348 0.269585
vt 0.469360 0.340153
vt 0.470213 0.632872
vt 0.469867 0.811688
vt 0.480000 0.056173
vt 0.480000 0.127716
vt 0.520180 0.923673
vt 0.544096 0.944682
vt 0.443567 0.936749
vt 0.502206 0.937542
vt 0.511166 0.960228
vt 0.529350 0.972181
vt 0.500000 0.972115
vt 0.529522 0.988571
vt 0.500000 0.988575
vt 0.520000 1.000000
vt 0.500000 1.000000
vt 0.549644 0.960762
vt 0.540000 1.000000
vt 0.569608 0.922459
vt 0.568570 0.973519
vt 0.568791 0.988634
vt 0.567846 1.000000
vt 0.590054 0.943386
vt 0.585508 0.961433
vt 0.618736 0.922159
vt 0.619540 0.935373
vt 0.608660 0.971115
vt 0.603179 0.988531
vt 0.607248 1.000000
vt 0.637478 0.962150
vt 0.636785 0.988878
vt 0.691770 0.940514
vt 0.648700 0.973036
vt 0.646837 1.000000
vt 0.681355 0.923611
vt 0.703296 0.955429
vt 0.677193 0.988965
vt 0.689350 0.965760
vt 0.698741 0.981592
vt 0.701131 0.999804
vt 0.724903 0.922209
vt 0.749309 0.966671
vt 0.739044 0.981595
vt 0.756804 0.937803
vt 0.810253 0.945816
vt 0.774180 0.923124
vt 0.778429 0.981243
vt 0.798533 0.999929
vt 0.802039 0.934860
vt 0.811386 0.959606
vt 0.810597 0.918878
vt 0.810237 0.973281
vt 0.820148 0.989802
vt 0.832823 0.931886
vt 0.880039 0.946306
vt 0.856814 0.936404
vt 0.882308 0.967825
vt 0.854145 0.975605
vt 0.854847 1.000133
vt 0.890751 0.928015
vt 0.892790 0.939634
vt 0.892251 0.999960
vt 0.918307 0.941765
vt 0.930246 0.989552
vt 0.930172 0.911001
vt 0.930354 0.928294
vt 0.952733 0.952680
vt 0.947246 0.973035
vt 0.920000 1.000000
vt 0.951024 0.940785
vt 0.940000 1.000000
vt 0.969940 0.928387
vt 0.960000 1.000000
vt 0.980000 0.942277
vt 0.997699 0.970981
vt 0.980000 1.000000
vt 1.000000 0.936847
vt 1.000000 0.945470
vt 0.020000 0.904000
vt 0.020000 0.908000
vt 0.000000 0.908000
vt 0.020000 0.912000
vt 0.000000 0.912000
vt 0.020000 0.916000
vt 0.000000 0.916000
vt 0.020000 0.924000
vt 0.000000 0.924000
vt 0.020000 0.928000
vt 0.020000 0.932000
vt 0.000000 0.932000
vt 0.020000 0.936000
vt 0.000000 0.936000
vt 0.020000 0.944000
vt 0.000000 0.944000
vt 0.020000 0.948000
vt 0.000000 0.948000
vt 0.020000 0.952000
vt 0.019990 0.955999
vt 0.000000 0.956000
vt 0.020000 0.964000
vt 0.000000 0.964000
vt 0.020000 0.968000
vt 0.000000 0.968000
vt 0.020000 0.972000
vt 0.000000 0.972000
vt 0.020000 0.976000
vt 0.020000 0.984000
vt 0.000000 0.984000
vt 0.020000 0.988000
vt 0.000000 0.988000
vt 0.020000 0.992000
vt 0.000000 0.992000
vt 0.020000 0.996000
vt 0.000000 0.996000
vt 0.050198 0.928459
vt 0.049286 0.939144
vt 0.046545 0.945871
vt 0.057123 0.965389
vt 0.049851 0.982673
vt 0.040000 0.999999
vt 0.097915 0.942463
vt 0.060000 1.000000
vt 0.089910 0.919598
vt 0.087380 0.935667
vt 0.120879 0.966001
vt 0.109275 0.981381
vt 0.088104 0.999958
vt 0.128498 0.933288
vt 0.127058 0.999984
vt 0.149511 0.919315
vt 0.142072 0.947146
vt 0.194874 0.956799
vt 0.176883 0.930898
vt 0.210040 0.971881
vt 0.170160 0.981331
vt 0.166374 0.999963
vt 0.199276 0.937511
vt 0.221656 0.943309
vt 0.218659 0.988663
vt 0.204842 0.999951
vt 0.229183 0.922772
vt 0.258253 0.935421
vt 0.274784 1.000000
vt 0.269579 0.922572
vt 0.295173 0.958899
vt 0.271111 0.972875
vt 0.270687 0.989189
vt 0.303162 0.940079
vt 0.318207 0.922484
vt 0.311496 0.972779
vt 0.311014 0.989039
vt 0.332898 1.000000
vt 0.376305 0.938700
vt 0.363490 0.960694
vt 0.351836 0.972656
vt 0.351265 0.988890
vt 0.370420 0.922322
vt 0.395980 0.954518
vt 0.372607 1.000000
vt 0.392037 0.972486
vt 0.391225 0.988808
vt 0.410438 0.922317
vt 0.412303 1.000000
vt 0.432756 0.960711
vt 0.431725 0.972379
vt 0.430870 0.988693
vt 0.440000 1.000000
vt 0.469779 0.922584
vt 0.471767 0.960929
vt 0.470577 0.972195
vt 0.469967 0.988609
vt 0.460000 1.000000
vt 0.480000 1.000000
vt 1.000000 0.974246
vt 0.980000 0.960000
vt 1.000022 0.894074
vt 0.960072 0.465068
vt 1.000103 0.274540
vt 0.999975 0.505293
vt 0.960000 0.960000
vt 0.807920 0.920000
vt 0.888435 0.854269
vt 1.000022 0.813103
vt 0.888564 0.800000
vt 0.928867 0.760000
vt 1.000014 0.734036
vt 0.949630 0.698418
vt 1.000002 0.662761
vt 0.950063 0.626134
vt 0.999989 0.586872
vt 0.950125 0.547161
vt 0.949965 0.274782
vt 1.000124 0.172835
vt 0.909907 0.120000
vt 0.999997 0.096651
vt 0.910302 0.080000
vt 0.910694 0.040000
vt 0.999995 0.040000
vt 0.950018 0.000000
vt 0.999979 0.000000
vt 0.940000 0.960000
vt 0.920000 0.960000
vt 0.889165 0.720000
vt 0.889638 0.680000
vt 0.890122 0.626145
vt 0.890456 0.547164
vt 0.890198 0.465198
vt 0.889862 0.275727
vt 0.889813 0.174314
vt 0.910035 0.000000
vt 0.900000 0.960000
vt 0.880000 0.960000
vt 0.900000 1.000000
vt 0.848951 0.760000
vt 0.870042 0.000000
vt 0.860000 0.960000
vt 0.880000 1.000000
vt 0.840000 0.960000
vt 0.860000 1.000000
vt 0.809193 0.720000
vt 0.809670 0.680000
vt 0.810155 0.626151
vt 0.810493 0.547165
vt 0.810218 0.465165
vt 0.809887 0.275635
vt 0.809836 0.174300
vt 0.770041 0.120000
vt 0.770447 0.080000
vt 0.770845 0.040000
vt 0.830041 0.000000
vt 0.820000 0.960000
vt 0.840000 1.000000
vt 0.800000 0.960000
vt 0.820000 1.000000
vt 0.728481 0.854285
vt 0.728618 0.800000
vt 0.768936 0.760000
vt 0.770056 0.000000
vt 0.780000 0.960000
vt 0.800000 1.000000
vt 0.760000 0.960000
vt 0.780000 1.000000
vt 0.729159 0.720000
vt 0.729639 0.680000
vt 0.730125 0.626153
vt 0.730458 0.547163
vt 0.730168 0.465155
vt 0.729838 0.275613
vt 0.729787 0.174297
vt 0.740000 0.960000
vt 0.760000 1.000000
vt 0.720000 0.960000
vt 0.740000 1.000000
vt 0.688898 0.760000
vt 0.690002 0.000000
vt 0.700000 0.960000
vt 0.720000 1.000000
vt 0.680000 0.960000
vt 0.700000 1.000000
vt 0.649150 0.720000
vt 0.649632 0.680000
vt 0.650116 0.626151
vt 0.650440 0.547160
vt 0.650142 0.465172
vt 0.649806 0.275665
vt 0.649758 0.174306
vt 0.649953 0.120000
vt 0.610387 0.080000
vt 0.610760 0.040000
vt 0.660000 0.960000
vt 0.680000 1.000000
vt 0.640000 0.960000
vt 0.660000 1.000000
vt 0.477710 0.920000
vt 0.558785 0.880000
vt 0.558939 0.840000
vt 0.608895 0.773669
vt 0.630006 0.000000
vt 0.620000 0.960000
vt 0.640000 1.000000
vt 0.600000 0.960000
vt 0.620000 1.000000
vt 0.559249 0.720000
vt 0.559761 0.680000
vt 0.570202 0.626148
vt 0.570516 0.547158
vt 0.570224 0.465214
vt 0.570851 0.304390
vt 0.569802 0.214037
vt 0.569955 0.135407
vt 0.590014 0.000000
vt 0.580000 0.960000
vt 0.600000 1.000000
vt 0.560000 0.960000
vt 0.580000 1.000000
vt 0.518945 0.800000
vt 0.519045 0.760000
vt 0.550030 0.000000
vt 0.540000 0.960000
vt 0.560000 1.000000
vt 0.520000 0.960000
vt 0.510131 0.626132
vt 0.480228 0.547208
vt 0.480025 0.465142
vt 0.479815 0.253621
vt 0.479595 0.174398
vt 0.479823 0.120000
vt 0.480198 0.080000
vt 0.480569 0.040000
vt 0.510064 0.000000
vt 0.500000 0.960000
vt 0.469014 0.720000
vt 0.469488 0.680000
vt 0.470216 0.328984
vt 0.480000 0.960000
vt 0.460041 0.626126
vt 0.459986 0.000000
vt 0.460000 0.960000
vt 0.388435 0.854269
vt 0.388564 0.800000
vt 0.428867 0.760000
vt 0.440000 0.960000
vt 0.420000 0.960000
vt 0.389165 0.720000
vt 0.389638 0.680000
vt 0.390122 0.626145
vt 0.390456 0.547164
vt 0.390198 0.465198
vt 0.389862 0.275727
vt 0.389813 0.174314
vt 0.390020 0.120000
vt 0.390369 0.080000
vt 0.390714 0.040000
vt 0.410035 0.000000
vt 0.400000 0.960000
vt 0.420000 1.000000
vt 0.380000 0.960000
vt 0.400000 1.000000
vt 0.348952 0.760000
vt 0.370042 0.000000
vt 0.360000 0.960000
vt 0.380000 1.000000
vt 0.340000 0.960000
vt 0.360000 1.000000
vt 0.309193 0.720000
vt 0.309670 0.680000
vt 0.310155 0.626151
vt 0.310493 0.547165
vt 0.310218 0.465165
vt 0.309887 0.275636
vt 0.309836 0.174300
vt 0.270041 0.120000
vt 0.270447 0.080000
vt 0.270845 0.040000
vt 0.330041 0.000000
vt 0.320000 0.960000
vt 0.340000 1.000000
vt 0.300000 0.960000
vt 0.320000 1.000000
vt 0.188227 0.920000
vt 0.168438 0.880000
vt 0.228536 0.840000
vt 0.228618 0.800000
vt 0.268936 0.760000
vt 0.270055 0.000000
vt 0.280000 0.960000
vt 0.300000 1.000000
vt 0.260000 0.960000
vt 0.280000 1.000000
vt 0.229160 0.720000
vt 0.229639 0.680000
vt 0.230125 0.626152
vt 0.230458 0.547163
vt 0.230168 0.465155
vt 0.229838 0.275613
vt 0.229787 0.174297
vt 0.240000 0.960000
vt 0.260000 1.000000
vt 0.220000 0.960000
vt 0.240000 1.000000
vt 0.188898 0.760000
vt 0.190002 0.000000
vt 0.200000 0.960000
vt 0.220000 1.000000
vt 0.180000 0.960000
vt 0.200000 1.000000
vt 0.149150 0.720000
vt 0.149632 0.680000
vt 0.150116 0.626151
vt 0.150440 0.547160
vt 0.150142 0.465172
vt 0.149806 0.275666
vt 0.149758 0.174306
vt 0.110003 0.120000
vt 0.110387 0.080000
vt 0.110760 0.040000
vt 0.160000 0.960000
vt 0.180000 1.000000
vt 0.140000 0.960000
vt 0.160000 1.000000
vt 0.088813 0.813806
vt 0.088951 0.760000
vt 0.130006 0.000000
vt 0.120000 0.960000
vt 0.140000 1.000000
vt 0.100000 0.960000
vt 0.120000 1.000000
vt 0.069238 0.720000
vt 0.069720 0.680000
vt 0.070202 0.626148
vt 0.060551 0.547208
vt 0.070224 0.465214
vt 0.069927 0.275704
vt 0.069830 0.174321
vt 0.090013 0.000000
vt 0.080000 0.960000
vt 0.100000 1.000000
vt 0.060000 0.960000
vt 0.080000 1.000000
vt -0.000115 0.920000
vt 0.050030 0.000000
vt 0.040000 0.960000
vt 0.000000 0.855375
vt 0.000002 0.774420
vt 0.000003 0.720000
vt 0.000001 0.663692
vt -0.000006 0.583852
vt -0.000011 0.466326
vt 0.000263 0.278404
vt 0.000009 0.175747
vt -0.000003 0.099554
vt -0.000013 0.040000
vt 0.000021 0.000000
vt 1.000000 0.960000
vt 0.980005 0.920000
vt 1.000000 0.920000
vt 0.980010 0.880000
vt 1.000000 0.880000
vt 0.980000 0.840000
vt 1.000000 0.840000
vt 0.980000 0.800000
vt 1.000000 0.800000
vt 0.979967 0.760000
vt 1.000000 0.760000
vt 0.979903 0.720000
vt 0.980000 0.720000
vt 1.000000 0.720000
vt 0.979833 0.680000
vt 0.980000 0.680000
vt 1.000000 0.680000
vt 0.979846 0.640000
vt 0.980000 0.640000
vt 1.000000 0.640000
vt 0.979921 0.600000
vt 0.980000 0.600000
vt 1.000000 0.600000
vt 0.979952 0.559979
vt 1.000000 0.560000
vt 0.980000 0.520000
vt 1.000000 0.520000
vt 0.980000 0.480000
vt 1.000000 0.480000
vt 0.980000 0.440000
vt 1.000000 0.440000
vt 0.980000 0.400000
vt 1.000000 0.400000
vt 0.980012 0.360012
vt 1.000000 0.360000
vt 0.980000 0.320000
vt 1.000000 0.320000
vt 0.980000 0.280000
vt 1.000000 0.280000
vt 0.980000 0.240000
vt 1.000000 0.240000
vt 0.980082 0.200000
vt 0.980000 0.200000
vt 1.000000 0.200000
vt 0.980101 0.160000
vt 0.980000 0.160000
vt 1.000000 0.160000
vt 0.980113 0.120000
vt 0.980000 0.120000
vt 1.000000 0.120000
vt 0.980107 0.080000
vt 0.980000 0.080000
vt 1.000000 0.080000
vt 0.980081 0.040000
vt 0.980000 0.040000
vt 1.000000 0.040000
vt 0.888489 0.840000
vt 0.950115 0.465228
vt 0.909843 0.253745
vt 0.888925 0.760000
vt 0.890045 0.329451
vt 0.890021 0.120000
vt 0.890369 0.080000
vt 0.890714 0.040000
vt 0.910036 0.000000
vt 0.808951 0.760000
vt 0.809887 0.275636
vt 0.809835 0.174300
vt 0.770040 0.120000
vt 0.638160 0.920000
vt 0.728482 0.854285
vt 0.770055 0.000000
vt 0.728914 0.760000
vt 0.729160 0.720000
vt 0.648900 0.760000
vt 0.650116 0.626150
vt 0.650142 0.465173
vt 0.559025 0.800000
vt 0.558981 0.760000
vt 0.590013 0.000000
vt 0.480025 0.465143
vt 0.448503 0.760000
vt 0.307920 0.920000
vt 0.309669 0.680000
vt 0.228481 0.854285
vt 0.229159 0.720000
vt 0.230125 0.626153
vt 0.229838 0.275614
vt 0.149806 0.275665
vt 0.019997 0.920000
vt 0.019993 0.880000
vt 0.108808 0.813899
vt 0.108927 0.760000
vt 0.069719 0.680000
vt 0.070516 0.547158
vt 0.090014 0.000000
vt 0.020003 0.840000
vt 0.020013 0.800000
vt 0.020049 0.760000
vt -0.000106 0.000000
vt 0.999990 0.937107
vt 0.921586 0.901962
vt 0.999972 0.846888
vt 0.910537 0.824049
vt 0.999544 0.687350
vt 0.921202 0.637403
vt 0.949849 0.404300
vt 1.000018 0.402583
vt 0.929533 0.295007
vt 1.000019 0.239138
vt 0.929422 0.214514
vt 0.949543 0.133312
vt 1.000016 0.130400
vt 0.949596 0.053730
vt 1.000006 0.050573
vt 0.950334 0.000000
vt 0.999997 0.000000
vt 0.890449 0.743672
vt 0.899845 0.415649
vt 0.909560 0.133314
vt 0.909613 0.053725
vt 0.910349 0.000000
vt 0.835243 0.904616
vt 0.838592 0.643579
vt 0.849628 0.321744
vt 0.849493 0.214521
vt 0.869567 0.133315
vt 0.869620 0.053719
vt 0.870358 0.000000
vt 0.770656 0.823997
vt 0.770564 0.743707
vt 0.809903 0.456736
vt 0.829566 0.133316
vt 0.829619 0.053715
vt 0.830357 0.000000
vt 0.755140 0.904566
vt 0.758471 0.643485
vt 0.769583 0.321781
vt 0.769451 0.214522
vt 0.789557 0.133315
vt 0.789610 0.053711
vt 0.790350 0.000000
vt 0.729819 0.456735
vt 0.749544 0.133315
vt 0.749598 0.053710
vt 0.750339 0.000000
vt 0.675040 0.904524
vt 0.678310 0.643315
vt 0.689512 0.321768
vt 0.689382 0.214520
vt 0.709531 0.133314
vt 0.709586 0.053711
vt 0.710330 0.000000
vt 0.610523 0.823977
vt 0.637239 0.718078
vt 0.649758 0.456737
vt 0.669522 0.133314
vt 0.669578 0.053715
vt 0.670323 0.000000
vt 0.563224 0.904728
vt 0.604216 0.393548
vt 0.609492 0.295009
vt 0.609386 0.214515
vt 0.629520 0.133314
vt 0.629577 0.053720
vt 0.630324 0.000000
vt 0.570400 0.743643
vt 0.539374 0.637869
vt 0.589527 0.133313
vt 0.589584 0.053726
vt 0.590333 0.000000
vt 0.525516 0.422683
vt 0.541463 0.263596
vt 0.539488 0.174017
vt 0.549520 0.092851
vt 0.539538 0.040000
vt 0.550349 0.000000
vt 0.480406 0.823668
vt 0.480249 0.744021
vt 0.494543 0.321137
vt 0.520000 0.092984
vt 0.510382 0.000000
vt 0.489607 0.214504
vt 0.489504 0.133308
vt 0.489559 0.053731
vt 0.420658 0.920000
vt 0.426447 0.868725
vt 0.440230 0.641522
vt 0.430094 0.404312
vt 0.429533 0.295008
vt 0.429422 0.214514
vt 0.449542 0.133312
vt 0.449596 0.053730
vt 0.450334 0.000000
vt 0.363669 0.770684
vt 0.409560 0.133314
vt 0.409613 0.053725
vt 0.410349 0.000000
vt 0.334998 0.864418
vt 0.350185 0.639537
vt 0.349760 0.402265
vt 0.349603 0.295019
vt 0.349493 0.214521
vt 0.369568 0.133315
vt 0.369620 0.053719
vt 0.370357 0.000000
vt 0.270805 0.920000
vt 0.329566 0.133316
vt 0.329619 0.053714
vt 0.330357 0.000000
vt 0.254887 0.864362
vt 0.263850 0.773300
vt 0.270122 0.639669
vt 0.269709 0.402362
vt 0.269559 0.295021
vt 0.269450 0.214522
vt 0.289557 0.133315
vt 0.289610 0.053711
vt 0.290350 0.000000
vt 0.249544 0.133315
vt 0.249598 0.053710
vt 0.250340 0.000000
vt 0.174782 0.864316
vt 0.183755 0.773251
vt 0.190041 0.639624
vt 0.189632 0.402331
vt 0.189489 0.295017
vt 0.189381 0.214520
vt 0.209531 0.133314
vt 0.209586 0.053711
vt 0.210331 0.000000
vt 0.110679 0.920000
vt 0.169522 0.133314
vt 0.169578 0.053715
vt 0.170323 0.000000
vt 0.083777 0.866372
vt 0.085818 0.775144
vt 0.090220 0.640266
vt 0.109628 0.402176
vt 0.109492 0.295009
vt 0.109385 0.214515
vt 0.129520 0.133314
vt 0.129577 0.053720
vt 0.130324 0.000000
vt 0.089527 0.133313
vt 0.089585 0.053727
vt 0.090333 0.000000
vt 0.045509 0.410065
vt 0.049677 0.241750
vt 0.049545 0.133314
vt 0.049602 0.053733
vt 0.050349 0.000000
vt -0.000035 0.906206
vt -0.000047 0.797340
vt 0.000100 0.643865
vt 0.000875 0.339072
vt 0.000005 0.217956
vt 0.000000 0.136563
vt 0.000000 0.056942
vt 0.980018 0.920000
vt 0.980012 0.880000
vt 0.980032 0.840000
vt 0.980000 0.760000
vt 0.980003 0.720000
vt 0.980000 0.560000
vt 0.980000 0.360000
vt 0.979995 0.319996
vt 0.923872 0.773305
vt 0.930133 0.639260
vt 0.930093 0.404311
vt 0.949647 0.214511
vt 0.883330 0.894028
vt 0.889587 0.295014
vt 0.889476 0.214518
vt 0.909561 0.133314
vt 0.843928 0.773331
vt 0.850185 0.639539
vt 0.859883 0.415540
vt 0.869568 0.133315
vt 0.869621 0.053719
vt 0.870357 0.000000
vt 0.770805 0.920000
vt 0.794952 0.864393
vt 0.809615 0.321768
vt 0.809481 0.214522
vt 0.829566 0.133315
vt 0.763850 0.773300
vt 0.770122 0.639671
vt 0.769864 0.456735
vt 0.714824 0.864334
vt 0.729545 0.321781
vt 0.729413 0.214521
vt 0.750340 0.000000
vt 0.683755 0.773251
vt 0.690040 0.639625
vt 0.689779 0.456738
vt 0.643159 0.893938
vt 0.649499 0.321745
vt 0.649369 0.214517
vt 0.567917 0.758359
vt 0.610041 0.639408
vt 0.609766 0.456736
vt 0.557323 0.906871
vt 0.589740 0.322425
vt 0.589630 0.214513
vt 0.589527 0.133314
vt 0.589585 0.053726
vt 0.590332 0.000000
vt 0.500592 0.824019
vt 0.530214 0.639067
vt 0.520076 0.403842
vt 0.519626 0.295029
vt 0.539547 0.214557
vt 0.539424 0.133361
vt 0.549602 0.053733
vt 0.455713 0.904828
vt 0.520000 0.053841
vt 0.489608 0.214504
vt 0.428888 0.755911
vt 0.431061 0.637774
vt 0.430093 0.404311
vt 0.429533 0.295007
vt 0.449543 0.133313
vt 0.374487 0.886722
vt 0.409561 0.133314
vt 0.350500 0.783792
vt 0.338592 0.643580
vt 0.349760 0.402264
vt 0.349603 0.295018
vt 0.369568 0.133316
vt 0.370358 0.000000
vt 0.270714 0.864282
vt 0.286046 0.686700
vt 0.329619 0.053715
vt 0.230697 0.920000
vt 0.230493 0.783802
vt 0.269710 0.402361
vt 0.269450 0.214523
vt 0.210146 0.669686
vt 0.189632 0.402328
vt 0.210329 0.000000
vt 0.150459 0.864276
vt 0.130100 0.669709
vt 0.169578 0.053714
vt 0.085764 0.885479
vt 0.103775 0.773236
vt 0.109629 0.402180
vt 0.109492 0.295008
vt 0.050638 0.411680
vt 0.089527 0.133314
vt 0.089585 0.053726
vt 0.090332 0.000000
vt 0.019982 0.920000
vt 0.019994 0.800000
vt 0.019995 0.760000
vt 0.019999 0.639999
vt 0.020009 0.280005
vt 0.049648 0.214511
vt 0.049603 0.053733
s 1
usemtl Default
f 1/1/1 7/2/2 8/3/3
f 1/1/1 8/3/3 2/4/4
f 2/4/4 8/3/3 9/5/5
f 9/5/5 3/6/6 2/4/4
f 3/6/6 9/5/5 10/7/7
f 10/7/7 4/8/8 3/6/6
f 11/9/9 6/10/10 5/11/11
f 6/10/10 11/9/9 12/12/12
f 7/2/2 13/13/13 14/14/14
f 14/14/14 8/3/3 7/2/2
f 8/3/3 14/14/14 15/15/15
f 15/15/15 9/5/5 8/3/3
f 9/5/5 15/15/15 16/16/16
f 9/5/5 16/16/16 10/7/7
f 17/17/17 4/8/8 10/7/7
f 4/8/8 17/17/17 18/18/18
f 18/18/18 5/11/11 4/8/8
f 5/11/11 18/18/18 19/19/19
f 19/19/19 11/9/9 5/11/11
f 11/9/9 19/19/19 20/20/20
f 20/20/20 12/12/12 11/9/9
f 13/13/13 21/21/21 14/14/14
f 21/21/21 22/22/22 23/23/23
f 23/23/23 14/14/14 21/21/21
f 14/14/14 23/23/23 24/24/24
f 24/24/24 15/15/15 14/14/14
f 15/15/15 24/24/24 25/25/25
f 25/25/25 16/16/16 15/15/15
f 16/16/16 25/25/25 26/26/26
f 26/26/26 10/7/7 16/16/16
f 10/7/7 26/26/26 17/17/17
f 27/27/27 18/18/18 17/17/17
f 18/18/18 27/27/27 28/28/28
f 28/28/28 19/19/19 18/18/18
f 19/19/19 28/28/28 29/29/29
f 29/29/29 20/20/20 19/19/19
f 22/22/22 30/30/30 31/31/31
f 31/31/31 23/23/23 22/22/22
f 23/23/23 31/31/31 32/32/32
f 32/32/32 24/24/24 23/23/23
f 24/24/24 32/32/32 33/33/33
f 33/33/33 25/25/25 24/24/24
f 25/25/25 33/33/33 34/34/34
f 34/34/34 26/26/26 25/25/25
f 26/26/26 34/34/34 35/35/35
f 35/35/35 17/17/17 26/26/26
f 17/17/17 35/35/35 36/36/36
f 36/36/36 27/27/27 17/17/17
f 27/27/27 36/36/36 37/37/37
f 37/37/37 28/28/28 27/27/27
f 28/28/28 37/37/37 38/38/38
f 38/38/38 29/29/29 28/28/28
f 30/30/30 39/39/39 40/40/40
f 40/40/40 31/31/31 30/30/30
f 31/31/31 40/40/40 41/41/41
f 41/41/41 32/32/32 31/31/31
f 32/32/32 41/41/41 42/42/42
f 42/42/42 33/33/33 32/32/32
f 33/33/33 42/42/42 43/43/43
f 43/43/43 34/34/34 33/33/33
f 34/34/34 43/43/43 35/35/35
f 44/44/44 36/36/36 35/35/35
f 36/36/36 44/44/44 45/45/45
f 45/45/45 37/37/37 36/36/36
f 37/37/37 45/45/45 46/46/46
f 46/46/46 38/38/38 37/37/37
f 39/39/39 47/47/47 48/48/48
f 48/48/48 40/40/40 39/39/39
f 40/40/40 48/48/48 49/49/49
f 49/49/49 41/41/41 40/40/40
f 41/41/41 49/49/49 50/50/50
f 50/50/50 42/42/42 41/41/41
f 42/42/42 50/50/50 51/51/51
f 51/51/51 43/43/43 42/42/42
f 43/43/43 51/51/51 52/52/52
f 52/52/52 35/35/35 43/43/43
f 35/35/35 52/52/52 53/53/53
f 53/53/53 44/44/44 35/35/35
f 44/44/44 53/53/53 54/54/54
f 54/54/54 45/45/45 44/44/44
f 45/45/45 54/54/54 55/55/55
f 55/55/55 46/46/46 45/45/45
f 47/47/47 56/56/56 57/57/57
f 57/57/57 48/48/48 47/47/47
f 48/48/48 57/57/57 58/58/58
f 58/58/58 49/49/49 48/48/48
f 49/49/49 58/58/58 59/59/59
f 59/59/59 50/50/50 49/49/49
f 50/50/50 59/59/59 60/60/60
f 60/60/60 51/51/51 50/50/50
f 51/51/51 60/60/60 52/52/52
f 61/61/61 53/53/53 52/52/52
f 53/53/53 61/61/61 62/62/62
f 62/62/62 54/54/54 53/53/53
f 54/54/54 62/62/62 63/63/63
f 63/63/63 55/55/55 54/54/54
f 56/56/56 64/64/64 65/65/65
f 65/65/65 57/57/57 56/56/56
f 57/57/57 65/65/65 66/66/66
f 66/66/66 58/58/58 57/57/57
f 58/58/58 66/66/66 67/67/67
f 67/67/67 59/59/59 58/58/58
f 59/59/59 67/67/67 68/68/68
f 68/68/68 60/60/60 59/59/59
f 60/60/60 68/68/68 69/69/69
f 69/69/69 52/52/52 60/60/60
f 52/52/52 69/69/69 70/70/70
f 70/70/70 61/61/61 52/52/52
f 61/61/61 70/70/70 71/71/71
f 71/71/71 62/62/62 61/61/61
f 62/62/62 71/71/71 72/72/72
f 72/72/72 63/63/63 62/62/62
f 64/64/64 73/73/73 74/74/74
f 74/74/74 65/65/65 64/64/64
f 65/65/65 74/74/74 75/75/75
f 75/75/75 66/66/66 65/65/65
f 66/66/66 75/75/75 76/76/76
f 76/76/76 67/67/67 66/66/66
f 67/67/67 76/76/76 77/77/77
f 77/77/77 68/68/68 67/67/67
f 68/68/68 77/77/77 69/69/69
f 78/78/78 70/70/70 69/69/69
f 70/70/70 78/78/78 79/79/79
f 79/79/79 71/71/71 70/70/70
f 71/71/71 79/79/79 80/80/80
f 80/80/80 72/72/72 71/71/71
f 73/73/73 81/81/81 82/82/82
f 82/82/82 74/74/74 73/73/73
f 74/74/74 82/82/82 83/83/83
f 83/83/83 75/75/75 74/74/74
f 75/75/75 83/83/83 84/84/84
f 84/84/84 76/76/76 75/75/75
f 76/76/76 84/84/84 85/85/85
f 85/85/85 77/77/77 76/76/76
f 77/77/77 85/85/85 86/86/86
f 86/86/86 69/69/69 77/77/77
f 69/69/69 86/86/86 87/87/87
f 87/87/87 78/78/78 69/69/69
f 78/78/78 87/87/87 88/88/88
f 88/88/88 79/79/79 78/78/78
f 79/79/79 88/88/88 89/89/89
f 89/89/89 80/80/80 79/79/79
f 81/81/81 90/90/90 91/91/91
f 91/91/91 82/82/82 81/81/81
f 82/82/82 91/91/91 92/92/92
f 92/92/92 83/83/83 82/82/82
f 83/83/83 92/92/92 93/93/93
f 93/93/93 84/84/84 83/83/83
f 84/84/84 93/93/93 94/94/94
f 94/94/94 85/85/85 84/84/84
f 85/85/85 94/94/94 86/86/86
f 95/95/95 87/87/87 86/86/86
f 87/87/87 95/95/95 96/96/96
f 96/96/96 88/88/88 87/87/87
f 88/88/88 96/96/96 97/97/97
f 97/97/97 89/89/89 88/88/88
f 90/90/90 98/98/98 99/99/99
f 99/99/99 91/91/91 90/90/90
f 91/91/91 99/99/99 100/100/100
f 100/100/100 92/92/92 91/91/91
f 92/92/92 100/100/100 101/101/101
f 101/101/101 93/93/93 92/92/92
f 93/93/93 101/101/101 102/102/102
f 102/102/102 94/94/94 93/93/93
f 94/94/94 102/102/102 103/103/103
f 103/103/103 86/86/86 94/94/94
f 86/86/86 103/103/103 104/104/104
f 104/104/104 95/95/95 86/86/86
f 95/95/95 104/104/104 105/105/105
f 105/105/105 96/96/96 95/95/95
f 96/96/96 105/105/105 106/106/106
f 106/106/106 97/97/97 96/96/96
f 98/98/98 107/107/107 99/99/99
f 107/107/107 108/108/108 109/109/109
f 109/109/109 99/99/99 107/107/107
f 99/99/99 109/109/109 110/110/110
f 110/110/110 100/100/100 99/99/99
f 100/100/100 110/110/110 111/111/111
f 111/111/111 101/101/101 100/100/100
f 101/101/101 111/111/111 112/112/112
f 112/112/112 102/102/102 101/101/101
f 102/102/102 112/112/112 103/103/103
f 113/113/113 104/104/104 103/103/103
f 104/104/104 113/113/113 114/114/114
f 114/114/114 105/105/105 104/104/104
f 105/105/105 114/114/114 115/115/115
f 115/115/115 106/106/106 105/105/105
f 108/108/108 116/116/116 109/109/109
f 116/116/116 117/117/117 118/118/118
f 118/118/118 109/109/109 116/116/116
f 109/109/109 118/118/118 119/119/119
f 119/119/119 110/110/110 109/109/109
f 119/119/119 111/111/111 110/110/110
f 111/111/111 119/119/119 120/120/120
f 120/120/120 112/112/112 111/111/111
f 112/112/112 120/120/120 121/121/121
f 121/121/121 103/103/103 112/112/112
f 103/103/103 121/121/121 122/122/122
f 122/122/122 113/113/113 103/103/103
f 113/113/113 122/122/122 123/123/123
f 123/123/123 114/114/114 113/113/113
f 114/114/114 123/123/123 124/124/124
f 124/124/124 115/115/115 114/114/114
f 117/117/117 125/125/125 118/118/118
f 126/126/126 119/119/119 118/118/118
f 119/119/119 126/126/126 127/127/127
f 119/119/119 127/127/127 120/120/120
f 125/125/125 128/128/128 129/129/129
f 129/129/129 118/118/118 125/125/125
f 118/118/118 129/129/129 126/126/126
f 130/130/130 120/120/120 127/127/127
f 120/120/120 130/130/130 121/121/121
f 131/131/131 122/122/122 121/121/121
f 122/122/122 131/131/131 132/132/132
f 132/132/132 123/123/123 122/122/122
f 123/123/123 132/132/132 133/133/133
f 133/133/133 124/124/124 123/123/123
f 128/128/128 134/134/134 129/129/129
f 135/135/135 126/126/126 129/129/129
f 126/126/126 135/135/135 136/136/136
f 136/136/136 127/127/127 126/126/126
f 127/127/127 136/136/136 130/130/130
f 134/134/134 137/137/137 138/138/138
f 138/138/138 129/129/129 134/134/134
f 129/129/129 138/138/138 135/135/135
f 139/139/139 130/130/130 136/136/136
f 139/139/139 121/121/121 130/130/130
f 121/121/121 139/139/139 140/140/140
f 140/140/140 131/131/131 121/121/121
f 131/131/131 140/140/140 141/141/141
f 141/141/141 132/132/132 131/131/131
f 132/132/132 141/141/141 142/142/142
f 142/142/142 133/133/133 132/132/132
f 137/137/137 143/143/143 138/138/138
f 144/144/144 135/135/135 138/138/138
f 144/144/144 136/136/136 135/135/135
f 136/136/136 144/144/144 145/145/145
f 145/145/145 139/139/139 136/136/136
f 143/143/143 146/146/146 147/147/147
f 147/147/147 138/138/138 143/143/143
f 138/138/138 147/147/147 144/144/144
f 148/148/148 139/139/139 145/145/145
f 140/140/140 139/139/139 149/149/149
f 149/149/149 141/141/141 140/140/140
f 141/141/141 149/149/149 150/150/150
f 150/150/150 142/142/142 141/141/141
f 142/142/142 150/150/150 151/151/151
f 146/146/146 152/152/152 147/147/147
f 153/153/153 144/144/144 147/147/147
f 144/144/144 153/153/153 154/154/154
f 154/154/154 145/145/145 144/144/144
f 145/145/145 154/154/154 148/148/148
f 155/155/155 150/150/150 149/149/149
f 150/150/150 155/155/155 156/156/156
f 156/156/156 151/151/151 150/150/150
f 152/152/152 157/157/157 158/158/158
f 158/158/158 147/147/147 152/152/152
f 147/147/147 158/158/158 159/159/159
f 159/159/159 153/153/153 147/147/147
f 148/148/148 149/149/149 139/139/139
f 149/149/149 148/148/148 160/160/160
f 149/149/149 160/160/160 155/155/155
f 161/161/161 156/156/156 155/155/155
f 157/157/157 162/162/162 158/158/158
f 163/163/163 153/153/153 159/159/159
f 153/153/153 163/163/163 164/164/164
f 164/164/164 154/154/154 153/153/153
f 154/154/154 164/164/164 148/148/148
f 165/165/165 155/155/155 160/160/160
f 155/155/155 165/165/165 166/166/166
f 166/166/166 161/161/161 155/155/155
f 162/162/162 167/167/167 168/168/168
f 168/168/168 158/158/158 162/162/162
f 158/158/158 168/168/168 169/169/169
f 169/169/169 159/159/159 158/158/158
f 169/169/169 163/163/163 159/159/159
f 148/148/148 164/164/164 175/170/170
f 175/170/170 160/160/160 148/148/148
f 160/160/160 175/170/170 170/171/171
f 160/160/160 170/171/171 165/165/165
f 171/172/172 166/166/166 165/165/165
f 167/167/167 172/173/173 168/168/168
f 173/174/174 169/169/169 168/168/168
f 173/174/174 163/163/163 169/169/169
f 163/163/163 173/174/174 174/175/175
f 174/175/175 164/164/164 163/163/163
f 164/164/164 174/175/175 175/170/170
f 170/171/171 175/170/170 176/176/176
f 170/171/171 176/176/176 177/177/177
f 177/177/177 165/165/165 170/171/171
f 165/165/165 177/177/177 178/178/178
f 178/178/178 171/172/172 165/165/165
f 172/173/173 179/179/179 180/180/180
f 180/180/180 168/168/168 172/173/173
f 168/168/168 180/180/180 181/181/181
f 181/181/181 173/174/174 168/168/168
f 173/174/174 181/181/181 182/182/182
f 173/174/174 182/182/182 174/175/175
f 183/183/183 178/178/178 177/177/177
f 179/179/179 184/184/184 180/180/180
f 185/185/185 174/175/175 182/182/182
f 174/175/175 185/185/185 186/186/186
f 186/186/186 175/170/170 174/175/175
f 187/187/187 176/176/176 175/170/170
f 176/176/176 187/187/187 188/188/188
f 188/188/188 177/177/177 176/176/176
f 177/177/177 188/188/188 189/189/189
f 189/189/189 183/183/183 177/177/177
f 184/184/184 190/190/190 191/191/191
f 191/191/191 180/180/180 184/184/184
f 180/180/180 191/191/191 192/192/192
f 192/192/192 181/181/181 180/180/180
f 181/181/181 192/192/192 193/193/193
f 193/193/193 182/182/182 181/181/181
f 182/182/182 193/193/193 185/185/185
f 186/186/186 187/187/187 175/170/170
f 187/187/187 186/186/186 194/194/194
f 187/187/187 194/194/194 188/188/188
f 195/195/195 189/189/189 188/188/188
f 190/190/190 196/196/196 191/191/191
f 197/197/197 185/185/185 193/193/193
f 185/185/185 197/197/197 186/186/186
f 198/198/198 188/188/188 194/194/194
f 188/188/188 198/198/198 199/199/199
f 199/199/199 195/195/195 188/188/188
f 196/196/196 200/200/200 201/201/201
f 201/201/201 191/191/191 196/196/196
f 191/191/191 201/201/201 202/202/202
f 202/202/202 192/192/192 191/191/191
f 192/192/192 202/202/202 203/203/203
f 203/203/203 193/193/193 192/192/192
f 193/193/193 203/203/203 197/197/197
f 194/194/194 186/186/186 204/204/204
f 194/194/194 204/204/204 198/198/198
f 205/205/205 199/199/199 198/198/198
f 200/200/200 206/206/206 201/201/201
f 207/207/207 197/197/197 203/203/203
f 207/207/207 186/186/186 197/197/197
f 208/208/208 198/198/198 204/204/204
f 198/198/198 208/208/208 209/209/209
f 209/209/209 205/205/205 198/198/198
f 206/206/206 210/210/210 211/211/211
f 211/211/211 201/201/201 206/206/206
f 201/201/201 211/211/211 212/212/212
f 212/212/212 202/202/202 201/201/201
f 202/202/202 212/212/212 213/213/213
f 213/213/213 203/203/203 202/202/202
f 203/203/203 213/213/213 207/207/207
f 218/214/214 186/186/186 207/207/207
f 218/214/214 204/204/204 186/186/186
f 204/204/204 218/214/214 214/215/215
f 204/204/204 214/215/215 208/208/208
f 215/216/216 209/209/209 208/208/208
f 210/210/210 216/217/217 211/211/211
f 217/218/218 207/207/207 213/213/213
f 207/207/207 217/218/218 218/214/214
f 219/219/219 208/208/208 214/215/215
f 208/208/208 219/219/219 220/220/220
f 220/220/220 215/216/216 208/208/208
f 216/217/217 221/221/221 222/222/222
f 222/222/222 211/211/211 216/217/217
f 211/211/211 222/222/222 223/223/223
f 223/223/223 212/212/212 211/211/211
f 212/212/212 223/223/223 224/224/224
f 224/224/224 213/213/213 212/212/212
f 213/213/213 224/224/224 217/218/218
f 218/214/214 229/225/225 225/226/226
f 225/226/226 214/215/215 218/214/214
f 214/215/215 225/226/226 226/227/227
f 226/227/227 219/219/219 214/215/215
f 219/219/219 226/227/227 227/228/228
f 227/228/228 220/220/220 219/219/219
f 228/229/229 217/218/218 224/224/224
f 217/218/218 228/229/229 229/225/225
f 229/225/225 218/214/214 217/218/218
f 221/221/221 230/230/230 231/231/231
f 231/231/231 222/222/222 221/221/221
f 222/222/222 231/231/231 232/232/232
f 232/232/232 223/223/223 222/222/222
f 223/223/223 232/232/232 233/233/233
f 233/233/233 224/224/224 223/223/223
f 224/224/224 233/233/233 228/229/229
f 225/226/226 229/225/225 234/234/234
f 225/226/226 234/234/234 235/235/235
f 235/235/235 226/227/227 225/226/226
f 226/227/227 235/235/235 236/236/236
f 236/236/236 227/228/228 226/227/227
f 228/229/229 233/233/233 237/237/237
f 237/237/237 229/225/225 228/229/229
f 230/230/230 238/238/238 239/239/239
f 239/239/239 231/231/231 230/230/230
f 231/231/231 239/239/239 240/240/240
f 240/240/240 232/232/232 231/231/231
f 240/240/240 233/233/233 232/232/232
f 233/233/233 240/240/240 237/237/237
f 229/225/225 237/237/237 241/241/241
f 241/241/241 234/234/234 229/225/225
f 234/234/234 241/241/241 242/242/242
f 242/242/242 235/235/235 234/234/234
f 242/242/242 236/236/236 235/235/235
f 3960/1/243 243/2/244 244/243/245
f 244/243/246 3961/244/246 3962/1/246
f 3963/244/247 244/243/245 245/245/248
f 245/245/249 3964/246/249 3965/244/249
f 3966/246/250 245/245/248 246/247/251
f 246/247/250 3967/248/250 3968/246/250
f 3969/248/252 246/247/251 247/249/253
f 247/249/254 3970/250/254 3971/248/254
f 3972/250/255 247/249/253 248/251/256
f 248/251/257 3973/252/257 3974/250/257
f 3975/252/258 248/251/256 249/253/259
f 249/253/260 3976/254/260 3977/252/260
f 3978/254/261 249/253/259 250/255/262
f 250/255/263 3979/256/263 3980/254/263
f 3981/256/264 250/255/262 251/257/265
f 251/257/264 3982/258/264 3983/256/264
f 3984/258/266 251/257/265 252/259/267
f 252/259/268 3985/260/268 3986/258/268
f 3987/260/269 252/259/267 253/261/270
f 253/261/269 3988/262/269 3989/260/269
f 3990/262/271 253/261/270 254/263/272
f 254/263/273 3991/264/273 3992/262/273
f 3993/264/274 254/263/272 255/265/275
f 255/265/276 3994/266/276 3995/264/276
f 3996/266/277 255/265/275 256/267/278
f 256/268/279 3997/269/279 3998/266/279
f 3999/269/280 256/267/278 257/270/281
f 257/270/282 4000/271/282 4001/269/282
f 4002/271/283 257/270/281 258/272/284
f 258/272/285 4003/273/285 4004/271/285
f 4005/273/286 258/272/284 259/274/287
f 259/274/288 4006/275/288 4007/273/288
f 4008/275/289 259/274/287 260/276/290
f 260/276/291 4009/277/291 4010/275/291
f 4011/277/292 260/276/290 261/278/293
f 261/278/294 4012/279/294 4013/277/294
f 4014/279/295 261/278/293 262/280/296
f 262/280/297 4015/281/297 4016/279/297
f 4017/281/298 262/280/296 263/282/299
f 263/282/300 4018/283/300 4019/281/300
f 4020/283/301 263/282/299 264/284/302
f 264/284/303 4021/285/303 4022/283/303
f 4023/285/304 264/284/302 265/286/305
f 265/286/306 4024/287/306 4025/285/306
f 4026/287/307 265/286/305 266/288/308
f 266/288/309 4027/289/309 4028/287/309
f 4029/289/310 266/288/308 267/290/311
f 267/290/312 4030/291/312 4031/289/312
f 4032/291/313 267/290/311 268/292/314
f 268/292/315 4033/293/315 4034/291/315
f 243/2/244 269/13/316 270/294/317
f 270/294/317 244/243/245 243/2/244
f 270/294/317 245/245/248 244/243/245
f 270/294/317 246/247/251 245/245/248
f 270/294/317 247/249/253 246/247/251
f 247/249/253 270/294/317 271/15/318
f 271/15/318 248/251/256 247/249/253
f 271/15/318 249/253/259 248/251/256
f 249/253/259 271/15/318 272/295/319
f 272/295/319 250/255/262 249/253/259
f 272/295/319 251/257/265 250/255/262
f 272/295/319 252/259/267 251/257/265
f 252/259/267 272/295/319 273/296/320
f 273/296/320 253/261/270 252/259/267
f 273/296/320 254/263/272 253/261/270
f 254/263/272 273/296/320 256/267/278
f 256/267/278 255/265/275 254/263/272
f 274/18/321 257/270/281 256/267/278
f 274/18/321 258/272/284 257/270/281
f 274/18/321 259/274/287 258/272/284
f 274/18/321 260/276/290 259/274/287
f 260/276/290 274/18/321 275/19/322
f 275/19/322 261/278/293 260/276/290
f 275/19/322 262/280/296 261/278/293
f 275/19/322 263/282/299 262/280/296
f 275/19/322 264/284/302 263/282/299
f 264/284/302 275/19/322 276/20/323
f 276/20/323 265/286/305 264/284/302
f 276/20/323 266/288/308 265/286/305
f 276/20/323 267/290/311 266/288/308
f 276/20/323 268/292/314 267/290/311
f 269/13/316 277/21/324 270/294/317
f 277/21/324 278/22/325 279/23/326
f 279/23/326 270/294/317 277/21/324
f 270/294/317 279/23/326 280/297/327
f 280/297/327 271/15/318 270/294/317
f 271/15/318 280/297/327 281/25/328
f 281/25/328 272/295/319 271/15/318
f 272/295/319 281/25/328 282/26/329
f 282/26/329 273/296/320 272/295/319
f 273/296/320 282/26/329 283/298/330
f 283/298/330 256/267/278 273/296/320
f 256/267/278 283/298/330 284/27/331
f 284/27/331 274/18/321 256/267/278
f 274/18/321 284/27/331 285/28/332
f 285/28/332 275/19/322 274/18/321
f 275/19/322 285/28/332 286/299/333
f 286/299/333 276/20/323 275/19/322
f 278/22/325 287/30/334 288/31/335
f 288/31/335 279/23/326 278/22/325
f 279/23/326 288/31/335 289/300/336
f 289/300/336 280/297/327 279/23/326
f 280/297/327 289/300/336 290/301/337
f 290/301/337 281/25/328 280/297/327
f 281/25/328 290/301/337 291/302/338
f 291/302/338 282/26/329 281/25/328
f 282/26/329 291/302/338 283/298/330
f 292/36/339 284/27/331 283/298/330
f 284/27/331 292/36/339 293/37/340
f 293/37/340 285/28/332 284/27/331
f 285/28/332 293/37/340 294/38/341
f 294/38/341 286/299/333 285/28/332
f 287/30/334 295/303/342 296/40/343
f 296/40/343 288/31/335 287/30/334
f 288/31/335 296/40/343 297/304/344
f 297/304/344 289/300/336 288/31/335
f 289/300/336 297/304/344 298/42/345
f 298/42/345 290/301/337 289/300/336
f 290/301/337 298/42/345 299/43/346
f 299/43/346 291/302/338 290/301/337
f 291/302/338 299/43/346 300/305/347
f 300/305/347 283/298/330 291/302/338
f 283/298/330 300/305/347 301/306/348
f 301/306/348 292/36/339 283/298/330
f 292/36/339 301/306/348 302/307/349
f 302/307/349 293/37/340 292/36/339
f 293/37/340 302/307/349 303/46/350
f 303/46/350 294/38/341 293/37/340
f 295/303/342 304/47/351 305/48/352
f 305/48/352 296/40/343 295/303/342
f 296/40/343 305/48/352 306/49/353
f 306/49/353 297/304/344 296/40/343
f 297/304/344 306/49/353 307/50/354
f 307/50/354 298/42/345 297/304/344
f 298/42/345 307/50/354 308/51/355
f 308/51/355 299/43/346 298/42/345
f 299/43/346 308/51/355 300/305/347
f 309/53/356 301/306/348 300/305/347
f 301/306/348 309/53/356 310/54/357
f 310/54/357 302/307/349 301/306/348
f 302/307/349 310/54/357 311/55/358
f 311/55/358 303/46/350 302/307/349
f 304/47/351 312/308/359 313/57/360
f 313/57/360 305/48/352 304/47/351
f 305/48/352 313/57/360 314/58/361
f 314/58/361 306/49/353 305/48/352
f 306/49/353 314/58/361 315/59/362
f 315/59/362 307/50/354 306/49/353
f 307/50/354 315/59/362 316/60/363
f 316/60/363 308/51/355 307/50/354
f 308/51/355 316/60/363 317/309/364
f 317/309/364 300/305/347 308/51/355
f 300/305/347 317/309/364 318/310/365
f 318/310/365 309/53/356 300/305/347
f 309/53/356 318/310/365 319/311/366
f 319/311/366 310/54/357 309/53/356
f 310/54/357 319/311/366 320/63/367
f 320/63/367 311/55/358 310/54/357
f 312/308/359 321/64/368 322/65/369
f 322/65/369 313/57/360 312/308/359
f 313/57/360 322/65/369 323/312/370
f 323/312/370 314/58/361 313/57/360
f 314/58/361 323/312/370 324/313/371
f 324/313/371 315/59/362 314/58/361
f 315/59/362 324/313/371 325/68/372
f 325/68/372 316/60/363 315/59/362
f 316/60/363 325/68/372 317/309/364
f 326/314/373 318/310/365 317/309/364
f 318/310/365 326/314/373 327/315/374
f 327/315/374 319/311/366 318/310/365
f 319/311/366 327/315/374 328/72/375
f 328/72/375 320/63/367 319/311/366
f 321/64/368 329/73/376 330/316/377
f 330/316/377 322/65/369 321/64/368
f 322/65/369 330/316/377 331/75/378
f 331/75/378 323/312/370 322/65/369
f 323/312/370 331/75/378 332/76/379
f 332/76/379 324/313/371 323/312/370
f 324/313/371 332/76/379 333/77/380
f 333/77/380 325/68/372 324/313/371
f 325/68/372 333/77/380 334/317/381
f 334/317/381 317/309/364 325/68/372
f 317/309/364 334/317/381 335/318/382
f 335/318/382 326/314/373 317/309/364
f 326/314/373 335/318/382 336/319/383
f 336/319/383 327/315/374 326/314/373
f 327/315/374 336/319/383 337/320/384
f 337/320/384 328/72/375 327/315/374
f 329/73/376 338/81/385 339/82/386
f 339/82/386 330/316/377 329/73/376
f 330/316/377 339/82/386 340/321/387
f 340/321/387 331/75/378 330/316/377
f 331/75/378 340/321/387 341/84/388
f 341/84/388 332/76/379 331/75/378
f 332/76/379 341/84/388 342/85/389
f 342/85/389 333/77/380 332/76/379
f 333/77/380 342/85/389 334/317/381
f 343/322/390 335/318/382 334/317/381
f 335/318/382 343/322/390 344/323/391
f 344/323/391 336/319/383 335/318/382
f 336/319/383 344/323/391 345/89/392
f 345/89/392 337/320/384 336/319/383
f 338/81/385 346/324/393 347/325/394
f 347/325/394 339/82/386 338/81/385
f 339/82/386 347/325/394 348/92/395
f 348/92/395 340/321/387 339/82/386
f 340/321/387 348/92/395 349/93/396
f 349/93/396 341/84/388 340/321/387
f 341/84/388 349/93/396 350/94/397
f 350/94/397 342/85/389 341/84/388
f 342/85/389 350/94/397 351/326/398
f 351/326/398 334/317/381 342/85/389
f 351/326/398 343/322/390 334/317/381
f 343/322/390 351/326/398 352/327/399
f 343/322/390 352/327/399 353/96/400
f 353/96/400 344/323/391 343/322/390
f 344/323/391 353/96/400 354/328/401
f 354/328/401 345/89/392 344/323/391
f 346/324/393 355/98/402 356/99/403
f 356/99/403 347/325/394 346/324/393
f 347/325/394 356/99/403 357/100/404
f 357/100/404 348/92/395 347/325/394
f 348/92/395 357/100/404 358/101/405
f 358/101/405 349/93/396 348/92/395
f 349/93/396 358/101/405 359/329/406
f 359/329/406 350/94/397 349/93/396
f 359/329/406 351/326/398 350/94/397
f 351/326/398 359/329/406 360/104/407
f 360/104/407 352/327/399 351/326/398
f 352/327/399 360/104/407 361/330/408
f 361/330/408 353/96/400 352/327/399
f 353/96/400 361/330/408 362/106/409
f 362/106/409 354/328/401 353/96/400
f 355/98/402 363/107/410 356/99/403
f 363/107/410 364/108/411 365/331/412
f 365/331/412 356/99/403 363/107/410
f 356/99/403 365/331/412 366/332/413
f 366/332/413 357/100/404 356/99/403
f 357/100/404 366/332/413 367/333/414
f 367/333/414 358/101/405 357/100/404
f 358/101/405 367/333/414 368/334/415
f 368/334/415 359/329/406 358/101/405
f 369/335/416 360/104/407 359/329/406
f 360/104/407 369/335/416 370/336/417
f 370/336/417 361/330/408 360/104/407
f 361/330/408 370/336/417 371/337/418
f 371/337/418 362/106/409 361/330/408
f 364/108/411 372/116/419 373/338/420
f 373/338/420 365/331/412 364/108/411
f 365/331/412 373/338/420 366/332/413
f 374/339/421 367/333/414 366/332/413
f 367/333/414 374/339/421 368/334/415
f 369/335/416 375/340/422 376/341/423
f 376/341/423 370/336/417 369/335/416
f 370/336/417 376/341/423 377/342/424
f 377/342/424 371/337/418 370/336/417
f 372/116/419 378/117/425 373/338/420
f 379/343/426 366/332/413 373/338/420
f 379/343/426 374/339/421 366/332/413
f 359/329/406 368/334/415 369/335/416
f 378/117/425 380/125/427 381/344/428
f 381/344/428 373/338/420 378/117/425
f 373/338/420 381/344/428 382/345/429
f 382/345/429 379/343/426 373/338/420
f 379/343/426 382/345/429 383/346/430
f 383/346/430 374/339/421 379/343/426
f 374/339/421 383/346/430 384/347/431
f 384/347/431 368/334/415 374/339/421
f 368/334/415 384/347/431 385/348/432
f 385/348/432 369/335/416 368/334/415
f 369/335/416 385/348/432 386/349/433
f 386/349/433 375/340/422 369/335/416
f 375/340/422 386/349/433 387/350/434
f 387/350/434 376/341/423 375/340/422
f 376/341/423 387/350/434 388/351/435
f 388/351/435 377/342/424 376/341/423
f 380/125/427 389/128/436 381/344/428
f 389/128/436 390/352/437 391/353/438
f 391/353/438 381/344/428 389/128/436
f 381/344/428 391/353/438 392/354/439
f 392/354/439 382/345/429 381/344/428
f 382/345/429 392/354/439 393/355/440
f 393/355/440 383/346/430 382/345/429
f 383/346/430 393/355/440 394/356/441
f 394/356/441 384/347/431 383/346/430
f 384/347/431 394/356/441 385/348/432
f 395/357/442 386/349/433 385/348/432
f 386/349/433 395/357/442 396/358/443
f 396/358/443 387/350/434 386/349/433
f 387/350/434 396/358/443 397/359/444
f 397/359/444 388/351/435 387/350/434
f 390/352/437 398/360/445 399/361/446
f 399/361/446 391/353/438 390/352/437
f 391/353/438 399/361/446 400/362/447
f 400/362/447 392/354/439 391/353/438
f 392/354/439 400/362/447 401/363/448
f 401/363/448 393/355/440 392/354/439
f 393/355/440 401/363/448 402/364/449
f 402/364/449 394/356/441 393/355/440
f 394/356/441 402/364/449 403/365/450
f 403/365/450 385/348/432 394/356/441
f 385/348/432 403/365/450 404/366/451
f 404/366/451 395/357/442 385/348/432
f 395/357/442 404/366/451 405/367/452
f 405/367/452 396/358/443 395/357/442
f 396/358/443 405/367/452 406/368/453
f 406/368/453 397/359/444 396/358/443
f 398/360/445 407/369/454 408/370/455
f 408/370/455 399/361/446 398/360/445
f 399/361/446 408/370/455 409/371/456
f 409/371/456 400/362/447 399/361/446
f 400/362/447 409/371/456 410/372/457
f 410/372/457 401/363/448 400/362/447
f 401/363/448 410/372/457 411/373/458
f 411/373/458 402/364/449 401/363/448
f 402/364/449 411/373/458 403/365/450
f 412/374/459 404/366/451 403/365/450
f 404/366/451 412/374/459 413/375/460
f 413/375/460 405/367/452 404/366/451
f 405/367/452 413/375/460 414/376/461
f 414/376/461 406/368/453 405/367/452
f 407/369/454 415/377/462 416/378/463
f 416/378/463 408/370/455 407/369/454
f 408/370/455 416/378/463 417/379/464
f 417/379/464 409/371/456 408/370/455
f 409/371/456 417/379/464 418/380/465
f 418/380/465 410/372/457 409/371/456
f 410/372/457 418/380/465 419/381/466
f 419/381/466 411/373/458 410/372/457
f 411/373/458 419/381/466 420/382/467
f 420/382/467 403/365/450 411/373/458
f 403/365/450 420/382/467 421/383/468
f 421/383/468 412/374/459 403/365/450
f 412/374/459 421/383/468 422/384/469
f 422/384/469 413/375/460 412/374/459
f 413/375/460 422/384/469 423/385/470
f 423/385/470 414/376/461 413/375/460
f 415/377/462 424/386/471 425/387/472
f 425/387/472 416/378/463 415/377/462
f 416/378/463 425/387/472 426/388/473
f 426/388/473 417/379/464 416/378/463
f 417/379/464 426/388/473 427/389/474
f 427/389/474 418/380/465 417/379/464
f 418/380/465 427/389/474 428/390/475
f 428/390/475 419/381/466 418/380/465
f 419/381/466 428/390/475 420/382/467
f 429/391/476 421/383/468 420/382/467
f 421/383/468 429/391/476 430/392/477
f 430/392/477 422/384/469 421/383/468
f 422/384/469 430/392/477 431/393/478
f 431/393/478 423/385/470 422/384/469
f 424/386/471 432/394/479 433/395/480
f 433/395/480 425/387/472 424/386/471
f 425/387/472 433/395/480 434/396/481
f 434/396/481 426/388/473 425/387/472
f 426/388/473 434/396/481 435/397/482
f 435/397/482 427/389/474 426/388/473
f 427/389/474 435/397/482 436/398/483
f 436/398/483 428/390/475 427/389/474
f 428/390/475 436/398/483 437/399/484
f 437/399/484 420/382/467 428/390/475
f 420/382/467 437/399/484 438/400/485
f 438/400/485 429/391/476 420/382/467
f 429/391/476 438/400/485 439/401/486
f 439/401/486 430/392/477 429/391/476
f 430/392/477 439/401/486 440/402/487
f 440/402/487 431/393/478 430/392/477
f 432/394/479 441/403/488 442/404/489
f 442/404/489 433/395/480 432/394/479
f 433/395/480 442/404/489 443/405/490
f 443/405/490 434/396/481 433/395/480
f 434/396/481 443/405/490 444/406/491
f 444/406/491 435/397/482 434/396/481
f 435/397/482 444/406/491 445/407/492
f 445/407/492 436/398/483 435/397/482
f 436/398/483 445/407/492 437/399/484
f 446/408/493 438/400/485 437/399/484
f 438/400/485 446/408/493 447/409/494
f 447/409/494 439/401/486 438/400/485
f 439/401/486 447/409/494 448/410/495
f 448/410/495 440/402/487 439/401/486
f 441/403/488 449/411/496 450/412/497
f 450/412/497 442/404/489 441/403/488
f 442/404/489 450/412/497 451/413/498
f 451/413/498 443/405/490 442/404/489
f 443/405/490 451/413/498 452/414/499
f 452/414/499 444/406/491 443/405/490
f 444/406/491 452/414/499 453/415/500
f 453/415/500 445/407/492 444/406/491
f 445/407/492 453/415/500 454/416/501
f 454/416/501 437/399/484 445/407/492
f 437/399/484 454/416/501 455/417/502
f 455/417/502 446/408/493 437/399/484
f 446/408/493 455/417/502 456/418/503
f 456/418/503 447/409/494 446/408/493
f 447/409/494 456/418/503 457/419/504
f 457/419/504 448/410/495 447/409/494
f 449/411/496 458/420/505 459/421/506
f 459/421/506 450/412/497 449/411/496
f 450/412/497 459/421/506 460/422/507
f 460/422/507 451/413/498 450/412/497
f 451/413/498 460/422/507 461/423/508
f 461/423/508 452/414/499 451/413/498
f 452/414/499 461/423/508 462/424/509
f 462/424/509 453/415/500 452/414/499
f 453/415/500 462/424/509 454/416/501
f 463/425/510 455/417/502 454/416/501
f 455/417/502 463/425/510 464/426/511
f 464/426/511 456/418/503 455/417/502
f 456/418/503 464/426/511 465/427/512
f 465/427/512 457/419/504 456/418/503
f 458/420/505 466/428/513 467/429/514
f 467/429/514 459/421/506 458/420/505
f 459/421/506 467/429/514 468/430/515
f 468/430/515 460/422/507 459/421/506
f 460/422/507 468/430/515 469/431/516
f 469/431/516 461/423/508 460/422/507
f 461/423/508 469/431/516 470/432/517
f 470/432/517 462/424/509 461/423/508
f 462/424/509 470/432/517 471/433/518
f 471/433/518 454/416/501 462/424/509
f 471/433/518 463/425/510 454/416/501
f 463/425/510 471/433/518 472/434/519
f 463/425/510 472/434/519 473/435/520
f 473/435/520 464/426/511 463/425/510
f 464/426/511 473/435/520 474/436/521
f 474/436/521 465/427/512 464/426/511
f 466/428/513 475/437/522 467/429/514
f 475/437/522 476/438/523 477/439/524
f 477/439/524 467/429/514 475/437/522
f 467/429/514 477/439/524 478/440/525
f 467/429/514 478/440/525 479/441/526
f 467/429/514 479/441/526 480/442/527
f 467/429/514 480/442/527 481/443/528
f 481/443/528 468/430/515 467/429/514
f 468/430/515 481/443/528 482/444/529
f 468/430/515 482/444/529 483/445/530
f 483/445/530 469/431/516 468/430/515
f 469/431/516 483/445/530 484/446/531
f 469/431/516 484/446/531 485/447/532
f 469/431/516 485/447/532 486/448/533
f 486/448/533 470/432/517 469/431/516
f 470/432/517 486/448/533 487/449/534
f 470/432/517 487/449/534 488/450/535
f 488/450/535 471/433/518 470/432/517
f 471/433/518 488/450/535 489/451/536
f 471/433/518 489/451/536 490/452/537
f 471/433/518 490/452/537 491/453/538
f 471/433/518 491/453/538 492/454/539
f 492/454/539 472/434/519 471/433/518
f 472/434/519 492/454/539 493/455/540
f 472/434/519 493/455/540 494/456/541
f 494/456/541 473/435/520 472/434/519
f 473/435/520 494/456/541 495/457/542
f 473/435/520 495/457/542 496/458/543
f 473/435/520 496/458/543 497/459/544
f 473/435/520 497/459/544 498/460/545
f 498/460/545 474/436/521 473/435/520
f 474/436/521 498/460/545 499/461/546
f 474/436/521 499/461/546 500/462/547
f 474/436/521 500/462/547 501/463/548
f 476/438/549 4035/238/549 4036/464/549
f 4037/464/550 477/439/524 476/438/523
f 477/439/551 4038/464/551 4039/465/551
f 4040/465/552 478/440/525 477/439/524
f 478/440/553 4041/465/553 4042/466/553
f 4043/466/553 479/441/526 478/440/525
f 479/441/554 4044/466/554 4045/467/554
f 4046/467/555 480/442/527 479/441/526
f 480/442/556 4047/467/556 4048/468/556
f 4049/468/557 481/443/528 480/442/527
f 481/443/558 4050/468/558 4051/469/558
f 4052/469/559 482/444/529 481/443/528
f 482/444/560 4053/469/560 4054/470/560
f 4055/470/561 483/445/530 482/444/529
f 483/445/562 4056/470/562 4057/471/562
f 4058/471/562 484/446/531 483/445/530
f 484/446/563 4059/471/563 4060/472/563
f 4061/472/564 485/447/532 484/446/531
f 485/447/565 4062/472/565 4063/473/565
f 4064/473/566 486/448/533 485/447/532
f 486/448/567 4065/473/567 4066/474/567
f 4067/474/568 487/449/534 486/448/533
f 487/449/569 4068/474/569 4069/475/569
f 4070/475/570 488/450/535 487/449/534
f 488/450/571 4071/475/571 4072/476/571
f 4073/476/571 489/451/536 488/450/535
f 489/451/572 4074/476/572 4075/477/572
f 4076/477/573 490/452/537 489/451/536
f 490/452/574 4077/477/574 4078/478/574
f 4079/478/575 491/453/538 490/452/537
f 491/453/576 4080/478/576 4081/479/576
f 4082/479/577 492/454/539 491/453/538
f 492/454/578 4083/479/578 4084/480/578
f 4085/480/578 493/455/540 492/454/539
f 493/455/579 4086/480/579 4087/481/579
f 4088/481/580 494/456/541 493/455/540
f 494/456/581 4089/481/581 4090/482/581
f 4091/482/582 495/457/542 494/456/541
f 495/457/583 4092/482/583 4093/483/583
f 4094/483/584 496/458/543 495/457/542
f 496/458/585 4095/483/585 4096/484/585
f 4097/484/585 497/459/544 496/458/543
f 497/459/586 4098/484/586 4099/485/586
f 4100/485/587 498/460/545 497/459/544
f 498/460/588 4101/485/588 4102/486/588
f 4103/486/589 499/461/546 498/460/545
f 499/461/590 4104/486/590 4105/487/590
f 4106/487/591 500/462/547 499/461/546
f 500/462/592 4107/487/592 4108/488/592
f 4109/488/593 501/463/548 500/462/547
f 6/10/10 12/12/12 508/489/594
f 508/489/594 502/490/595 6/10/10
f 502/490/595 508/489/594 509/491/596
f 509/491/596 503/492/597 502/490/595
f 503/492/597 509/491/596 510/493/598
f 510/493/598 504/494/599 503/492/597
f 504/494/599 510/493/598 511/495/600
f 511/495/600 505/496/601 504/494/599
f 505/496/601 511/495/600 512/497/602
f 512/497/602 506/498/603 505/496/601
f 506/498/603 512/497/602 513/499/604
f 513/499/604 507/500/605 506/498/603
f 12/12/12 20/20/20 514/501/606
f 514/501/606 508/489/594 12/12/12
f 508/489/594 514/501/606 515/502/607
f 515/502/607 509/491/596 508/489/594
f 509/491/596 515/502/607 516/503/608
f 516/503/608 510/493/598 509/491/596
f 510/493/598 516/503/608 517/504/609
f 517/504/609 511/495/600 510/493/598
f 511/495/600 517/504/609 518/505/610
f 518/505/610 512/497/602 511/495/600
f 512/497/602 518/505/610 519/506/611
f 519/506/611 513/499/604 512/497/602
f 520/507/612 514/501/606 20/20/20
f 514/501/606 520/507/612 521/508/613
f 521/508/613 515/502/607 514/501/606
f 515/502/607 521/508/613 522/509/614
f 522/509/614 516/503/608 515/502/607
f 516/503/608 522/509/614 523/510/615
f 523/510/615 517/504/609 516/503/608
f 517/504/609 523/510/615 524/511/616
f 524/511/616 518/505/610 517/504/609
f 518/505/610 524/511/616 519/506/611
f 20/20/20 29/29/29 525/512/617
f 525/512/617 520/507/612 20/20/20
f 520/507/612 525/512/617 526/513/618
f 526/513/618 521/508/613 520/507/612
f 521/508/613 526/513/618 527/514/619
f 527/514/619 522/509/614 521/508/613
f 522/509/614 527/514/619 528/515/620
f 528/515/620 523/510/615 522/509/614
f 523/510/615 528/515/620 529/516/621
f 529/516/621 524/511/616 523/510/615
f 524/511/616 529/516/621 530/517/622
f 530/517/622 519/506/611 524/511/616
f 531/518/623 525/512/617 29/29/29
f 525/512/617 531/518/623 532/519/624
f 532/519/624 526/513/618 525/512/617
f 526/513/618 532/519/624 533/520/625
f 533/520/625 527/514/619 526/513/618
f 527/514/619 533/520/625 534/521/626
f 534/521/626 528/515/620 527/514/619
f 528/515/620 534/521/626 535/522/627
f 535/522/627 529/516/621 528/515/620
f 529/516/621 535/522/627 530/517/622
f 29/29/29 38/38/38 536/523/628
f 536/523/628 531/518/623 29/29/29
f 531/518/623 536/523/628 537/524/629
f 537/524/629 532/519/624 531/518/623
f 532/519/624 537/524/629 538/525/630
f 538/525/630 533/520/625 532/519/624
f 533/520/625 538/525/630 539/526/631
f 539/526/631 534/521/626 533/520/625
f 534/521/626 539/526/631 540/527/632
f 540/527/632 535/522/627 534/521/626
f 535/522/627 540/527/632 541/528/633
f 541/528/633 530/517/622 535/522/627
f 542/529/634 536/523/628 38/38/38
f 536/523/628 542/529/634 543/530/635
f 543/530/635 537/524/629 536/523/628
f 537/524/629 543/530/635 544/531/636
f 544/531/636 538/525/630 537/524/629
f 538/525/630 544/531/636 545/532/637
f 545/532/637 539/526/631 538/525/630
f 539/526/631 545/532/637 546/533/638
f 546/533/638 540/527/632 539/526/631
f 540/527/632 546/533/638 541/528/633
f 38/38/38 46/46/46 547/534/639
f 547/534/639 542/529/634 38/38/38
f 542/529/634 547/534/639 548/535/640
f 548/535/640 543/530/635 542/529/634
f 543/530/635 548/535/640 549/536/641
f 549/536/641 544/531/636 543/530/635
f 544/531/636 549/536/641 550/537/642
f 550/537/642 545/532/637 544/531/636
f 545/532/637 550/537/642 551/538/643
f 551/538/643 546/533/638 545/532/637
f 546/533/638 551/538/643 552/539/644
f 552/539/644 541/528/633 546/533/638
f 553/540/645 547/534/639 46/46/46
f 547/534/639 553/540/645 554/541/646
f 554/541/646 548/535/640 547/534/639
f 548/535/640 554/541/646 555/542/647
f 555/542/647 549/536/641 548/535/640
f 549/536/641 555/542/647 556/543/648
f 556/543/648 550/537/642 549/536/641
f 550/537/642 556/543/648 557/544/649
f 557/544/649 551/538/643 550/537/642
f 551/538/643 557/544/649 552/539/644
f 46/46/46 55/55/55 558/545/650
f 558/545/650 553/540/645 46/46/46
f 553/540/645 558/545/650 559/546/651
f 559/546/651 554/541/646 553/540/645
f 554/541/646 559/546/651 560/547/652
f 560/547/652 555/542/647 554/541/646
f 555/542/647 560/547/652 561/548/653
f 561/548/653 556/543/648 555/542/647
f 556/543/648 561/548/653 562/549/654
f 562/549/654 557/544/649 556/543/648
f 557/544/649 562/549/654 563/550/655
f 563/550/655 552/539/644 557/544/649
f 564/551/656 558/545/650 55/55/55
f 558/545/650 564/551/656 565/552/657
f 565/552/657 559/546/651 558/545/650
f 559/546/651 565/552/657 566/553/658
f 566/553/658 560/547/652 559/546/651
f 560/547/652 566/553/658 567/554/659
f 567/554/659 561/548/653 560/547/652
f 561/548/653 567/554/659 568/555/660
f 568/555/660 562/549/654 561/548/653
f 562/549/654 568/555/660 563/550/655
f 55/55/55 63/63/63 569/556/661
f 569/556/661 564/551/656 55/55/55
f 564/551/656 569/556/661 570/557/662
f 570/557/662 565/552/657 564/551/656
f 565/552/657 570/557/662 571/558/663
f 571/558/663 566/553/658 565/552/657
f 566/553/658 571/558/663 572/559/664
f 572/559/664 567/554/659 566/553/658
f 567/554/659 572/559/664 573/560/665
f 573/560/665 568/555/660 567/554/659
f 568/555/660 573/560/665 574/561/666
f 574/561/666 563/550/655 568/555/660
f 575/562/667 569/556/661 63/63/63
f 569/556/661 575/562/667 570/557/662
f 576/563/668 571/558/663 570/557/662
f 571/558/663 576/563/668 577/564/669
f 577/564/669 572/559/664 571/558/663
f 572/559/664 577/564/669 578/565/670
f 578/565/670 573/560/665 572/559/664
f 573/560/665 578/565/670 574/561/666
f 63/63/63 72/72/72 579/566/671
f 579/566/671 575/562/667 63/63/63
f 575/562/667 579/566/671 580/567/672
f 580/567/672 570/557/662 575/562/667
f 570/557/662 580/567/672 581/568/673
f 581/568/673 576/563/668 570/557/662
f 576/563/668 581/568/673 582/569/674
f 582/569/674 577/564/669 576/563/668
f 577/564/669 582/569/674 583/570/675
f 583/570/675 578/565/670 577/564/669
f 578/565/670 583/570/675 584/571/676
f 584/571/676 574/561/666 578/565/670
f 585/572/677 579/566/671 72/72/72
f 579/566/671 585/572/677 580/567/672
f 586/573/678 581/568/673 580/567/672
f 581/568/673 586/573/678 587/574/679
f 587/574/679 582/569/674 581/568/673
f 582/569/674 587/574/679 588/575/680
f 588/575/680 583/570/675 582/569/674
f 583/570/675 588/575/680 584/571/676
f 72/72/72 80/80/80 589/576/681
f 589/576/681 585/572/677 72/72/72
f 585/572/677 589/576/681 590/577/682
f 590/577/682 580/567/672 585/572/677
f 580/567/672 590/577/682 591/578/683
f 591/578/683 586/573/678 580/567/672
f 586/573/678 591/578/683 592/579/684
f 592/579/684 587/574/679 586/573/678
f 587/574/679 592/579/684 593/580/685
f 593/580/685 588/575/680 587/574/679
f 588/575/680 593/580/685 594/581/686
f 594/581/686 584/571/676 588/575/680
f 595/582/687 589/576/681 80/80/80
f 589/576/681 595/582/687 596/583/688
f 596/583/688 590/577/682 589/576/681
f 590/577/682 596/583/688 597/584/689
f 597/584/689 591/578/683 590/577/682
f 591/578/683 597/584/689 598/585/690
f 598/585/690 592/579/684 591/578/683
f 592/579/684 598/585/690 599/586/691
f 599/586/691 593/580/685 592/579/684
f 593/580/685 599/586/691 594/581/686
f 80/80/80 89/89/89 600/587/692
f 600/587/692 595/582/687 80/80/80
f 595/582/687 600/587/692 601/588/693
f 601/588/693 596/583/688 595/582/687
f 596/583/688 601/588/693 602/589/694
f 602/589/694 597/584/689 596/583/688
f 597/584/689 602/589/694 603/590/695
f 603/590/695 598/585/690 597/584/689
f 598/585/690 603/590/695 604/591/696
f 604/591/696 599/586/691 598/585/690
f 599/586/691 604/591/696 605/592/697
f 605/592/697 594/581/686 599/586/691
f 606/593/698 600/587/692 89/89/89
f 600/587/692 606/593/698 607/594/699
f 607/594/699 601/588/693 600/587/692
f 601/588/693 607/594/699 608/595/700
f 608/595/700 602/589/694 601/588/693
f 602/589/694 608/595/700 609/596/701
f 609/596/701 603/590/695 602/589/694
f 603/590/695 609/596/701 610/597/702
f 610/597/702 604/591/696 603/590/695
f 604/591/696 610/597/702 605/592/697
f 89/89/89 97/97/97 611/598/703
f 611/598/703 606/593/698 89/89/89
f 606/593/698 611/598/703 612/599/704
f 612/599/704 607/594/699 606/593/698
f 607/594/699 612/599/704 613/600/705
f 613/600/705 608/595/700 607/594/699
f 608/595/700 613/600/705 614/601/706
f 614/601/706 609/596/701 608/595/700
f 609/596/701 614/601/706 615/602/707
f 615/602/707 610/597/702 609/596/701
f 610/597/702 615/602/707 616/603/708
f 616/603/708 605/592/697 610/597/702
f 617/604/709 611/598/703 97/97/97
f 611/598/703 617/604/709 618/605/710
f 618/605/710 612/599/704 611/598/703
f 612/599/704 618/605/710 619/606/711
f 619/606/711 613/600/705 612/599/704
f 613/600/705 619/606/711 620/607/712
f 620/607/712 614/601/706 613/600/705
f 614/601/706 620/607/712 621/608/713
f 621/608/713 615/602/707 614/601/706
f 615/602/707 621/608/713 616/603/708
f 97/97/97 106/106/106 622/609/714
f 622/609/714 617/604/709 97/97/97
f 617/604/709 622/609/714 623/610/715
f 623/610/715 618/605/710 617/604/709
f 618/605/710 623/610/715 624/611/716
f 624/611/716 619/606/711 618/605/710
f 619/606/711 624/611/716 625/612/717
f 625/612/717 620/607/712 619/606/711
f 620/607/712 625/612/717 626/613/718
f 626/613/718 621/608/713 620/607/712
f 621/608/713 626/613/718 627/614/719
f 627/614/719 616/603/708 621/608/713
f 628/615/720 622/609/714 106/106/106
f 622/609/714 628/615/720 629/616/721
f 629/616/721 623/610/715 622/609/714
f 623/610/715 629/616/721 630/617/722
f 630/617/722 624/611/716 623/610/715
f 624/611/716 630/617/722 631/618/723
f 631/618/723 625/612/717 624/611/716
f 625/612/717 631/618/723 632/619/724
f 632/619/724 626/613/718 625/612/717
f 626/613/718 632/619/724 627/614/719
f 106/106/106 115/115/115 633/620/725
f 633/620/725 628/615/720 106/106/106
f 628/615/720 633/620/725 634/621/726
f 634/621/726 629/616/721 628/615/720
f 629/616/721 634/621/726 635/622/727
f 635/622/727 630/617/722 629/616/721
f 630/617/722 635/622/727 636/623/728
f 636/623/728 631/618/723 630/617/722
f 631/618/723 636/623/728 637/624/729
f 637/624/729 632/619/724 631/618/723
f 632/619/724 637/624/729 638/625/730
f 638/625/730 627/614/719 632/619/724
f 639/626/731 633/620/725 115/115/115
f 633/620/725 639/626/731 640/627/732
f 640/627/732 634/621/726 633/620/725
f 634/621/726 640/627/732 641/628/733
f 641/628/733 635/622/727 634/621/726
f 635/622/727 641/628/733 642/629/734
f 642/629/734 636/623/728 635/622/727
f 636/623/728 642/629/734 643/630/735
f 643/630/735 637/624/729 636/623/728
f 637/624/729 643/630/735 638/625/730
f 115/115/115 124/124/124 644/631/736
f 644/631/736 639/626/731 115/115/115
f 639/626/731 644/631/736 645/632/737
f 645/632/737 640/627/732 639/626/731
f 640/627/732 645/632/737 646/633/738
f 646/633/738 641/628/733 640/627/732
f 641/628/733 646/633/738 647/634/739
f 647/634/739 642/629/734 641/628/733
f 642/629/734 647/634/739 648/635/740
f 648/635/740 643/630/735 642/629/734
f 643/630/735 648/635/740 649/636/741
f 649/636/741 638/625/730 643/630/735
f 650/637/742 644/631/736 124/124/124
f 644/631/736 650/637/742 651/638/743
f 651/638/743 645/632/737 644/631/736
f 645/632/737 651/638/743 652/639/744
f 652/639/744 646/633/738 645/632/737
f 646/633/738 652/639/744 653/640/745
f 653/640/745 647/634/739 646/633/738
f 647/634/739 653/640/745 654/641/746
f 654/641/746 648/635/740 647/634/739
f 648/635/740 654/641/746 655/642/747
f 655/642/747 649/636/741 648/635/740
f 124/124/124 133/133/133 656/643/748
f 656/643/748 650/637/742 124/124/124
f 650/637/742 656/643/748 657/644/749
f 657/644/749 651/638/743 650/637/742
f 651/638/743 657/644/749 658/645/750
f 658/645/750 652/639/744 651/638/743
f 652/639/744 658/645/750 659/646/751
f 659/646/751 653/640/745 652/639/744
f 653/640/745 659/646/751 660/647/752
f 660/647/752 654/641/746 653/640/745
f 654/641/746 660/647/752 655/642/747
f 661/648/753 656/643/748 133/133/133
f 656/643/748 661/648/753 662/649/754
f 662/649/754 657/644/749 656/643/748
f 657/644/749 662/649/754 663/650/755
f 663/650/755 658/645/750 657/644/749
f 658/645/750 663/650/755 664/651/756
f 664/651/756 659/646/751 658/645/750
f 659/646/751 664/651/756 665/652/757
f 665/652/757 660/647/752 659/646/751
f 660/647/752 665/652/757 666/653/758
f 666/653/758 655/642/747 660/647/752
f 133/133/133 142/142/142 667/654/759
f 667/654/759 661/648/753 133/133/133
f 661/648/753 667/654/759 668/655/760
f 668/655/760 662/649/754 661/648/753
f 662/649/754 668/655/760 669/656/761
f 669/656/761 663/650/755 662/649/754
f 663/650/755 669/656/761 670/657/762
f 670/657/762 664/651/756 663/650/755
f 664/651/756 670/657/762 671/658/763
f 671/658/763 665/652/757 664/651/756
f 665/652/757 671/658/763 666/653/758
f 672/659/764 667/654/759 142/142/142
f 667/654/759 672/659/764 673/660/765
f 673/660/765 668/655/760 667/654/759
f 668/655/760 673/660/765 674/661/766
f 674/661/766 669/656/761 668/655/760
f 669/656/761 674/661/766 675/662/767
f 675/662/767 670/657/762 669/656/761
f 670/657/762 675/662/767 676/663/768
f 676/663/768 671/658/763 670/657/762
f 671/658/763 676/663/768 677/664/769
f 677/664/769 666/653/758 671/658/763
f 151/151/151 672/659/764 142/142/142
f 672/659/764 151/151/151 678/665/770
f 678/665/770 673/660/765 672/659/764
f 673/660/765 678/665/770 679/666/771
f 679/666/771 674/661/766 673/660/765
f 674/661/766 679/666/771 680/667/772
f 680/667/772 675/662/767 674/661/766
f 675/662/767 680/667/772 681/668/773
f 681/668/773 676/663/768 675/662/767
f 676/663/768 681/668/773 677/664/769
f 151/151/151 156/156/156 682/669/774
f 682/669/774 678/665/770 151/151/151
f 678/665/770 682/669/774 683/670/775
f 678/665/770 683/670/775 684/671/776
f 684/671/776 679/666/771 678/665/770
f 679/666/771 684/671/776 685/672/777
f 685/672/777 680/667/772 679/666/771
f 680/667/772 685/672/777 686/673/778
f 686/673/778 681/668/773 680/667/772
f 681/668/773 686/673/778 687/674/779
f 687/674/779 677/664/769 681/668/773
f 156/156/156 161/161/161 682/669/774
f 688/675/780 683/670/775 682/669/774
f 683/670/775 688/675/780 689/676/781
f 689/676/781 684/671/776 683/670/775
f 684/671/776 689/676/781 690/677/782
f 690/677/782 685/672/777 684/671/776
f 685/672/777 690/677/782 691/678/783
f 691/678/783 686/673/778 685/672/777
f 686/673/778 691/678/783 687/674/779
f 161/161/161 166/166/166 692/679/784
f 692/679/784 682/669/774 161/161/161
f 682/669/774 692/679/784 693/680/785
f 693/680/785 688/675/780 682/669/774
f 688/675/780 693/680/785 694/681/786
f 694/681/786 689/676/781 688/675/780
f 689/676/781 694/681/786 695/682/787
f 695/682/787 690/677/782 689/676/781
f 690/677/782 695/682/787 696/683/788
f 696/683/788 691/678/783 690/677/782
f 691/678/783 696/683/788 697/684/789
f 697/684/789 687/674/779 691/678/783
f 166/166/166 171/172/172 692/679/784
f 698/685/790 693/680/785 692/679/784
f 693/680/785 698/685/790 699/686/791
f 699/686/791 694/681/786 693/680/785
f 694/681/786 699/686/791 700/687/792
f 700/687/792 695/682/787 694/681/786
f 695/682/787 700/687/792 701/688/793
f 701/688/793 696/683/788 695/682/787
f 696/683/788 701/688/793 697/684/789
f 171/172/172 178/178/178 702/689/794
f 702/689/794 692/679/784 171/172/172
f 692/679/784 702/689/794 703/690/795
f 703/690/795 698/685/790 692/679/784
f 698/685/790 703/690/795 704/691/796
f 704/691/796 699/686/791 698/685/790
f 699/686/791 704/691/796 705/692/797
f 705/692/797 700/687/792 699/686/791
f 700/687/792 705/692/797 706/693/798
f 706/693/798 701/688/793 700/687/792
f 701/688/793 706/693/798 707/694/799
f 707/694/799 697/684/789 701/688/793
f 178/178/178 183/183/183 702/689/794
f 708/695/800 704/691/796 703/690/795
f 704/691/796 708/695/800 709/696/801
f 709/696/801 705/692/797 704/691/796
f 705/692/797 709/696/801 710/697/802
f 710/697/802 706/693/798 705/692/797
f 706/693/798 710/697/802 707/694/799
f 183/183/183 189/189/189 711/698/803
f 711/698/803 702/689/794 183/183/183
f 702/689/794 711/698/803 712/699/804
f 712/699/804 703/690/795 702/689/794
f 703/690/795 712/699/804 713/700/805
f 713/700/805 708/695/800 703/690/795
f 708/695/800 713/700/805 714/701/806
f 714/701/806 709/696/801 708/695/800
f 709/696/801 714/701/806 715/702/807
f 715/702/807 710/697/802 709/696/801
f 710/697/802 715/702/807 716/703/808
f 716/703/808 707/694/799 710/697/802
f 189/189/189 195/195/195 711/698/803
f 717/704/809 713/700/805 712/699/804
f 713/700/805 717/704/809 718/705/810
f 718/705/810 714/701/806 713/700/805
f 714/701/806 718/705/810 719/706/811
f 719/706/811 715/702/807 714/701/806
f 715/702/807 719/706/811 716/703/808
f 195/195/195 199/199/199 720/707/812
f 720/707/812 711/698/803 195/195/195
f 711/698/803 720/707/812 721/708/813
f 721/708/813 712/699/804 711/698/803
f 712/699/804 721/708/813 722/709/814
f 722/709/814 717/704/809 712/699/804
f 717/704/809 722/709/814 723/710/815
f 723/710/815 718/705/810 717/704/809
f 718/705/810 723/710/815 724/711/816
f 724/711/816 719/706/811 718/705/810
f 719/706/811 724/711/816 725/712/817
f 725/712/817 716/703/808 719/706/811
f 199/199/199 205/205/205 720/707/812
f 726/713/818 721/708/813 720/707/812
f 721/708/813 726/713/818 727/714/819
f 727/714/819 722/709/814 721/708/813
f 722/709/814 727/714/819 728/715/820
f 728/715/820 723/710/815 722/709/814
f 723/710/815 728/715/820 729/716/821
f 729/716/821 724/711/816 723/710/815
f 724/711/816 729/716/821 725/712/817
f 205/205/205 209/209/209 730/717/822
f 730/717/822 720/707/812 205/205/205
f 720/707/812 730/717/822 731/718/823
f 731/718/823 726/713/818 720/707/812
f 726/713/818 731/718/823 732/719/824
f 732/719/824 727/714/819 726/713/818
f 727/714/819 732/719/824 733/720/825
f 733/720/825 728/715/820 727/714/819
f 728/715/820 733/720/825 734/721/826
f 734/721/826 729/716/821 728/715/820
f 729/716/821 734/721/826 735/722/827
f 735/722/827 725/712/817 729/716/821
f 209/209/209 215/216/216 730/717/822
f 736/723/828 731/718/823 730/717/822
f 731/718/823 736/723/828 737/724/829
f 737/724/829 732/719/824 731/718/823
f 732/719/824 737/724/829 738/725/830
f 738/725/830 733/720/825 732/719/824
f 733/720/825 738/725/830 739/726/831
f 739/726/831 734/721/826 733/720/825
f 734/721/826 739/726/831 735/722/827
f 215/216/216 220/220/220 740/727/832
f 740/727/832 730/717/822 215/216/216
f 740/727/832 736/723/828 730/717/822
f 736/723/828 740/727/832 741/728/833
f 741/728/833 737/724/829 736/723/828
f 737/724/829 741/728/833 742/729/834
f 742/729/834 738/725/830 737/724/829
f 738/725/830 742/729/834 743/730/835
f 743/730/835 739/726/831 738/725/830
f 739/726/831 743/730/835 744/731/836
f 744/731/836 735/722/827 739/726/831
f 220/220/220 227/228/228 745/732/837
f 745/732/837 740/727/832 220/220/220
f 740/727/832 745/732/837 746/733/838
f 740/727/832 746/733/838 747/734/839
f 747/734/839 741/728/833 740/727/832
f 741/728/833 747/734/839 748/735/840
f 748/735/840 742/729/834 741/728/833
f 742/729/834 748/735/840 749/736/841
f 749/736/841 743/730/835 742/729/834
f 743/730/835 749/736/841 744/731/836
f 750/737/842 745/732/837 227/228/228
f 745/732/837 750/737/842 751/738/843
f 751/738/843 746/733/838 745/732/837
f 746/733/838 751/738/843 752/739/844
f 752/739/844 747/734/839 746/733/838
f 747/734/839 752/739/844 753/740/845
f 753/740/845 748/735/840 747/734/839
f 748/735/840 753/740/845 754/741/846
f 754/741/846 749/736/841 748/735/840
f 749/736/841 754/741/846 755/742/847
f 755/742/847 744/731/836 749/736/841
f 227/228/228 236/236/236 756/743/848
f 756/743/848 750/737/842 227/228/228
f 750/737/842 756/743/848 757/744/849
f 757/744/849 751/738/843 750/737/842
f 751/738/843 757/744/849 758/745/850
f 758/745/850 752/739/844 751/738/843
f 752/739/844 758/745/850 759/746/851
f 759/746/851 753/740/845 752/739/844
f 753/740/845 759/746/851 760/747/852
f 760/747/852 754/741/846 753/740/845
f 754/741/846 760/747/852 755/742/847
f 761/748/853 756/743/848 236/236/236
f 756/743/848 761/748/853 762/749/854
f 762/749/854 757/744/849 756/743/848
f 757/744/849 762/749/854 763/750/855
f 763/750/855 758/745/850 757/744/849
f 758/745/850 763/750/855 764/751/856
f 764/751/856 759/746/851 758/745/850
f 759/746/851 764/751/856 765/752/857
f 765/752/857 760/747/852 759/746/851
f 760/747/852 765/752/857 766/753/858
f 766/753/858 755/742/847 760/747/852
f 236/236/236 242/242/242 767/754/859
f 767/754/859 761/748/853 236/236/236
f 761/748/853 767/754/859 768/755/860
f 768/755/860 762/749/854 761/748/853
f 762/749/854 768/755/860 769/756/861
f 769/756/861 763/750/855 762/749/854
f 763/750/855 769/756/861 770/757/862
f 770/757/862 764/751/856 763/750/855
f 764/751/856 770/757/862 771/758/863
f 771/758/863 765/752/857 764/751/856
f 765/752/857 771/758/863 772/759/864
f 772/759/864 766/753/858 765/752/857
f 4110/293/865 268/292/314 773/760/866
f 773/760/865 4111/761/865 4112/293/865
f 4113/761/867 773/760/866 774/762/868
f 774/762/869 4114/763/869 4115/761/869
f 4116/763/870 774/762/868 775/764/871
f 775/764/872 4117/765/872 4118/763/872
f 4119/765/873 775/764/871 776/766/874
f 776/766/873 4120/767/873 4121/765/873
f 4122/767/875 776/766/874 777/768/876
f 777/768/875 4123/769/875 4124/767/875
f 4125/769/877 777/768/876 778/770/878
f 778/770/877 4126/771/877 4127/769/877
f 4128/771/879 778/770/878 779/772/880
f 779/772/879 4129/773/879 4130/771/879
f 4131/773/881 779/772/880 780/774/882
f 780/774/881 4132/775/881 4133/773/881
f 4134/775/883 780/774/882 781/776/884
f 781/776/883 4135/777/883 4136/775/883
f 4137/777/885 781/776/884 782/778/886
f 782/778/885 4138/779/885 4139/777/885
f 4140/779/887 782/778/886 783/780/888
f 783/780/887 4141/781/887 4142/779/887
f 4143/781/889 783/780/888 784/782/890
f 784/782/889 4144/783/889 4145/781/889
f 4146/783/891 784/782/890 785/784/892
f 785/784/891 4147/785/891 4148/783/891
f 4149/785/893 785/784/892 786/786/894
f 786/786/893 4150/787/893 4151/785/893
f 4152/787/895 786/786/894 787/788/896
f 787/788/895 4153/789/895 4154/787/895
f 4155/789/897 787/788/896 788/790/898
f 788/790/899 4156/791/899 4157/789/899
f 4158/791/900 788/790/898 789/792/901
f 789/792/900 4159/793/900 4160/791/900
f 4161/793/902 789/792/901 790/794/903
f 790/794/902 4162/795/902 4163/793/902
f 4164/795/904 790/794/903 791/796/905
f 791/796/904 4165/797/904 4166/795/904
f 4167/797/906 791/796/905 792/798/907
f 792/798/908 4168/799/908 4169/797/908
f 4170/799/909 792/798/907 793/800/910
f 793/800/909 4171/801/909 4172/799/909
f 4173/801/911 793/800/910 794/802/912
f 794/802/911 4174/803/911 4175/801/911
f 4176/803/913 794/802/912 795/804/914
f 795/804/913 4177/805/913 4178/803/913
f 4179/805/915 795/804/914 796/806/916
f 796/806/915 4180/807/915 4181/805/915
f 4182/807/917 796/806/916 797/808/918
f 797/808/917 4183/809/917 4184/807/917
f 268/292/314 276/20/323 798/501/919
f 798/501/919 773/760/866 268/292/314
f 798/501/919 774/762/868 773/760/866
f 798/501/919 775/764/871 774/762/868
f 798/501/919 776/766/874 775/764/871
f 798/501/919 777/768/876 776/766/874
f 798/501/919 778/770/878 777/768/876
f 798/501/919 779/772/880 778/770/878
f 798/501/919 780/774/882 779/772/880
f 780/774/882 798/501/919 799/502/920
f 799/502/920 781/776/884 780/774/882
f 799/502/920 782/778/886 781/776/884
f 799/502/920 783/780/888 782/778/886
f 799/502/920 784/782/890 783/780/888
f 784/782/890 799/502/920 800/503/921
f 800/503/921 785/784/892 784/782/890
f 800/503/921 786/786/894 785/784/892
f 800/503/921 787/788/896 786/786/894
f 800/503/921 788/790/898 787/788/896
f 788/790/898 800/503/921 801/504/922
f 801/504/922 789/792/901 788/790/898
f 801/504/922 790/794/903 789/792/901
f 801/504/922 791/796/905 790/794/903
f 801/504/922 792/798/907 791/796/905
f 792/798/907 801/504/922 802/810/923
f 802/810/923 793/800/910 792/798/907
f 802/810/923 794/802/912 793/800/910
f 802/810/923 795/804/914 794/802/912
f 802/810/923 796/806/916 795/804/914
f 796/806/916 802/810/923 803/506/924
f 803/506/924 797/808/918 796/806/916
f 804/811/925 798/501/919 276/20/323
f 798/501/919 804/811/925 805/812/926
f 805/812/926 799/502/920 798/501/919
f 799/502/920 805/812/926 806/509/927
f 806/509/927 800/503/921 799/502/920
f 800/503/921 806/509/927 807/510/928
f 807/510/928 801/504/922 800/503/921
f 801/504/922 807/510/928 808/813/929
f 808/813/929 802/810/923 801/504/922
f 802/810/923 808/813/929 803/506/924
f 276/20/323 286/299/333 809/814/930
f 809/814/930 804/811/925 276/20/323
f 804/811/925 809/814/930 810/815/931
f 810/815/931 805/812/926 804/811/925
f 805/812/926 810/815/931 811/816/932
f 811/816/932 806/509/927 805/812/926
f 806/509/927 811/816/932 812/817/933
f 812/817/933 807/510/928 806/509/927
f 807/510/928 812/817/933 813/818/934
f 813/818/934 808/813/929 807/510/928
f 808/813/929 813/818/934 814/517/935
f 814/517/935 803/506/924 808/813/929
f 815/819/936 809/814/930 286/299/333
f 809/814/930 815/819/936 816/519/937
f 816/519/937 810/815/931 809/814/930
f 810/815/931 816/519/937 817/520/938
f 817/520/938 811/816/932 810/815/931
f 811/816/932 817/520/938 818/820/939
f 818/820/939 812/817/933 811/816/932
f 812/817/933 818/820/939 819/821/940
f 819/821/940 813/818/934 812/817/933
f 813/818/934 819/821/940 814/517/935
f 286/299/333 294/38/341 820/523/941
f 820/523/941 815/819/936 286/299/333
f 815/819/936 820/523/941 821/524/942
f 821/524/942 816/519/937 815/819/936
f 816/519/937 821/524/942 822/525/943
f 822/525/943 817/520/938 816/519/937
f 817/520/938 822/525/943 823/822/944
f 823/822/944 818/820/939 817/520/938
f 818/820/939 823/822/944 824/823/945
f 824/823/945 819/821/940 818/820/939
f 819/821/940 824/823/945 825/528/946
f 825/528/946 814/517/935 819/821/940
f 826/824/947 820/523/941 294/38/341
f 820/523/941 826/824/947 827/530/948
f 827/530/948 821/524/942 820/523/941
f 821/524/942 827/530/948 828/531/949
f 828/531/949 822/525/943 821/524/942
f 822/525/943 828/531/949 829/825/950
f 829/825/950 823/822/944 822/525/943
f 823/822/944 829/825/950 830/533/951
f 830/533/951 824/823/945 823/822/944
f 824/823/945 830/533/951 825/528/946
f 294/38/341 303/46/350 831/826/952
f 831/826/952 826/824/947 294/38/341
f 826/824/947 831/826/952 832/827/953
f 832/827/953 827/530/948 826/824/947
f 827/530/948 832/827/953 833/536/954
f 833/536/954 828/531/949 827/530/948
f 828/531/949 833/536/954 834/828/955
f 834/828/955 829/825/950 828/531/949
f 829/825/950 834/828/955 835/538/956
f 835/538/956 830/533/951 829/825/950
f 830/533/951 835/538/956 836/829/957
f 836/829/957 825/528/946 830/533/951
f 837/830/958 831/826/952 303/46/350
f 831/826/952 837/830/958 838/541/959
f 838/541/959 832/827/953 831/826/952
f 832/827/953 838/541/959 839/542/960
f 839/542/960 833/536/954 832/827/953
f 833/536/954 839/542/960 840/543/961
f 840/543/961 834/828/955 833/536/954
f 834/828/955 840/543/961 841/544/962
f 841/544/962 835/538/956 834/828/955
f 835/538/956 841/544/962 836/829/957
f 303/46/350 311/55/358 842/545/963
f 842/545/963 837/830/958 303/46/350
f 837/830/958 842/545/963 843/831/964
f 843/831/964 838/541/959 837/830/958
f 838/541/959 843/831/964 844/547/965
f 844/547/965 839/542/960 838/541/959
f 839/542/960 844/547/965 845/832/966
f 845/832/966 840/543/961 839/542/960
f 840/543/961 845/832/966 846/549/967
f 846/549/967 841/544/962 840/543/961
f 841/544/962 846/549/967 847/550/968
f 847/550/968 836/829/957 841/544/962
f 848/833/969 842/545/963 311/55/358
f 842/545/963 848/833/969 849/834/970
f 849/834/970 843/831/964 842/545/963
f 843/831/964 849/834/970 850/553/971
f 850/553/971 844/547/965 843/831/964
f 844/547/965 850/553/971 851/835/972
f 851/835/972 845/832/966 844/547/965
f 845/832/966 851/835/972 852/836/973
f 852/836/973 846/549/967 845/832/966
f 846/549/967 852/836/973 847/550/968
f 311/55/358 320/63/367 853/556/974
f 853/556/974 848/833/969 311/55/358
f 848/833/969 853/556/974 854/837/975
f 854/837/975 849/834/970 848/833/969
f 849/834/970 854/837/975 855/838/976
f 855/838/976 850/553/971 849/834/970
f 850/553/971 855/838/976 856/839/977
f 856/839/977 851/835/972 850/553/971
f 851/835/972 856/839/977 857/840/978
f 857/840/978 852/836/973 851/835/972
f 852/836/973 857/840/978 858/561/979
f 858/561/979 847/550/968 852/836/973
f 859/841/980 853/556/974 320/63/367
f 853/556/974 859/841/980 854/837/975
f 860/563/981 855/838/976 854/837/975
f 855/838/976 860/563/981 861/564/982
f 861/564/982 856/839/977 855/838/976
f 856/839/977 861/564/982 862/842/983
f 862/842/983 857/840/978 856/839/977
f 857/840/978 862/842/983 858/561/979
f 320/63/367 328/72/375 863/843/984
f 863/843/984 859/841/980 320/63/367
f 859/841/980 863/843/984 864/844/985
f 864/844/985 854/837/975 859/841/980
f 854/837/975 864/844/985 865/845/986
f 865/845/986 860/563/981 854/837/975
f 860/563/981 865/845/986 866/846/987
f 866/846/987 861/564/982 860/563/981
f 861/564/982 866/846/987 867/570/988
f 867/570/988 862/842/983 861/564/982
f 862/842/983 867/570/988 868/571/989
f 868/571/989 858/561/979 862/842/983
f 869/847/990 863/843/984 328/72/375
f 863/843/984 869/847/990 864/844/985
f 870/848/991 865/845/986 864/844/985
f 865/845/986 870/848/991 871/849/992
f 871/849/992 866/846/987 865/845/986
f 866/846/987 871/849/992 872/575/993
f 872/575/993 867/570/988 866/846/987
f 867/570/988 872/575/993 868/571/989
f 328/72/375 337/320/384 873/850/994
f 873/850/994 869/847/990 328/72/375
f 869/847/990 873/850/994 874/851/995
f 874/851/995 864/844/985 869/847/990
f 864/844/985 874/851/995 875/852/996
f 875/852/996 870/848/991 864/844/985
f 870/848/991 875/852/996 876/579/997
f 876/579/997 871/849/992 870/848/991
f 871/849/992 876/579/997 877/853/998
f 877/853/998 872/575/993 871/849/992
f 872/575/993 877/853/998 878/581/999
f 878/581/999 868/571/989 872/575/993
f 879/854/1000 873/850/994 337/320/384
f 873/850/994 879/854/1000 880/583/1001
f 880/583/1001 874/851/995 873/850/994
f 874/851/995 880/583/1001 881/855/1002
f 881/855/1002 875/852/996 874/851/995
f 875/852/996 881/855/1002 882/585/1003
f 882/585/1003 876/579/997 875/852/996
f 876/579/997 882/585/1003 883/856/1004
f 883/856/1004 877/853/998 876/579/997
f 877/853/998 883/856/1004 878/581/999
f 337/320/384 345/89/392 884/587/1005
f 884/587/1005 879/854/1000 337/320/384
f 879/854/1000 884/587/1005 885/857/1006
f 885/857/1006 880/583/1001 879/854/1000
f 880/583/1001 885/857/1006 886/858/1007
f 886/858/1007 881/855/1002 880/583/1001
f 881/855/1002 886/858/1007 887/590/1008
f 887/590/1008 882/585/1003 881/855/1002
f 882/585/1003 887/590/1008 888/591/1009
f 888/591/1009 883/856/1004 882/585/1003
f 883/856/1004 888/591/1009 889/592/1010
f 889/592/1010 878/581/999 883/856/1004
f 890/859/1011 884/587/1005 345/89/392
f 884/587/1005 890/859/1011 891/594/1012
f 891/594/1012 885/857/1006 884/587/1005
f 885/857/1006 891/594/1012 892/860/1013
f 892/860/1013 886/858/1007 885/857/1006
f 886/858/1007 892/860/1013 893/596/1014
f 893/596/1014 887/590/1008 886/858/1007
f 887/590/1008 893/596/1014 894/861/1015
f 894/861/1015 888/591/1009 887/590/1008
f 888/591/1009 894/861/1015 889/592/1010
f 345/89/392 354/328/401 895/862/1016
f 895/862/1016 890/859/1011 345/89/392
f 890/859/1011 895/862/1016 896/599/1017
f 896/599/1017 891/594/1012 890/859/1011
f 891/594/1012 896/599/1017 897/863/1018
f 897/863/1018 892/860/1013 891/594/1012
f 892/860/1013 897/863/1018 898/864/1019
f 898/864/1019 893/596/1014 892/860/1013
f 893/596/1014 898/864/1019 899/865/1020
f 899/865/1020 894/861/1015 893/596/1014
f 894/861/1015 899/865/1020 900/866/1021
f 900/866/1021 889/592/1010 894/861/1015
f 901/867/1022 895/862/1016 354/328/401
f 895/862/1016 901/867/1022 902/605/1023
f 902/605/1023 896/599/1017 895/862/1016
f 896/599/1017 902/605/1023 903/606/1024
f 903/606/1024 897/863/1018 896/599/1017
f 897/863/1018 903/606/1024 904/868/1025
f 904/868/1025 898/864/1019 897/863/1018
f 898/864/1019 904/868/1025 905/869/1026
f 905/869/1026 899/865/1020 898/864/1019
f 899/865/1020 905/869/1026 900/866/1021
f 354/328/401 362/106/409 906/609/1027
f 906/609/1027 901/867/1022 354/328/401
f 901/867/1022 906/609/1027 907/610/1028
f 907/610/1028 902/605/1023 901/867/1022
f 902/605/1023 907/610/1028 908/870/1029
f 908/870/1029 903/606/1024 902/605/1023
f 903/606/1024 908/870/1029 909/871/1030
f 909/871/1030 904/868/1025 903/606/1024
f 904/868/1025 909/871/1030 910/872/1031
f 910/872/1031 905/869/1026 904/868/1025
f 905/869/1026 910/872/1031 911/614/1032
f 911/614/1032 900/866/1021 905/869/1026
f 912/615/1033 906/609/1027 362/106/409
f 906/609/1027 912/615/1033 913/616/1034
f 913/616/1034 907/610/1028 906/609/1027
f 907/610/1028 913/616/1034 914/873/1035
f 914/873/1035 908/870/1029 907/610/1028
f 908/870/1029 914/873/1035 915/874/1036
f 915/874/1036 909/871/1030 908/870/1029
f 909/871/1030 915/874/1036 916/619/1037
f 916/619/1037 910/872/1031 909/871/1030
f 910/872/1031 916/619/1037 911/614/1032
f 362/106/409 371/337/418 917/620/1038
f 917/620/1038 912/615/1033 362/106/409
f 912/615/1033 917/620/1038 918/621/1039
f 918/621/1039 913/616/1034 912/615/1033
f 913/616/1034 918/621/1039 919/622/1040
f 919/622/1040 914/873/1035 913/616/1034
f 914/873/1035 919/622/1040 920/875/1041
f 920/875/1041 915/874/1036 914/873/1035
f 915/874/1036 920/875/1041 921/624/1042
f 921/624/1042 916/619/1037 915/874/1036
f 916/619/1037 921/624/1042 922/625/1043
f 922/625/1043 911/614/1032 916/619/1037
f 371/337/418 377/342/424 923/876/1044
f 923/876/1044 917/620/1038 371/337/418
f 917/620/1038 923/876/1044 924/627/1045
f 924/627/1045 918/621/1039 917/620/1038
f 918/621/1039 924/627/1045 925/628/1046
f 925/628/1046 919/622/1040 918/621/1039
f 919/622/1040 925/628/1046 926/877/1047
f 926/877/1047 920/875/1041 919/622/1040
f 920/875/1041 926/877/1047 927/630/1048
f 927/630/1048 921/624/1042 920/875/1041
f 921/624/1042 927/630/1048 922/625/1043
f 928/878/1049 923/876/1044 377/342/424
f 923/876/1044 928/878/1049 929/632/1050
f 929/632/1050 924/627/1045 923/876/1044
f 924/627/1045 929/632/1050 930/879/1051
f 930/879/1051 925/628/1046 924/627/1045
f 925/628/1046 930/879/1051 931/880/1052
f 931/880/1052 926/877/1047 925/628/1046
f 926/877/1047 931/880/1052 932/635/1053
f 932/635/1053 927/630/1048 926/877/1047
f 927/630/1048 932/635/1053 933/881/1054
f 933/881/1054 922/625/1043 927/630/1048
f 377/342/424 388/351/435 934/882/1055
f 934/882/1055 928/878/1049 377/342/424
f 928/878/1049 934/882/1055 935/638/1056
f 935/638/1056 929/632/1050 928/878/1049
f 929/632/1050 935/638/1056 936/883/1057
f 936/883/1057 930/879/1051 929/632/1050
f 930/879/1051 936/883/1057 937/640/1058
f 937/640/1058 931/880/1052 930/879/1051
f 931/880/1052 937/640/1058 938/641/1059
f 938/641/1059 932/635/1053 931/880/1052
f 932/635/1053 938/641/1059 939/642/1060
f 939/642/1060 933/881/1054 932/635/1053
f 940/643/1061 934/882/1055 388/351/435
f 934/882/1055 940/643/1061 941/884/1062
f 941/884/1062 935/638/1056 934/882/1055
f 935/638/1056 941/884/1062 942/885/1063
f 942/885/1063 936/883/1057 935/638/1056
f 936/883/1057 942/885/1063 943/646/1064
f 943/646/1064 937/640/1058 936/883/1057
f 937/640/1058 943/646/1064 944/886/1065
f 944/886/1065 938/641/1059 937/640/1058
f 938/641/1059 944/886/1065 939/642/1060
f 388/351/435 397/359/444 945/648/1066
f 945/648/1066 940/643/1061 388/351/435
f 940/643/1061 945/648/1066 946/649/1067
f 946/649/1067 941/884/1062 940/643/1061
f 941/884/1062 946/649/1067 947/887/1068
f 947/887/1068 942/885/1063 941/884/1062
f 942/885/1063 947/887/1068 948/888/1069
f 948/888/1069 943/646/1064 942/885/1063
f 943/646/1064 948/888/1069 949/652/1070
f 949/652/1070 944/886/1065 943/646/1064
f 944/886/1065 949/652/1070 950/653/1071
f 950/653/1071 939/642/1060 944/886/1065
f 951/654/1072 945/648/1066 397/359/444
f 945/648/1066 951/654/1072 952/655/1073
f 952/655/1073 946/649/1067 945/648/1066
f 946/649/1067 952/655/1073 953/656/1074
f 953/656/1074 947/887/1068 946/649/1067
f 947/887/1068 953/656/1074 954/889/1075
f 954/889/1075 948/888/1069 947/887/1068
f 948/888/1069 954/889/1075 955/890/1076
f 955/890/1076 949/652/1070 948/888/1069
f 949/652/1070 955/890/1076 950/653/1071
f 397/359/444 406/368/453 956/891/1077
f 956/891/1077 951/654/1072 397/359/444
f 951/654/1072 956/891/1077 957/660/1078
f 957/660/1078 952/655/1073 951/654/1072
f 952/655/1073 957/660/1078 958/892/1079
f 958/892/1079 953/656/1074 952/655/1073
f 953/656/1074 958/892/1079 959/662/1080
f 959/662/1080 954/889/1075 953/656/1074
f 954/889/1075 959/662/1080 960/893/1081
f 960/893/1081 955/890/1076 954/889/1075
f 955/890/1076 960/893/1081 961/664/1082
f 961/664/1082 950/653/1071 955/890/1076
f 962/894/1083 956/891/1077 406/368/453
f 956/891/1077 962/894/1083 963/895/1084
f 963/895/1084 957/660/1078 956/891/1077
f 957/660/1078 963/895/1084 964/896/1085
f 964/896/1085 958/892/1079 957/660/1078
f 958/892/1079 964/896/1085 965/897/1086
f 965/897/1086 959/662/1080 958/892/1079
f 959/662/1080 965/897/1086 966/668/1087
f 966/668/1087 960/893/1081 959/662/1080
f 960/893/1081 966/668/1087 961/664/1082
f 406/368/453 414/376/461 967/898/1088
f 967/898/1088 962/894/1083 406/368/453
f 962/894/1083 967/898/1088 968/899/1089
f 968/899/1089 963/895/1084 962/894/1083
f 963/895/1084 968/899/1089 969/900/1090
f 969/900/1090 964/896/1085 963/895/1084
f 964/896/1085 969/900/1090 970/672/1091
f 970/672/1091 965/897/1086 964/896/1085
f 965/897/1086 970/672/1091 971/901/1092
f 971/901/1092 966/668/1087 965/897/1086
f 966/668/1087 971/901/1092 972/674/1093
f 972/674/1093 961/664/1082 966/668/1087
f 973/902/1094 967/898/1088 414/376/461
f 967/898/1088 973/902/1094 974/675/1095
f 974/675/1095 968/899/1089 967/898/1088
f 968/899/1089 974/675/1095 975/903/1096
f 975/903/1096 969/900/1090 968/899/1089
f 969/900/1090 975/903/1096 976/904/1097
f 976/904/1097 970/672/1091 969/900/1090
f 970/672/1091 976/904/1097 977/905/1098
f 977/905/1098 971/901/1092 970/672/1091
f 971/901/1092 977/905/1098 972/674/1093
f 414/376/461 423/385/470 978/906/1099
f 978/906/1099 973/902/1094 414/376/461
f 973/902/1094 978/906/1099 979/907/1100
f 979/907/1100 974/675/1095 973/902/1094
f 974/675/1095 979/907/1100 980/908/1101
f 980/908/1101 975/903/1096 974/675/1095
f 975/903/1096 980/908/1101 981/682/1102
f 981/682/1102 976/904/1097 975/903/1096
f 976/904/1097 981/682/1102 982/683/1103
f 982/683/1103 977/905/1098 976/904/1097
f 977/905/1098 982/683/1103 983/909/1104
f 983/909/1104 972/674/1093 977/905/1098
f 984/910/1105 978/906/1099 423/385/470
f 978/906/1099 984/910/1105 985/685/1106
f 985/685/1106 979/907/1100 978/906/1099
f 979/907/1100 985/685/1106 986/911/1107
f 986/911/1107 980/908/1101 979/907/1100
f 980/908/1101 986/911/1107 987/912/1108
f 987/912/1108 981/682/1102 980/908/1101
f 981/682/1102 987/912/1108 988/688/1109
f 988/688/1109 982/683/1103 981/682/1102
f 982/683/1103 988/688/1109 983/909/1104
f 423/385/470 431/393/478 989/913/1110
f 989/913/1110 984/910/1105 423/385/470
f 984/910/1105 989/913/1110 990/914/1111
f 990/914/1111 985/685/1106 984/910/1105
f 985/685/1106 990/914/1111 991/915/1112
f 991/915/1112 986/911/1107 985/685/1106
f 986/911/1107 991/915/1112 992/916/1113
f 992/916/1113 987/912/1108 986/911/1107
f 987/912/1108 992/916/1113 993/917/1114
f 993/917/1114 988/688/1109 987/912/1108
f 988/688/1109 993/917/1114 994/694/1115
f 994/694/1115 983/909/1104 988/688/1109
f 995/918/1116 989/913/1110 431/393/478
f 989/913/1110 995/918/1116 990/914/1111
f 996/695/1117 991/915/1112 990/914/1111
f 991/915/1112 996/695/1117 997/919/1118
f 997/919/1118 992/916/1113 991/915/1112
f 992/916/1113 997/919/1118 998/697/1119
f 998/697/1119 993/917/1114 992/916/1113
f 993/917/1114 998/697/1119 994/694/1115
f 431/393/478 440/402/487 999/920/1120
f 999/920/1120 995/918/1116 431/393/478
f 995/918/1116 999/920/1120 1000/699/1121
f 1000/699/1121 990/914/1111 995/918/1116
f 990/914/1111 1000/699/1121 1001/700/1122
f 1001/700/1122 996/695/1117 990/914/1111
f 996/695/1117 1001/700/1122 1002/921/1123
f 1002/921/1123 997/919/1118 996/695/1117
f 997/919/1118 1002/921/1123 1003/922/1124
f 1003/922/1124 998/697/1119 997/919/1118
f 998/697/1119 1003/922/1124 1004/703/1125
f 1004/703/1125 994/694/1115 998/697/1119
f 1005/923/1126 999/920/1120 440/402/487
f 999/920/1120 1005/923/1126 1000/699/1121
f 1006/704/1127 1001/700/1122 1000/699/1121
f 1001/700/1122 1006/704/1127 1007/924/1128
f 1007/924/1128 1002/921/1123 1001/700/1122
f 1002/921/1123 1007/924/1128 1008/706/1129
f 1008/706/1129 1003/922/1124 1002/921/1123
f 1003/922/1124 1008/706/1129 1004/703/1125
f 440/402/487 448/410/495 1009/925/1130
f 1009/925/1130 1005/923/1126 440/402/487
f 1005/923/1126 1009/925/1130 1010/926/1131
f 1010/926/1131 1000/699/1121 1005/923/1126
f 1000/699/1121 1010/926/1131 1011/709/1132
f 1011/709/1132 1006/704/1127 1000/699/1121
f 1006/704/1127 1011/709/1132 1012/927/1133
f 1012/927/1133 1007/924/1128 1006/704/1127
f 1007/924/1128 1012/927/1133 1013/711/1134
f 1013/711/1134 1008/706/1129 1007/924/1128
f 1008/706/1129 1013/711/1134 1014/712/1135
f 1014/712/1135 1004/703/1125 1008/706/1129
f 1015/928/1136 1009/925/1130 448/410/495
f 1009/925/1130 1015/928/1136 1016/929/1137
f 1016/929/1137 1010/926/1131 1009/925/1130
f 1010/926/1131 1016/929/1137 1017/714/1138
f 1017/714/1138 1011/709/1132 1010/926/1131
f 1011/709/1132 1017/714/1138 1018/930/1139
f 1018/930/1139 1012/927/1133 1011/709/1132
f 1012/927/1133 1018/930/1139 1019/931/1140
f 1019/931/1140 1013/711/1134 1012/927/1133
f 1013/711/1134 1019/931/1140 1014/712/1135
f 448/410/495 457/419/504 1020/932/1141
f 1020/932/1141 1015/928/1136 448/410/495
f 1015/928/1136 1020/932/1141 1021/718/1142
f 1021/718/1142 1016/929/1137 1015/928/1136
f 1016/929/1137 1021/718/1142 1022/719/1143
f 1022/719/1143 1017/714/1138 1016/929/1137
f 1017/714/1138 1022/719/1143 1023/933/1144
f 1023/933/1144 1018/930/1139 1017/714/1138
f 1018/930/1139 1023/933/1144 1024/934/1145
f 1024/934/1145 1019/931/1140 1018/930/1139
f 1019/931/1140 1024/934/1145 1025/935/1146
f 1025/935/1146 1014/712/1135 1019/931/1140
f 1026/936/1147 1020/932/1141 457/419/504
f 1020/932/1141 1026/936/1147 1027/723/1148
f 1027/723/1148 1021/718/1142 1020/932/1141
f 1021/718/1142 1027/723/1148 1028/724/1149
f 1028/724/1149 1022/719/1143 1021/718/1142
f 1022/719/1143 1028/724/1149 1029/937/1150
f 1029/937/1150 1023/933/1144 1022/719/1143
f 1023/933/1144 1029/937/1150 1030/938/1151
f 1030/938/1151 1024/934/1145 1023/933/1144
f 1024/934/1145 1030/938/1151 1025/935/1146
f 457/419/504 465/427/512 1031/939/1152
f 1031/939/1152 1026/936/1147 457/419/504
f 1026/936/1147 1031/939/1152 1032/940/1153
f 1032/940/1153 1027/723/1148 1026/936/1147
f 1027/723/1148 1032/940/1153 1033/941/1154
f 1033/941/1154 1028/724/1149 1027/723/1148
f 1028/724/1149 1033/941/1154 1034/942/1155
f 1034/942/1155 1029/937/1150 1028/724/1149
f 1029/937/1150 1034/942/1155 1035/943/1156
f 1035/943/1156 1030/938/1151 1029/937/1150
f 1030/938/1151 1035/943/1156 1036/731/1157
f 1036/731/1157 1025/935/1146 1030/938/1151
f 1037/944/1158 1031/939/1152 465/427/512
f 1031/939/1152 1037/944/1158 1038/945/1159
f 1038/945/1159 1032/940/1153 1031/939/1152
f 1032/940/1153 1038/945/1159 1039/946/1160
f 1039/946/1160 1033/941/1154 1032/940/1153
f 1033/941/1154 1039/946/1160 1040/735/1161
f 1040/735/1161 1034/942/1155 1033/941/1154
f 1034/942/1155 1040/735/1161 1041/947/1162
f 1041/947/1162 1035/943/1156 1034/942/1155
f 1035/943/1156 1041/947/1162 1036/731/1157
f 465/427/512 474/436/521 1042/737/1163
f 1042/737/1163 1037/944/1158 465/427/512
f 1037/944/1158 1042/737/1163 1043/948/1164
f 1043/948/1164 1038/945/1159 1037/944/1158
f 1038/945/1159 1043/948/1164 1044/739/1165
f 1044/739/1165 1039/946/1160 1038/945/1159
f 1039/946/1160 1044/739/1165 1045/740/1166
f 1045/740/1166 1040/735/1161 1039/946/1160
f 1040/735/1161 1045/740/1166 1046/949/1167
f 1046/949/1167 1041/947/1162 1040/735/1161
f 1041/947/1162 1046/949/1167 1047/742/1168
f 1047/742/1168 1036/731/1157 1041/947/1162
f 1048/950/1169 1042/737/1163 474/436/521
f 1042/737/1163 1048/950/1169 1049/951/1170
f 1049/951/1170 1043/948/1164 1042/737/1163
f 1043/948/1164 1049/951/1170 1050/745/1171
f 1050/745/1171 1044/739/1165 1043/948/1164
f 1044/739/1165 1050/745/1171 1051/746/1172
f 1051/746/1172 1045/740/1166 1044/739/1165
f 1045/740/1166 1051/746/1172 1052/952/1173
f 1052/952/1173 1046/949/1167 1045/740/1166
f 1046/949/1167 1052/952/1173 1047/742/1168
f 474/436/521 501/463/548 1053/953/1174
f 1053/953/1174 1048/950/1169 474/436/521
f 1048/950/1169 1053/953/1174 1054/954/1175
f 1048/950/1169 1054/954/1175 1055/955/1176
f 1048/950/1169 1055/955/1176 1056/956/1177
f 1048/950/1169 1056/956/1177 1057/957/1178
f 1048/950/1169 1057/957/1178 1058/958/1179
f 1048/950/1169 1058/958/1179 1059/959/1180
f 1048/950/1169 1059/959/1180 1060/960/1181
f 1048/950/1169 1060/960/1181 1061/961/1182
f 1061/961/1182 1049/951/1170 1048/950/1169
f 1049/951/1170 1061/961/1182 1062/962/1183
f 1049/951/1170 1062/962/1183 1063/963/1184
f 1049/951/1170 1063/963/1184 1064/964/1185
f 1049/951/1170 1064/964/1185 1065/965/1186
f 1065/965/1186 1050/745/1171 1049/951/1170
f 1050/745/1171 1065/965/1186 1066/966/1187
f 1050/745/1171 1066/966/1187 1067/967/1188
f 1050/745/1171 1067/967/1188 1068/968/1189
f 1050/745/1171 1068/968/1189 1069/969/1190
f 1069/969/1190 1051/746/1172 1050/745/1171
f 1051/746/1172 1069/969/1190 1070/970/1191
f 1051/746/1172 1070/970/1191 1071/971/1192
f 1051/746/1172 1071/971/1192 1072/972/1193
f 1051/746/1172 1072/972/1193 1073/973/1194
f 1073/973/1194 1052/952/1173 1051/746/1172
f 1052/952/1173 1073/973/1194 1074/974/1195
f 1052/952/1173 1074/974/1195 1075/975/1196
f 1052/952/1173 1075/975/1196 1076/976/1197
f 1052/952/1173 1076/976/1197 1077/977/1198
f 1077/977/1198 1047/742/1168 1052/952/1173
f 501/463/1199 4185/488/1199 4186/978/1199
f 4187/978/1200 1053/953/1174 501/463/548
f 1053/953/1201 4188/978/1201 4189/979/1201
f 4190/979/1201 1054/954/1175 1053/953/1174
f 1054/954/1202 4191/979/1202 4192/980/1202
f 4193/980/1203 1055/955/1176 1054/954/1175
f 1055/955/1204 4194/980/1204 4195/981/1204
f 4196/981/1205 1056/956/1177 1055/955/1176
f 1056/956/1206 4197/981/1206 4198/982/1206
f 4199/982/1206 1057/957/1178 1056/956/1177
f 1057/957/1207 4200/982/1207 4201/983/1207
f 4202/983/1207 1058/958/1179 1057/957/1178
f 1058/958/1208 4203/983/1208 4204/984/1208
f 4205/984/1208 1059/959/1180 1058/958/1179
f 1059/959/1209 4206/984/1209 4207/985/1209
f 4208/985/1210 1060/960/1181 1059/959/1180
f 1060/960/1211 4209/985/1211 4210/986/1211
f 4211/986/1211 1061/961/1182 1060/960/1181
f 1061/961/1212 4212/986/1212 4213/987/1212
f 4214/987/1212 1062/962/1183 1061/961/1182
f 1062/962/1213 4215/987/1213 4216/988/1213
f 4217/988/1213 1063/963/1184 1062/962/1183
f 1063/963/1214 4218/988/1214 4219/989/1214
f 4220/989/1214 1064/964/1185 1063/963/1184
f 1064/964/1215 4221/989/1215 4222/990/1215
f 4223/990/1215 1065/965/1186 1064/964/1185
f 1065/965/1216 4224/990/1216 4225/991/1216
f 4226/991/1216 1066/966/1187 1065/965/1186
f 1066/966/1217 4227/991/1217 4228/992/1217
f 4229/992/1218 1067/967/1188 1066/966/1187
f 1067/967/1219 4230/992/1219 4231/993/1219
f 4232/993/1219 1068/968/1189 1067/967/1188
f 1068/968/1220 4233/993/1220 4234/994/1220
f 4235/994/1220 1069/969/1190 1068/968/1189
f 1069/969/1221 4236/994/1221 4237/995/1221
f 4238/995/1221 1070/970/1191 1069/969/1190
f 1070/970/1222 4239/995/1222 4240/996/1222
f 4241/996/1222 1071/971/1192 1070/970/1191
f 1071/971/1223 4242/996/1223 4243/997/1223
f 4244/997/1223 1072/972/1193 1071/971/1192
f 1072/972/1224 4245/997/1224 4246/998/1224
f 4247/998/1224 1073/973/1194 1072/972/1193
f 1073/973/1225 4248/998/1225 4249/999/1225
f 4250/999/1225 1074/974/1195 1073/973/1194
f 1074/974/1226 4251/999/1226 4252/1000/1226
f 4253/1000/1226 1075/975/1196 1074/974/1195
f 1075/975/1227 4254/1000/1227 4255/1001/1227
f 4256/1001/1228 1076/976/1197 1075/975/1196
f 1076/976/1229 4257/1001/1229 4258/1002/1229
f 4259/1002/1229 1077/977/1198 1076/976/1197
f 507/500/605 513/499/604 1083/1003/1230
f 1083/1003/1230 1078/1004/1231 507/500/605
f 1078/1004/1231 1083/1003/1230 1084/1005/1232
f 1078/1004/1231 1084/1005/1232 1085/1006/1233
f 1085/1006/1233 1079/1007/1234 1078/1004/1231
f 1079/1007/1234 1085/1006/1233 1086/1008/1235
f 1086/1008/1235 1080/1009/1236 1079/1007/1234
f 1080/1009/1236 1086/1008/1235 1087/1010/1237
f 1080/1009/1236 1087/1010/1237 1088/1011/1238
f 1088/1011/1238 1081/1012/1239 1080/1009/1236
f 1081/1012/1239 1088/1011/1238 1089/1013/1240
f 1089/1013/1240 1082/1014/1241 1081/1012/1239
f 513/499/604 519/506/611 1090/1015/1242
f 1090/1015/1242 1083/1003/1230 513/499/604
f 1083/1003/1230 1090/1015/1242 1091/1016/1243
f 1091/1016/1243 1084/1005/1232 1083/1003/1230
f 1084/1005/1232 1091/1016/1243 1092/1017/1244
f 1092/1017/1244 1085/1006/1233 1084/1005/1232
f 1085/1006/1233 1092/1017/1244 1093/1018/1245
f 1085/1006/1233 1093/1018/1245 1094/1019/1246
f 1094/1019/1246 1086/1008/1235 1085/1006/1233
f 1086/1008/1235 1094/1019/1246 1095/1020/1247
f 1095/1020/1247 1087/1010/1237 1086/1008/1235
f 1087/1010/1237 1095/1020/1247 1096/1021/1248
f 1096/1021/1248 1088/1011/1238 1087/1010/1237
f 1088/1011/1238 1096/1021/1248 1097/1022/1249
f 1088/1011/1238 1097/1022/1249 1098/1023/1250
f 1098/1023/1250 1089/1013/1240 1088/1011/1238
f 1099/1024/1251 1094/1019/1246 1093/1018/1245
f 1094/1019/1246 1099/1024/1251 1095/1020/1247
f 519/506/611 530/517/622 1100/1025/1252
f 1100/1025/1252 1090/1015/1242 519/506/611
f 1090/1015/1242 1100/1025/1252 1101/1026/1253
f 1101/1026/1253 1091/1016/1243 1090/1015/1242
f 1091/1016/1243 1101/1026/1253 1102/1027/1254
f 1102/1027/1254 1092/1017/1244 1091/1016/1243
f 1092/1017/1244 1102/1027/1254 1103/1028/1255
f 1103/1028/1255 1093/1018/1245 1092/1017/1244
f 1093/1018/1245 1103/1028/1255 1104/1029/1256
f 1104/1029/1256 1099/1024/1251 1093/1018/1245
f 1099/1024/1251 1104/1029/1256 1105/1030/1257
f 1105/1030/1257 1095/1020/1247 1099/1024/1251
f 1095/1020/1247 1105/1030/1257 1106/1031/1258
f 1106/1031/1258 1096/1021/1248 1095/1020/1247
f 1096/1021/1248 1106/1031/1258 1107/1032/1259
f 1107/1032/1259 1097/1022/1249 1096/1021/1248
f 1097/1022/1249 1107/1032/1259 1108/1033/1260
f 1108/1033/1260 1098/1023/1250 1097/1022/1249
f 1109/1034/1261 1104/1029/1256 1103/1028/1255
f 1104/1029/1256 1109/1034/1261 1105/1030/1257
f 530/517/622 541/528/633 1110/1035/1262
f 1110/1035/1262 1100/1025/1252 530/517/622
f 1100/1025/1252 1110/1035/1262 1111/1036/1263
f 1111/1036/1263 1101/1026/1253 1100/1025/1252
f 1101/1026/1253 1111/1036/1263 1112/1037/1264
f 1112/1037/1264 1102/1027/1254 1101/1026/1253
f 1102/1027/1254 1112/1037/1264 1113/1038/1265
f 1113/1038/1265 1103/1028/1255 1102/1027/1254
f 1103/1028/1255 1113/1038/1265 1114/1039/1266
f 1114/1039/1266 1109/1034/1261 1103/1028/1255
f 1109/1034/1261 1114/1039/1266 1115/1040/1267
f 1115/1040/1267 1105/1030/1257 1109/1034/1261
f 1105/1030/1257 1115/1040/1267 1116/1041/1268
f 1116/1041/1268 1106/1031/1258 1105/1030/1257
f 1106/1031/1258 1116/1041/1268 1117/1042/1269
f 1117/1042/1269 1107/1032/1259 1106/1031/1258
f 1107/1032/1259 1117/1042/1269 1118/1043/1270
f 1118/1043/1270 1108/1033/1260 1107/1032/1259
f 1119/1044/1271 1114/1039/1266 1113/1038/1265
f 1114/1039/1266 1119/1044/1271 1115/1040/1267
f 541/528/633 552/539/644 1120/1045/1272
f 1120/1045/1272 1110/1035/1262 541/528/633
f 1110/1035/1262 1120/1045/1272 1121/1046/1273
f 1121/1046/1273 1111/1036/1263 1110/1035/1262
f 1111/1036/1263 1121/1046/1273 1122/1047/1274
f 1122/1047/1274 1112/1037/1264 1111/1036/1263
f 1112/1037/1264 1122/1047/1274 1123/1048/1275
f 1123/1048/1275 1113/1038/1265 1112/1037/1264
f 1113/1038/1265 1123/1048/1275 1124/1049/1276
f 1124/1049/1276 1119/1044/1271 1113/1038/1265
f 1119/1044/1271 1124/1049/1276 1125/1050/1277
f 1125/1050/1277 1115/1040/1267 1119/1044/1271
f 1115/1040/1267 1125/1050/1277 1126/1051/1278
f 1126/1051/1278 1116/1041/1268 1115/1040/1267
f 1116/1041/1268 1126/1051/1278 1127/1052/1279
f 1127/1052/1279 1117/1042/1269 1116/1041/1268
f 1117/1042/1269 1127/1052/1279 1128/1053/1280
f 1128/1053/1280 1118/1043/1270 1117/1042/1269
f 552/539/644 563/550/655 1129/1054/1281
f 1129/1054/1281 1120/1045/1272 552/539/644
f 1120/1045/1272 1129/1054/1281 1130/1055/1282
f 1130/1055/1282 1121/1046/1273 1120/1045/1272
f 1121/1046/1273 1130/1055/1282 1131/1056/1283
f 1131/1056/1283 1122/1047/1274 1121/1046/1273
f 1122/1047/1274 1131/1056/1283 1132/1057/1284
f 1132/1057/1284 1123/1048/1275 1122/1047/1274
f 1123/1048/1275 1132/1057/1284 1133/1058/1285
f 1133/1058/1285 1124/1049/1276 1123/1048/1275
f 1124/1049/1276 1133/1058/1285 1134/1059/1286
f 1134/1059/1286 1125/1050/1277 1124/1049/1276
f 1125/1050/1277 1134/1059/1286 1135/1060/1287
f 1135/1060/1287 1126/1051/1278 1125/1050/1277
f 1126/1051/1278 1135/1060/1287 1136/1061/1288
f 1136/1061/1288 1127/1052/1279 1126/1051/1278
f 1127/1052/1279 1136/1061/1288 1137/1062/1289
f 1137/1062/1289 1128/1053/1280 1127/1052/1279
f 563/550/655 574/561/666 1138/1063/1290
f 1138/1063/1290 1129/1054/1281 563/550/655
f 1129/1054/1281 1138/1063/1290 1139/1064/1291
f 1139/1064/1291 1130/1055/1282 1129/1054/1281
f 1130/1055/1282 1139/1064/1291 1140/1065/1292
f 1140/1065/1292 1131/1056/1283 1130/1055/1282
f 1131/1056/1283 1140/1065/1292 1141/1066/1293
f 1141/1066/1293 1132/1057/1284 1131/1056/1283
f 1132/1057/1284 1141/1066/1293 1142/1067/1294
f 1142/1067/1294 1133/1058/1285 1132/1057/1284
f 1133/1058/1285 1142/1067/1294 1143/1068/1295
f 1143/1068/1295 1134/1059/1286 1133/1058/1285
f 1134/1059/1286 1143/1068/1295 1144/1069/1296
f 1144/1069/1296 1135/1060/1287 1134/1059/1286
f 1135/1060/1287 1144/1069/1296 1145/1070/1297
f 1145/1070/1297 1136/1061/1288 1135/1060/1287
f 1136/1061/1288 1145/1070/1297 1146/1071/1298
f 1146/1071/1298 1137/1062/1289 1136/1061/1288
f 574/561/666 584/571/676 1147/1072/1299
f 1147/1072/1299 1138/1063/1290 574/561/666
f 1138/1063/1290 1147/1072/1299 1148/1073/1300
f 1148/1073/1300 1139/1064/1291 1138/1063/1290
f 1139/1064/1291 1148/1073/1300 1149/1074/1301
f 1149/1074/1301 1140/1065/1292 1139/1064/1291
f 1140/1065/1292 1149/1074/1301 1150/1075/1302
f 1150/1075/1302 1141/1066/1293 1140/1065/1292
f 1141/1066/1293 1150/1075/1302 1151/1076/1303
f 1151/1076/1303 1142/1067/1294 1141/1066/1293
f 1142/1067/1294 1151/1076/1303 1152/1077/1304
f 1152/1077/1304 1143/1068/1295 1142/1067/1294
f 1143/1068/1295 1152/1077/1304 1153/1078/1305
f 1153/1078/1305 1144/1069/1296 1143/1068/1295
f 1144/1069/1296 1153/1078/1305 1154/1079/1306
f 1154/1079/1306 1145/1070/1297 1144/1069/1296
f 1145/1070/1297 1154/1079/1306 1155/1080/1307
f 1155/1080/1307 1146/1071/1298 1145/1070/1297
f 584/571/676 594/581/686 1156/1081/1308
f 1156/1081/1308 1147/1072/1299 584/571/676
f 1147/1072/1299 1156/1081/1308 1157/1082/1309
f 1157/1082/1309 1148/1073/1300 1147/1072/1299
f 1148/1073/1300 1157/1082/1309 1158/1083/1310
f 1158/1083/1310 1149/1074/1301 1148/1073/1300
f 1149/1074/1301 1158/1083/1310 1159/1084/1311
f 1159/1084/1311 1150/1075/1302 1149/1074/1301
f 1150/1075/1302 1159/1084/1311 1160/1085/1312
f 1160/1085/1312 1151/1076/1303 1150/1075/1302
f 1151/1076/1303 1160/1085/1312 1161/1086/1313
f 1161/1086/1313 1152/1077/1304 1151/1076/1303
f 1152/1077/1304 1161/1086/1313 1162/1087/1314
f 1162/1087/1314 1153/1078/1305 1152/1077/1304
f 1153/1078/1305 1162/1087/1314 1163/1088/1315
f 1163/1088/1315 1154/1079/1306 1153/1078/1305
f 1154/1079/1306 1163/1088/1315 1164/1089/1316
f 1164/1089/1316 1155/1080/1307 1154/1079/1306
f 594/581/686 605/592/697 1165/1090/1317
f 1165/1090/1317 1156/1081/1308 594/581/686
f 1156/1081/1308 1165/1090/1317 1166/1091/1318
f 1166/1091/1318 1157/1082/1309 1156/1081/1308
f 1157/1082/1309 1166/1091/1318 1167/1092/1319
f 1167/1092/1319 1158/1083/1310 1157/1082/1309
f 1158/1083/1310 1167/1092/1319 1168/1093/1320
f 1168/1093/1320 1159/1084/1311 1158/1083/1310
f 1159/1084/1311 1168/1093/1320 1169/1094/1321
f 1169/1094/1321 1160/1085/1312 1159/1084/1311
f 1160/1085/1312 1169/1094/1321 1170/1095/1322
f 1170/1095/1322 1161/1086/1313 1160/1085/1312
f 1161/1086/1313 1170/1095/1322 1171/1096/1323
f 1171/1096/1323 1162/1087/1314 1161/1086/1313
f 1162/1087/1314 1171/1096/1323 1172/1097/1324
f 1172/1097/1324 1163/1088/1315 1162/1087/1314
f 1163/1088/1315 1172/1097/1324 1173/1098/1325
f 1173/1098/1325 1164/1089/1316 1163/1088/1315
f 1174/1099/1326 1169/1094/1321 1168/1093/1320
f 1169/1094/1321 1174/1099/1326 1170/1095/1322
f 605/592/697 616/603/708 1175/1100/1327
f 1175/1100/1327 1165/1090/1317 605/592/697
f 1165/1090/1317 1175/1100/1327 1176/1101/1328
f 1176/1101/1328 1166/1091/1318 1165/1090/1317
f 1166/1091/1318 1176/1101/1328 1177/1102/1329
f 1177/1102/1329 1167/1092/1319 1166/1091/1318
f 1167/1092/1319 1177/1102/1329 1178/1103/1330
f 1178/1103/1330 1168/1093/1320 1167/1092/1319
f 1168/1093/1320 1178/1103/1330 1179/1104/1331
f 1179/1104/1331 1174/1099/1326 1168/1093/1320
f 1174/1099/1326 1179/1104/1331 1180/1105/1332
f 1180/1105/1332 1170/1095/1322 1174/1099/1326
f 1170/1095/1322 1180/1105/1332 1181/1106/1333
f 1181/1106/1333 1171/1096/1323 1170/1095/1322
f 1171/1096/1323 1181/1106/1333 1182/1107/1334
f 1182/1107/1334 1172/1097/1324 1171/1096/1323
f 1172/1097/1324 1182/1107/1334 1183/1108/1335
f 1183/1108/1335 1173/1098/1325 1172/1097/1324
f 1184/1109/1336 1179/1104/1331 1178/1103/1330
f 1179/1104/1331 1184/1109/1336 1180/1105/1332
f 616/603/708 627/614/719 1185/1110/1337
f 1185/1110/1337 1175/1100/1327 616/603/708
f 1175/1100/1327 1185/1110/1337 1186/1111/1338
f 1186/1111/1338 1176/1101/1328 1175/1100/1327
f 1176/1101/1328 1186/1111/1338 1187/1112/1339
f 1187/1112/1339 1177/1102/1329 1176/1101/1328
f 1177/1102/1329 1187/1112/1339 1188/1113/1340
f 1188/1113/1340 1178/1103/1330 1177/1102/1329
f 1178/1103/1330 1188/1113/1340 1189/1114/1341
f 1189/1114/1341 1184/1109/1336 1178/1103/1330
f 1184/1109/1336 1189/1114/1341 1190/1115/1342
f 1190/1115/1342 1180/1105/1332 1184/1109/1336
f 1180/1105/1332 1190/1115/1342 1191/1116/1343
f 1191/1116/1343 1181/1106/1333 1180/1105/1332
f 1181/1106/1333 1191/1116/1343 1192/1117/1344
f 1192/1117/1344 1182/1107/1334 1181/1106/1333
f 1182/1107/1334 1192/1117/1344 1193/1118/1345
f 1193/1118/1345 1183/1108/1335 1182/1107/1334
f 1194/1119/1346 1189/1114/1341 1188/1113/1340
f 1189/1114/1341 1194/1119/1346 1190/1115/1342
f 627/614/719 638/625/730 1195/1120/1347
f 1195/1120/1347 1185/1110/1337 627/614/719
f 1185/1110/1337 1195/1120/1347 1196/1121/1348
f 1196/1121/1348 1186/1111/1338 1185/1110/1337
f 1186/1111/1338 1196/1121/1348 1197/1122/1349
f 1197/1122/1349 1187/1112/1339 1186/1111/1338
f 1187/1112/1339 1197/1122/1349 1198/1123/1350
f 1198/1123/1350 1188/1113/1340 1187/1112/1339
f 1188/1113/1340 1198/1123/1350 1199/1124/1351
f 1199/1124/1351 1194/1119/1346 1188/1113/1340
f 1194/1119/1346 1199/1124/1351 1200/1125/1352
f 1200/1125/1352 1190/1115/1342 1194/1119/1346
f 1190/1115/1342 1200/1125/1352 1201/1126/1353
f 1201/1126/1353 1191/1116/1343 1190/1115/1342
f 1201/1126/1353 1192/1117/1344 1191/1116/1343
f 1192/1117/1344 1201/1126/1353 1202/1127/1354
f 1202/1127/1354 1193/1118/1345 1192/1117/1344
f 1203/1128/1355 1199/1124/1351 1198/1123/1350
f 1199/1124/1351 1203/1128/1355 1200/1125/1352
f 1204/1129/1356 1201/1126/1353 1200/1125/1352
f 1201/1126/1353 1204/1129/1356 1205/1130/1357
f 1201/1126/1353 1205/1130/1357 1206/1131/1358
f 1206/1131/1358 1202/1127/1354 1201/1126/1353
f 638/625/730 649/636/741 1207/1132/1359
f 1207/1132/1359 1195/1120/1347 638/625/730
f 1195/1120/1347 1207/1132/1359 1208/1133/1360
f 1208/1133/1360 1196/1121/1348 1195/1120/1347
f 1196/1121/1348 1208/1133/1360 1209/1134/1361
f 1209/1134/1361 1197/1122/1349 1196/1121/1348
f 1209/1134/1361 1198/1123/1350 1197/1122/1349
f 1198/1123/1350 1209/1134/1361 1210/1135/1362
f 1210/1135/1362 1203/1128/1355 1198/1123/1350
f 1203/1128/1355 1210/1135/1362 1211/1136/1363
f 1211/1136/1363 1200/1125/1352 1203/1128/1355
f 1200/1125/1352 1211/1136/1363 1204/1129/1356
f 649/636/741 655/642/747 1212/1137/1364
f 1212/1137/1364 1207/1132/1359 649/636/741
f 1207/1132/1359 1212/1137/1364 1213/1138/1365
f 1213/1138/1365 1208/1133/1360 1207/1132/1359
f 1208/1133/1360 1213/1138/1365 1214/1139/1366
f 1214/1139/1366 1209/1134/1361 1208/1133/1360
f 1209/1134/1361 1214/1139/1366 1215/1140/1367
f 1209/1134/1361 1215/1140/1367 1216/1141/1368
f 1216/1141/1368 1210/1135/1362 1209/1134/1361
f 1210/1135/1362 1216/1141/1368 1217/1142/1369
f 1217/1142/1369 1211/1136/1363 1210/1135/1362
f 1211/1136/1363 1217/1142/1369 1218/1143/1370
f 1218/1143/1370 1204/1129/1356 1211/1136/1363
f 1204/1129/1356 1218/1143/1370 1219/1144/1371
f 1219/1144/1371 1205/1130/1357 1204/1129/1356
f 1205/1130/1357 1219/1144/1371 1220/1145/1372
f 1220/1145/1372 1206/1131/1358 1205/1130/1357
f 1221/1146/1373 1216/1141/1368 1215/1140/1367
f 1216/1141/1368 1221/1146/1373 1217/1142/1369
f 655/642/747 666/653/758 1222/1147/1374
f 1222/1147/1374 1212/1137/1364 655/642/747
f 1212/1137/1364 1222/1147/1374 1223/1148/1375
f 1223/1148/1375 1213/1138/1365 1212/1137/1364
f 1213/1138/1365 1223/1148/1375 1224/1149/1376
f 1224/1149/1376 1214/1139/1366 1213/1138/1365
f 1214/1139/1366 1224/1149/1376 1225/1150/1377
f 1225/1150/1377 1215/1140/1367 1214/1139/1366
f 1215/1140/1367 1225/1150/1377 1226/1151/1378
f 1226/1151/1378 1221/1146/1373 1215/1140/1367
f 1221/1146/1373 1226/1151/1378 1227/1152/1379
f 1227/1152/1379 1217/1142/1369 1221/1146/1373
f 1217/1142/1369 1227/1152/1379 1228/1153/1380
f 1228/1153/1380 1218/1143/1370 1217/1142/1369
f 1218/1143/1370 1228/1153/1380 1229/1154/1381
f 1229/1154/1381 1219/1144/1371 1218/1143/1370
f 1219/1144/1371 1229/1154/1381 1230/1155/1382
f 1230/1155/1382 1220/1145/1372 1219/1144/1371
f 1231/1156/1383 1226/1151/1378 1225/1150/1377
f 1226/1151/1378 1231/1156/1383 1227/1152/1379
f 666/653/758 677/664/769 1232/1157/1384
f 1232/1157/1384 1222/1147/1374 666/653/758
f 1222/1147/1374 1232/1157/1384 1233/1158/1385
f 1233/1158/1385 1223/1148/1375 1222/1147/1374
f 1223/1148/1375 1233/1158/1385 1234/1159/1386
f 1234/1159/1386 1224/1149/1376 1223/1148/1375
f 1224/1149/1376 1234/1159/1386 1235/1160/1387
f 1235/1160/1387 1225/1150/1377 1224/1149/1376
f 1225/1150/1377 1235/1160/1387 1236/1161/1388
f 1236/1161/1388 1231/1156/1383 1225/1150/1377
f 1231/1156/1383 1236/1161/1388 1237/1162/1389
f 1237/1162/1389 1227/1152/1379 1231/1156/1383
f 1227/1152/1379 1237/1162/1389 1238/1163/1390
f 1238/1163/1390 1228/1153/1380 1227/1152/1379
f 1228/1153/1380 1238/1163/1390 1239/1164/1391
f 1239/1164/1391 1229/1154/1381 1228/1153/1380
f 1229/1154/1381 1239/1164/1391 1240/1165/1392
f 1240/1165/1392 1230/1155/1382 1229/1154/1381
f 1241/1166/1393 1236/1161/1388 1235/1160/1387
f 1236/1161/1388 1241/1166/1393 1237/1162/1389
f 677/664/769 687/674/779 1242/1167/1394
f 1242/1167/1394 1232/1157/1384 677/664/769
f 1232/1157/1384 1242/1167/1394 1243/1168/1395
f 1243/1168/1395 1233/1158/1385 1232/1157/1384
f 1233/1158/1385 1243/1168/1395 1244/1169/1396
f 1244/1169/1396 1234/1159/1386 1233/1158/1385
f 1234/1159/1386 1244/1169/1396 1245/1170/1397
f 1245/1170/1397 1235/1160/1387 1234/1159/1386
f 1235/1160/1387 1245/1170/1397 1246/1171/1398
f 1246/1171/1398 1241/1166/1393 1235/1160/1387
f 1241/1166/1393 1246/1171/1398 1247/1172/1399
f 1247/1172/1399 1237/1162/1389 1241/1166/1393
f 1237/1162/1389 1247/1172/1399 1248/1173/1400
f 1248/1173/1400 1238/1163/1390 1237/1162/1389
f 1238/1163/1390 1248/1173/1400 1249/1174/1401
f 1249/1174/1401 1239/1164/1391 1238/1163/1390
f 1239/1164/1391 1249/1174/1401 1250/1175/1402
f 1250/1175/1402 1240/1165/1392 1239/1164/1391
f 687/674/779 697/684/789 1251/1176/1403
f 1251/1176/1403 1242/1167/1394 687/674/779
f 1242/1167/1394 1251/1176/1403 1252/1177/1404
f 1252/1177/1404 1243/1168/1395 1242/1167/1394
f 1243/1168/1395 1252/1177/1404 1253/1178/1405
f 1253/1178/1405 1244/1169/1396 1243/1168/1395
f 1244/1169/1396 1253/1178/1405 1254/1179/1406
f 1254/1179/1406 1245/1170/1397 1244/1169/1396
f 1245/1170/1397 1254/1179/1406 1255/1180/1407
f 1255/1180/1407 1246/1171/1398 1245/1170/1397
f 1246/1171/1398 1255/1180/1407 1256/1181/1408
f 1256/1181/1408 1247/1172/1399 1246/1171/1398
f 1247/1172/1399 1256/1181/1408 1257/1182/1409
f 1257/1182/1409 1248/1173/1400 1247/1172/1399
f 1248/1173/1400 1257/1182/1409 1258/1183/1410
f 1258/1183/1410 1249/1174/1401 1248/1173/1400
f 1249/1174/1401 1258/1183/1410 1259/1184/1411
f 1259/1184/1411 1250/1175/1402 1249/1174/1401
f 697/684/789 707/694/799 1260/1185/1412
f 1260/1185/1412 1251/1176/1403 697/684/789
f 1251/1176/1403 1260/1185/1412 1261/1186/1413
f 1261/1186/1413 1252/1177/1404 1251/1176/1403
f 1252/1177/1404 1261/1186/1413 1262/1187/1414
f 1262/1187/1414 1253/1178/1405 1252/1177/1404
f 1253/1178/1405 1262/1187/1414 1263/1188/1415
f 1263/1188/1415 1254/1179/1406 1253/1178/1405
f 1254/1179/1406 1263/1188/1415 1264/1189/1416
f 1264/1189/1416 1255/1180/1407 1254/1179/1406
f 1255/1180/1407 1264/1189/1416 1265/1190/1417
f 1265/1190/1417 1256/1181/1408 1255/1180/1407
f 1256/1181/1408 1265/1190/1417 1266/1191/1418
f 1266/1191/1418 1257/1182/1409 1256/1181/1408
f 1257/1182/1409 1266/1191/1418 1267/1192/1419
f 1267/1192/1419 1258/1183/1410 1257/1182/1409
f 1258/1183/1410 1267/1192/1419 1268/1193/1420
f 1268/1193/1420 1259/1184/1411 1258/1183/1410
f 707/694/799 716/703/808 1269/1194/1421
f 1269/1194/1421 1260/1185/1412 707/694/799
f 1260/1185/1412 1269/1194/1421 1270/1195/1422
f 1270/1195/1422 1261/1186/1413 1260/1185/1412
f 1261/1186/1413 1270/1195/1422 1271/1196/1423
f 1271/1196/1423 1262/1187/1414 1261/1186/1413
f 1262/1187/1414 1271/1196/1423 1272/1197/1424
f 1272/1197/1424 1263/1188/1415 1262/1187/1414
f 1263/1188/1415 1272/1197/1424 1273/1198/1425
f 1273/1198/1425 1264/1189/1416 1263/1188/1415
f 1264/1189/1416 1273/1198/1425 1274/1199/1426
f 1274/1199/1426 1265/1190/1417 1264/1189/1416
f 1265/1190/1417 1274/1199/1426 1275/1200/1427
f 1275/1200/1427 1266/1191/1418 1265/1190/1417
f 1266/1191/1418 1275/1200/1427 1276/1201/1428
f 1276/1201/1428 1267/1192/1419 1266/1191/1418
f 1267/1192/1419 1276/1201/1428 1277/1202/1429
f 1277/1202/1429 1268/1193/1420 1267/1192/1419
f 716/703/808 725/712/817 1278/1203/1430
f 1278/1203/1430 1269/1194/1421 716/703/808
f 1269/1194/1421 1278/1203/1430 1279/1204/1431
f 1279/1204/1431 1270/1195/1422 1269/1194/1421
f 1270/1195/1422 1279/1204/1431 1280/1205/1432
f 1280/1205/1432 1271/1196/1423 1270/1195/1422
f 1271/1196/1423 1280/1205/1432 1281/1206/1433
f 1281/1206/1433 1272/1197/1424 1271/1196/1423
f 1272/1197/1424 1281/1206/1433 1282/1207/1434
f 1282/1207/1434 1273/1198/1425 1272/1197/1424
f 1273/1198/1425 1282/1207/1434 1283/1208/1435
f 1283/1208/1435 1274/1199/1426 1273/1198/1425
f 1274/1199/1426 1283/1208/1435 1284/1209/1436
f 1284/1209/1436 1275/1200/1427 1274/1199/1426
f 1275/1200/1427 1284/1209/1436 1285/1210/1437
f 1285/1210/1437 1276/1201/1428 1275/1200/1427
f 1276/1201/1428 1285/1210/1437 1286/1211/1438
f 1286/1211/1438 1277/1202/1429 1276/1201/1428
f 725/712/817 735/722/827 1287/1212/1439
f 1287/1212/1439 1278/1203/1430 725/712/817
f 1278/1203/1430 1287/1212/1439 1288/1213/1440
f 1288/1213/1440 1279/1204/1431 1278/1203/1430
f 1279/1204/1431 1288/1213/1440 1289/1214/1441
f 1289/1214/1441 1280/1205/1432 1279/1204/1431
f 1280/1205/1432 1289/1214/1441 1290/1215/1442
f 1290/1215/1442 1281/1206/1433 1280/1205/1432
f 1281/1206/1433 1290/1215/1442 1291/1216/1443
f 1291/1216/1443 1282/1207/1434 1281/1206/1433
f 1282/1207/1434 1291/1216/1443 1292/1217/1444
f 1292/1217/1444 1283/1208/1435 1282/1207/1434
f 1283/1208/1435 1292/1217/1444 1293/1218/1445
f 1293/1218/1445 1284/1209/1436 1283/1208/1435
f 1284/1209/1436 1293/1218/1445 1294/1219/1446
f 1294/1219/1446 1285/1210/1437 1284/1209/1436
f 1285/1210/1437 1294/1219/1446 1295/1220/1447
f 1295/1220/1447 1286/1211/1438 1285/1210/1437
f 1296/1221/1448 1291/1216/1443 1290/1215/1442
f 1291/1216/1443 1296/1221/1448 1292/1217/1444
f 735/722/827 744/731/836 1297/1222/1449
f 1297/1222/1449 1287/1212/1439 735/722/827
f 1287/1212/1439 1297/1222/1449 1298/1223/1450
f 1298/1223/1450 1288/1213/1440 1287/1212/1439
f 1288/1213/1440 1298/1223/1450 1299/1224/1451
f 1299/1224/1451 1289/1214/1441 1288/1213/1440
f 1289/1214/1441 1299/1224/1451 1300/1225/1452
f 1300/1225/1452 1290/1215/1442 1289/1214/1441
f 1290/1215/1442 1300/1225/1452 1301/1226/1453
f 1301/1226/1453 1296/1221/1448 1290/1215/1442
f 1296/1221/1448 1301/1226/1453 1302/1227/1454
f 1302/1227/1454 1292/1217/1444 1296/1221/1448
f 1292/1217/1444 1302/1227/1454 1303/1228/1455
f 1303/1228/1455 1293/1218/1445 1292/1217/1444
f 1293/1218/1445 1303/1228/1455 1304/1229/1456
f 1304/1229/1456 1294/1219/1446 1293/1218/1445
f 1294/1219/1446 1304/1229/1456 1305/1230/1457
f 1305/1230/1457 1295/1220/1447 1294/1219/1446
f 1306/1231/1458 1301/1226/1453 1300/1225/1452
f 1301/1226/1453 1306/1231/1458 1302/1227/1454
f 744/731/836 755/742/847 1307/1232/1459
f 1307/1232/1459 1297/1222/1449 744/731/836
f 1297/1222/1449 1307/1232/1459 1308/1233/1460
f 1308/1233/1460 1298/1223/1450 1297/1222/1449
f 1298/1223/1450 1308/1233/1460 1309/1234/1461
f 1309/1234/1461 1299/1224/1451 1298/1223/1450
f 1299/1224/1451 1309/1234/1461 1310/1235/1462
f 1310/1235/1462 1300/1225/1452 1299/1224/1451
f 1300/1225/1452 1310/1235/1462 1311/1236/1463
f 1311/1236/1463 1306/1231/1458 1300/1225/1452
f 1306/1231/1458 1311/1236/1463 1312/1237/1464
f 1312/1237/1464 1302/1227/1454 1306/1231/1458
f 1302/1227/1454 1312/1237/1464 1313/1238/1465
f 1313/1238/1465 1303/1228/1455 1302/1227/1454
f 1303/1228/1455 1313/1238/1465 1314/1239/1466
f 1314/1239/1466 1304/1229/1456 1303/1228/1455
f 1304/1229/1456 1314/1239/1466 1315/1240/1467
f 1315/1240/1467 1305/1230/1457 1304/1229/1456
f 1316/1241/1468 1311/1236/1463 1310/1235/1462
f 1311/1236/1463 1316/1241/1468 1312/1237/1464
f 755/742/847 766/753/858 1317/1242/1469
f 1317/1242/1469 1307/1232/1459 755/742/847
f 1307/1232/1459 1317/1242/1469 1318/1243/1470
f 1318/1243/1470 1308/1233/1460 1307/1232/1459
f 1308/1233/1460 1318/1243/1470 1319/1244/1471
f 1319/1244/1471 1309/1234/1461 1308/1233/1460
f 1319/1244/1471 1310/1235/1462 1309/1234/1461
f 1310/1235/1462 1319/1244/1471 1320/1245/1472
f 1320/1245/1472 1316/1241/1468 1310/1235/1462
f 1316/1241/1468 1320/1245/1472 1321/1246/1473
f 1321/1246/1473 1312/1237/1464 1316/1241/1468
f 1312/1237/1464 1321/1246/1473 1322/1247/1474
f 1322/1247/1474 1313/1238/1465 1312/1237/1464
f 1322/1247/1474 1314/1239/1466 1313/1238/1465
f 1314/1239/1466 1322/1247/1474 1323/1248/1475
f 1323/1248/1475 1315/1240/1467 1314/1239/1466
f 766/753/858 772/759/864 1324/1249/1476
f 1324/1249/1476 1317/1242/1469 766/753/858
f 1324/1249/1476 1318/1243/1470 1317/1242/1469
f 1318/1243/1470 1324/1249/1476 1325/1250/1477
f 1325/1250/1477 1319/1244/1471 1318/1243/1470
f 1319/1244/1471 1325/1250/1477 1326/1251/1478
f 1326/1251/1478 1320/1245/1472 1319/1244/1471
f 1320/1245/1472 1326/1251/1478 1327/1252/1479
f 1327/1252/1479 1321/1246/1473 1320/1245/1472
f 1327/1252/1479 1322/1247/1474 1321/1246/1473
f 1322/1247/1474 1327/1252/1479 1328/1253/1480
f 1328/1253/1480 1323/1248/1475 1322/1247/1474
f 4260/809/1481 797/808/918 1329/1254/1482
f 1329/1254/1481 4261/1255/1481 4262/809/1481
f 4263/1255/1483 1329/1254/1482 1330/1256/1484
f 1330/1256/1485 4264/1257/1485 4265/1255/1485
f 4266/1257/1486 1330/1256/1484 1331/1258/1487
f 1331/1258/1486 4267/1259/1486 4268/1257/1486
f 4269/1259/1488 1331/1258/1487 1332/1260/1489
f 1332/1260/1488 4270/1261/1488 4271/1259/1488
f 4272/1261/1490 1332/1260/1489 1333/1262/1491
f 1333/1262/1492 4273/1263/1492 4274/1261/1492
f 4275/1263/1493 1333/1262/1491 1334/1264/1494
f 1334/1264/1495 4276/1265/1495 4277/1263/1495
f 4278/1265/1496 1334/1264/1494 1335/1266/1497
f 1335/1266/1496 4279/1267/1496 4280/1265/1496
f 4281/1267/1498 1335/1266/1497 1336/1268/1499
f 1336/1268/1498 4282/1269/1498 4283/1267/1498
f 4284/1269/1500 1336/1268/1499 1337/1270/1501
f 1337/1270/1500 4285/1271/1500 4286/1269/1500
f 4287/1271/1502 1337/1270/1501 1338/1272/1503
f 1338/1272/1504 4288/1273/1504 4289/1271/1504
f 4290/1273/1505 1338/1272/1503 1339/1274/1506
f 1339/1274/1505 4291/1275/1505 4292/1273/1505
f 4293/1275/1507 1339/1274/1506 1340/1276/1508
f 1340/1276/1509 4294/1277/1509 4295/1275/1509
f 4296/1277/1510 1340/1276/1508 1341/1278/1511
f 1341/1278/1512 4297/1279/1512 4298/1277/1512
f 4299/1279/1513 1341/1278/1511 1342/1280/1514
f 1342/1280/1515 4300/1281/1515 4301/1279/1515
f 4302/1281/1516 1342/1280/1514 1343/1282/1517
f 1343/1282/1518 4303/1283/1518 4304/1281/1518
f 4305/1283/1519 1343/1282/1517 1344/1284/1520
f 1344/1284/1519 4306/1285/1519 4307/1283/1519
f 4308/1285/1521 1344/1284/1520 1345/1286/1522
f 1345/1286/1521 4309/1287/1521 4310/1285/1521
f 4311/1287/1523 1345/1286/1522 1346/1288/1524
f 1346/1288/1523 4312/1289/1523 4313/1287/1523
f 4314/1289/1525 1346/1288/1524 1347/1290/1526
f 1347/1290/1525 4315/1291/1525 4316/1289/1525
f 4317/1291/1527 1347/1290/1526 1348/1292/1528
f 1348/1292/1527 4318/1293/1527 4319/1291/1527
f 4320/1293/1529 1348/1292/1528 1349/1294/1530
f 1349/1294/1529 4321/1295/1529 4322/1293/1529
f 4323/1295/1531 1349/1294/1530 1350/1296/1532
f 1350/1296/1531 4324/1297/1531 4325/1295/1531
f 4326/1297/1533 1350/1296/1532 1351/1298/1534
f 1351/1298/1535 4327/1299/1535 4328/1297/1535
f 4329/1299/1536 1351/1298/1534 1352/1300/1537
f 1352/1300/1538 4330/1301/1538 4331/1299/1538
f 4332/1301/1539 1352/1300/1537 1353/1302/1540
f 1353/1302/1541 4333/1303/1541 4334/1301/1541
f 803/506/924 1329/1254/1482 797/808/918
f 1329/1254/1482 803/506/924 1354/1304/1542
f 1354/1304/1542 1330/1256/1484 1329/1254/1482
f 1354/1304/1542 1331/1258/1487 1330/1256/1484
f 1331/1258/1487 1354/1304/1542 1355/1016/1543
f 1355/1016/1543 1332/1260/1489 1331/1258/1487
f 1355/1016/1543 1333/1262/1491 1332/1260/1489
f 1333/1262/1491 1355/1016/1543 1356/1017/1544
f 1356/1017/1544 1334/1264/1494 1333/1262/1491
f 1356/1017/1544 1335/1266/1497 1334/1264/1494
f 1335/1266/1497 1356/1017/1544 1357/1018/1545
f 1357/1018/1545 1336/1268/1499 1335/1266/1497
f 1357/1018/1545 1337/1270/1501 1336/1268/1499
f 1337/1270/1501 1357/1018/1545 1358/1019/1546
f 1358/1019/1546 1338/1272/1503 1337/1270/1501
f 1358/1019/1546 1339/1274/1506 1338/1272/1503
f 1358/1019/1546 1340/1276/1508 1339/1274/1506
f 1358/1019/1546 1341/1278/1511 1340/1276/1508
f 1341/1278/1511 1358/1019/1546 1359/1305/1547
f 1359/1305/1547 1342/1280/1514 1341/1278/1511
f 1359/1305/1547 1343/1282/1517 1342/1280/1514
f 1359/1305/1547 1344/1284/1520 1343/1282/1517
f 1359/1305/1547 1345/1286/1522 1344/1284/1520
f 1345/1286/1522 1359/1305/1547 1360/1306/1548
f 1360/1306/1548 1346/1288/1524 1345/1286/1522
f 1360/1306/1548 1347/1290/1526 1346/1288/1524
f 1360/1306/1548 1348/1292/1528 1347/1290/1526
f 1348/1292/1528 1360/1306/1548 1361/1307/1549
f 1361/1307/1549 1349/1294/1530 1348/1292/1528
f 1361/1307/1549 1350/1296/1532 1349/1294/1530
f 1361/1307/1549 1351/1298/1534 1350/1296/1532
f 1351/1298/1534 1361/1307/1549 1362/1023/1550
f 1362/1023/1550 1352/1300/1537 1351/1298/1534
f 1362/1023/1550 1353/1302/1540 1352/1300/1537
f 1363/1308/1551 1358/1019/1546 1357/1018/1545
f 1358/1019/1546 1363/1308/1551 1359/1305/1547
f 803/506/924 814/517/935 1364/1309/1552
f 1364/1309/1552 1354/1304/1542 803/506/924
f 1354/1304/1542 1364/1309/1552 1365/1026/1553
f 1365/1026/1553 1355/1016/1543 1354/1304/1542
f 1355/1016/1543 1365/1026/1553 1366/1027/1554
f 1366/1027/1554 1356/1017/1544 1355/1016/1543
f 1356/1017/1544 1366/1027/1554 1367/1310/1555
f 1367/1310/1555 1357/1018/1545 1356/1017/1544
f 1357/1018/1545 1367/1310/1555 1368/1311/1556
f 1368/1311/1556 1363/1308/1551 1357/1018/1545
f 1363/1308/1551 1368/1311/1556 1369/1312/1557
f 1369/1312/1557 1359/1305/1547 1363/1308/1551
f 1359/1305/1547 1369/1312/1557 1370/1313/1558
f 1370/1313/1558 1360/1306/1548 1359/1305/1547
f 1360/1306/1548 1370/1313/1558 1371/1314/1559
f 1371/1314/1559 1361/1307/1549 1360/1306/1548
f 1361/1307/1549 1371/1314/1559 1372/1033/1560
f 1372/1033/1560 1362/1023/1550 1361/1307/1549
f 1373/1315/1561 1368/1311/1556 1367/1310/1555
f 1368/1311/1556 1373/1315/1561 1369/1312/1557
f 814/517/935 825/528/946 1374/1035/1562
f 1374/1035/1562 1364/1309/1552 814/517/935
f 1364/1309/1552 1374/1035/1562 1375/1036/1563
f 1375/1036/1563 1365/1026/1553 1364/1309/1552
f 1365/1026/1553 1375/1036/1563 1376/1316/1564
f 1376/1316/1564 1366/1027/1554 1365/1026/1553
f 1366/1027/1554 1376/1316/1564 1377/1038/1565
f 1377/1038/1565 1367/1310/1555 1366/1027/1554
f 1367/1310/1555 1377/1038/1565 1378/1039/1566
f 1378/1039/1566 1373/1315/1561 1367/1310/1555
f 1373/1315/1561 1378/1039/1566 1379/1317/1567
f 1379/1317/1567 1369/1312/1557 1373/1315/1561
f 1369/1312/1557 1379/1317/1567 1380/1318/1568
f 1380/1318/1568 1370/1313/1558 1369/1312/1557
f 1370/1313/1558 1380/1318/1568 1381/1319/1569
f 1381/1319/1569 1371/1314/1559 1370/1313/1558
f 1371/1314/1559 1381/1319/1569 1382/1320/1570
f 1382/1320/1570 1372/1033/1560 1371/1314/1559
f 1383/1321/1571 1378/1039/1566 1377/1038/1565
f 1378/1039/1566 1383/1321/1571 1379/1317/1567
f 825/528/946 836/829/957 1384/1322/1572
f 1384/1322/1572 1374/1035/1562 825/528/946
f 1374/1035/1562 1384/1322/1572 1385/1046/1573
f 1385/1046/1573 1375/1036/1563 1374/1035/1562
f 1375/1036/1563 1385/1046/1573 1386/1047/1574
f 1386/1047/1574 1376/1316/1564 1375/1036/1563
f 1376/1316/1564 1386/1047/1574 1387/1323/1575
f 1387/1323/1575 1377/1038/1565 1376/1316/1564
f 1377/1038/1565 1387/1323/1575 1388/1049/1576
f 1388/1049/1576 1383/1321/1571 1377/1038/1565
f 1383/1321/1571 1388/1049/1576 1389/1324/1577
f 1389/1324/1577 1379/1317/1567 1383/1321/1571
f 1379/1317/1567 1389/1324/1577 1390/1325/1578
f 1390/1325/1578 1380/1318/1568 1379/1317/1567
f 1380/1318/1568 1390/1325/1578 1391/1326/1579
f 1391/1326/1579 1381/1319/1569 1380/1318/1568
f 1381/1319/1569 1391/1326/1579 1392/1053/1580
f 1392/1053/1580 1382/1320/1570 1381/1319/1569
f 836/829/957 847/550/968 1393/1054/1581
f 1393/1054/1581 1384/1322/1572 836/829/957
f 1384/1322/1572 1393/1054/1581 1394/1055/1582
f 1394/1055/1582 1385/1046/1573 1384/1322/1572
f 1385/1046/1573 1394/1055/1582 1395/1056/1583
f 1395/1056/1583 1386/1047/1574 1385/1046/1573
f 1386/1047/1574 1395/1056/1583 1396/1327/1584
f 1396/1327/1584 1387/1323/1575 1386/1047/1574
f 1387/1323/1575 1396/1327/1584 1397/1328/1585
f 1397/1328/1585 1388/1049/1576 1387/1323/1575
f 1388/1049/1576 1397/1328/1585 1398/1329/1586
f 1398/1329/1586 1389/1324/1577 1388/1049/1576
f 1389/1324/1577 1398/1329/1586 1399/1330/1587
f 1399/1330/1587 1390/1325/1578 1389/1324/1577
f 1390/1325/1578 1399/1330/1587 1400/1331/1588
f 1400/1331/1588 1391/1326/1579 1390/1325/1578
f 1391/1326/1579 1400/1331/1588 1401/1062/1589
f 1401/1062/1589 1392/1053/1580 1391/1326/1579
f 847/550/968 858/561/979 1402/1063/1590
f 1402/1063/1590 1393/1054/1581 847/550/968
f 1393/1054/1581 1402/1063/1590 1403/1332/1591
f 1403/1332/1591 1394/1055/1582 1393/1054/1581
f 1394/1055/1582 1403/1332/1591 1404/1333/1592
f 1404/1333/1592 1395/1056/1583 1394/1055/1582
f 1395/1056/1583 1404/1333/1592 1405/1334/1593
f 1405/1334/1593 1396/1327/1584 1395/1056/1583
f 1396/1327/1584 1405/1334/1593 1406/1335/1594
f 1406/1335/1594 1397/1328/1585 1396/1327/1584
f 1397/1328/1585 1406/1335/1594 1407/1336/1595
f 1407/1336/1595 1398/1329/1586 1397/1328/1585
f 1398/1329/1586 1407/1336/1595 1408/1337/1596
f 1408/1337/1596 1399/1330/1587 1398/1329/1586
f 1399/1330/1587 1408/1337/1596 1409/1070/1597
f 1409/1070/1597 1400/1331/1588 1399/1330/1587
f 1400/1331/1588 1409/1070/1597 1410/1071/1598
f 1410/1071/1598 1401/1062/1589 1400/1331/1588
f 858/561/979 868/571/989 1411/1072/1599
f 1411/1072/1599 1402/1063/1590 858/561/979
f 1402/1063/1590 1411/1072/1599 1412/1338/1600
f 1412/1338/1600 1403/1332/1591 1402/1063/1590
f 1403/1332/1591 1412/1338/1600 1413/1074/1601
f 1413/1074/1601 1404/1333/1592 1403/1332/1591
f 1404/1333/1592 1413/1074/1601 1414/1075/1602
f 1414/1075/1602 1405/1334/1593 1404/1333/1592
f 1405/1334/1593 1414/1075/1602 1415/1339/1603
f 1415/1339/1603 1406/1335/1594 1405/1334/1593
f 1406/1335/1594 1415/1339/1603 1416/1340/1604
f 1416/1340/1604 1407/1336/1595 1406/1335/1594
f 1407/1336/1595 1416/1340/1604 1417/1341/1605
f 1417/1341/1605 1408/1337/1596 1407/1336/1595
f 1408/1337/1596 1417/1341/1605 1418/1079/1606
f 1418/1079/1606 1409/1070/1597 1408/1337/1596
f 1409/1070/1597 1418/1079/1606 1419/1080/1607
f 1419/1080/1607 1410/1071/1598 1409/1070/1597
f 868/571/989 878/581/999 1420/1081/1608
f 1420/1081/1608 1411/1072/1599 868/571/989
f 1411/1072/1599 1420/1081/1608 1421/1082/1609
f 1421/1082/1609 1412/1338/1600 1411/1072/1599
f 1412/1338/1600 1421/1082/1609 1422/1083/1610
f 1422/1083/1610 1413/1074/1601 1412/1338/1600
f 1413/1074/1601 1422/1083/1610 1423/1084/1611
f 1423/1084/1611 1414/1075/1602 1413/1074/1601
f 1414/1075/1602 1423/1084/1611 1424/1085/1612
f 1424/1085/1612 1415/1339/1603 1414/1075/1602
f 1415/1339/1603 1424/1085/1612 1425/1342/1613
f 1425/1342/1613 1416/1340/1604 1415/1339/1603
f 1416/1340/1604 1425/1342/1613 1426/1087/1614
f 1426/1087/1614 1417/1341/1605 1416/1340/1604
f 1417/1341/1605 1426/1087/1614 1427/1088/1615
f 1427/1088/1615 1418/1079/1606 1417/1341/1605
f 1418/1079/1606 1427/1088/1615 1428/1343/1616
f 1428/1343/1616 1419/1080/1607 1418/1079/1606
f 878/581/999 889/592/1010 1429/1344/1617
f 1429/1344/1617 1420/1081/1608 878/581/999
f 1420/1081/1608 1429/1344/1617 1430/1091/1618
f 1430/1091/1618 1421/1082/1609 1420/1081/1608
f 1421/1082/1609 1430/1091/1618 1431/1092/1619
f 1431/1092/1619 1422/1083/1610 1421/1082/1609
f 1422/1083/1610 1431/1092/1619 1432/1345/1620
f 1432/1345/1620 1423/1084/1611 1422/1083/1610
f 1423/1084/1611 1432/1345/1620 1433/1094/1621
f 1433/1094/1621 1424/1085/1612 1423/1084/1611
f 1424/1085/1612 1433/1094/1621 1434/1346/1622
f 1434/1346/1622 1425/1342/1613 1424/1085/1612
f 1425/1342/1613 1434/1346/1622 1435/1347/1623
f 1435/1347/1623 1426/1087/1614 1425/1342/1613
f 1426/1087/1614 1435/1347/1623 1436/1097/1624
f 1436/1097/1624 1427/1088/1615 1426/1087/1614
f 1427/1088/1615 1436/1097/1624 1437/1348/1625
f 1437/1348/1625 1428/1343/1616 1427/1088/1615
f 1438/1349/1626 1433/1094/1621 1432/1345/1620
f 1433/1094/1621 1438/1349/1626 1434/1346/1622
f 889/592/1010 900/866/1021 1439/1350/1627
f 1439/1350/1627 1429/1344/1617 889/592/1010
f 1429/1344/1617 1439/1350/1627 1440/1101/1628
f 1440/1101/1628 1430/1091/1618 1429/1344/1617
f 1430/1091/1618 1440/1101/1628 1441/1102/1629
f 1441/1102/1629 1431/1092/1619 1430/1091/1618
f 1431/1092/1619 1441/1102/1629 1442/1351/1630
f 1442/1351/1630 1432/1345/1620 1431/1092/1619
f 1432/1345/1620 1442/1351/1630 1443/1104/1631
f 1443/1104/1631 1438/1349/1626 1432/1345/1620
f 1438/1349/1626 1443/1104/1631 1444/1352/1632
f 1444/1352/1632 1434/1346/1622 1438/1349/1626
f 1434/1346/1622 1444/1352/1632 1445/1106/1633
f 1445/1106/1633 1435/1347/1623 1434/1346/1622
f 1435/1347/1623 1445/1106/1633 1446/1353/1634
f 1446/1353/1634 1436/1097/1624 1435/1347/1623
f 1436/1097/1624 1446/1353/1634 1447/1108/1635
f 1447/1108/1635 1437/1348/1625 1436/1097/1624
f 1448/1109/1636 1443/1104/1631 1442/1351/1630
f 1443/1104/1631 1448/1109/1636 1444/1352/1632
f 900/866/1021 911/614/1032 1449/1354/1637
f 1449/1354/1637 1439/1350/1627 900/866/1021
f 1439/1350/1627 1449/1354/1637 1450/1111/1638
f 1450/1111/1638 1440/1101/1628 1439/1350/1627
f 1440/1101/1628 1450/1111/1638 1451/1355/1639
f 1451/1355/1639 1441/1102/1629 1440/1101/1628
f 1441/1102/1629 1451/1355/1639 1452/1113/1640
f 1452/1113/1640 1442/1351/1630 1441/1102/1629
f 1442/1351/1630 1452/1113/1640 1453/1356/1641
f 1453/1356/1641 1448/1109/1636 1442/1351/1630
f 1448/1109/1636 1453/1356/1641 1454/1357/1642
f 1454/1357/1642 1444/1352/1632 1448/1109/1636
f 1444/1352/1632 1454/1357/1642 1455/1358/1643
f 1455/1358/1643 1445/1106/1633 1444/1352/1632
f 1445/1106/1633 1455/1358/1643 1456/1359/1644
f 1456/1359/1644 1446/1353/1634 1445/1106/1633
f 1446/1353/1634 1456/1359/1644 1457/1118/1645
f 1457/1118/1645 1447/1108/1635 1446/1353/1634
f 1458/1119/1646 1453/1356/1641 1452/1113/1640
f 1453/1356/1641 1458/1119/1646 1454/1357/1642
f 911/614/1032 922/625/1043 1459/1360/1647
f 1459/1360/1647 1449/1354/1637 911/614/1032
f 1449/1354/1637 1459/1360/1647 1460/1361/1648
f 1460/1361/1648 1450/1111/1638 1449/1354/1637
f 1450/1111/1638 1460/1361/1648 1461/1122/1649
f 1461/1122/1649 1451/1355/1639 1450/1111/1638
f 1451/1355/1639 1461/1122/1649 1462/1362/1650
f 1462/1362/1650 1452/1113/1640 1451/1355/1639
f 1452/1113/1640 1462/1362/1650 1463/1124/1651
f 1463/1124/1651 1458/1119/1646 1452/1113/1640
f 1458/1119/1646 1463/1124/1651 1464/1125/1652
f 1464/1125/1652 1454/1357/1642 1458/1119/1646
f 1454/1357/1642 1464/1125/1652 1465/1363/1653
f 1465/1363/1653 1455/1358/1643 1454/1357/1642
f 1455/1358/1643 1465/1363/1653 1466/1364/1654
f 1466/1364/1654 1456/1359/1644 1455/1358/1643
f 1456/1359/1644 1466/1364/1654 1467/1365/1655
f 1467/1365/1655 1457/1118/1645 1456/1359/1644
f 1468/1366/1656 1463/1124/1651 1462/1362/1650
f 1463/1124/1651 1468/1366/1656 1464/1125/1652
f 922/625/1043 933/881/1054 1469/1132/1657
f 1469/1132/1657 1459/1360/1647 922/625/1043
f 1459/1360/1647 1469/1132/1657 1470/1133/1658
f 1470/1133/1658 1460/1361/1648 1459/1360/1647
f 1460/1361/1648 1470/1133/1658 1471/1134/1659
f 1471/1134/1659 1461/1122/1649 1460/1361/1648
f 1471/1134/1659 1462/1362/1650 1461/1122/1649
f 1462/1362/1650 1471/1134/1659 1472/1367/1660
f 1472/1367/1660 1468/1366/1656 1462/1362/1650
f 1468/1366/1656 1472/1367/1660 1473/1136/1661
f 1473/1136/1661 1464/1125/1652 1468/1366/1656
f 1464/1125/1652 1473/1136/1661 1474/1368/1662
f 1474/1368/1662 1465/1363/1653 1464/1125/1652
f 1474/1368/1662 1466/1364/1654 1465/1363/1653
f 1466/1364/1654 1474/1368/1662 1475/1369/1663
f 1475/1369/1663 1467/1365/1655 1466/1364/1654
f 933/881/1054 939/642/1060 1476/1137/1664
f 1476/1137/1664 1469/1132/1657 933/881/1054
f 1469/1132/1657 1476/1137/1664 1477/1138/1665
f 1477/1138/1665 1470/1133/1658 1469/1132/1657
f 1470/1133/1658 1477/1138/1665 1478/1139/1666
f 1478/1139/1666 1471/1134/1659 1470/1133/1658
f 1471/1134/1659 1478/1139/1666 1479/1370/1667
f 1471/1134/1659 1479/1370/1667 1480/1141/1668
f 1480/1141/1668 1472/1367/1660 1471/1134/1659
f 1472/1367/1660 1480/1141/1668 1481/1371/1669
f 1481/1371/1669 1473/1136/1661 1472/1367/1660
f 1473/1136/1661 1481/1371/1669 1482/1372/1670
f 1482/1372/1670 1474/1368/1662 1473/1136/1661
f 1474/1368/1662 1482/1372/1670 1483/1373/1671
f 1474/1368/1662 1483/1373/1671 1484/1145/1672
f 1484/1145/1672 1475/1369/1663 1474/1368/1662
f 1485/1374/1673 1480/1141/1668 1479/1370/1667
f 1480/1141/1668 1485/1374/1673 1481/1371/1669
f 939/642/1060 950/653/1071 1486/1375/1674
f 1486/1375/1674 1476/1137/1664 939/642/1060
f 1476/1137/1664 1486/1375/1674 1487/1376/1675
f 1487/1376/1675 1477/1138/1665 1476/1137/1664
f 1477/1138/1665 1487/1376/1675 1488/1149/1676
f 1488/1149/1676 1478/1139/1666 1477/1138/1665
f 1478/1139/1666 1488/1149/1676 1489/1377/1677
f 1489/1377/1677 1479/1370/1667 1478/1139/1666
f 1479/1370/1667 1489/1377/1677 1490/1151/1678
f 1490/1151/1678 1485/1374/1673 1479/1370/1667
f 1485/1374/1673 1490/1151/1678 1491/1378/1679
f 1491/1378/1679 1481/1371/1669 1485/1374/1673
f 1481/1371/1669 1491/1378/1679 1492/1153/1680
f 1492/1153/1680 1482/1372/1670 1481/1371/1669
f 1482/1372/1670 1492/1153/1680 1493/1154/1681
f 1493/1154/1681 1483/1373/1671 1482/1372/1670
f 1483/1373/1671 1493/1154/1681 1494/1155/1682
f 1494/1155/1682 1484/1145/1672 1483/1373/1671
f 1495/1156/1683 1490/1151/1678 1489/1377/1677
f 1490/1151/1678 1495/1156/1683 1491/1378/1679
f 950/653/1071 961/664/1082 1496/1157/1684
f 1496/1157/1684 1486/1375/1674 950/653/1071
f 1486/1375/1674 1496/1157/1684 1497/1158/1685
f 1497/1158/1685 1487/1376/1675 1486/1375/1674
f 1487/1376/1675 1497/1158/1685 1498/1159/1686
f 1498/1159/1686 1488/1149/1676 1487/1376/1675
f 1488/1149/1676 1498/1159/1686 1499/1160/1687
f 1499/1160/1687 1489/1377/1677 1488/1149/1676
f 1489/1377/1677 1499/1160/1687 1500/1161/1688
f 1500/1161/1688 1495/1156/1683 1489/1377/1677
f 1495/1156/1683 1500/1161/1688 1501/1162/1689
f 1501/1162/1689 1491/1378/1679 1495/1156/1683
f 1491/1378/1679 1501/1162/1689 1502/1163/1690
f 1502/1163/1690 1492/1153/1680 1491/1378/1679
f 1492/1153/1680 1502/1163/1690 1503/1164/1691
f 1503/1164/1691 1493/1154/1681 1492/1153/1680
f 1493/1154/1681 1503/1164/1691 1504/1165/1692
f 1504/1165/1692 1494/1155/1682 1493/1154/1681
f 1505/1379/1693 1500/1161/1688 1499/1160/1687
f 1500/1161/1688 1505/1379/1693 1501/1162/1689
f 961/664/1082 972/674/1093 1506/1380/1694
f 1506/1380/1694 1496/1157/1684 961/664/1082
f 1496/1157/1684 1506/1380/1694 1507/1381/1695
f 1507/1381/1695 1497/1158/1685 1496/1157/1684
f 1497/1158/1685 1507/1381/1695 1508/1169/1696
f 1508/1169/1696 1498/1159/1686 1497/1158/1685
f 1498/1159/1686 1508/1169/1696 1509/1170/1697
f 1509/1170/1697 1499/1160/1687 1498/1159/1686
f 1499/1160/1687 1509/1170/1697 1510/1171/1698
f 1510/1171/1698 1505/1379/1693 1499/1160/1687
f 1505/1379/1693 1510/1171/1698 1511/1172/1699
f 1511/1172/1699 1501/1162/1689 1505/1379/1693
f 1501/1162/1689 1511/1172/1699 1512/1382/1700
f 1512/1382/1700 1502/1163/1690 1501/1162/1689
f 1502/1163/1690 1512/1382/1700 1513/1383/1701
f 1513/1383/1701 1503/1164/1691 1502/1163/1690
f 1503/1164/1691 1513/1383/1701 1514/1175/1702
f 1514/1175/1702 1504/1165/1692 1503/1164/1691
f 972/674/1093 983/909/1104 1515/1176/1703
f 1515/1176/1703 1506/1380/1694 972/674/1093
f 1506/1380/1694 1515/1176/1703 1516/1177/1704
f 1516/1177/1704 1507/1381/1695 1506/1380/1694
f 1507/1381/1695 1516/1177/1704 1517/1178/1705
f 1517/1178/1705 1508/1169/1696 1507/1381/1695
f 1508/1169/1696 1517/1178/1705 1518/1384/1706
f 1518/1384/1706 1509/1170/1697 1508/1169/1696
f 1509/1170/1697 1518/1384/1706 1519/1385/1707
f 1519/1385/1707 1510/1171/1698 1509/1170/1697
f 1510/1171/1698 1519/1385/1707 1520/1386/1708
f 1520/1386/1708 1511/1172/1699 1510/1171/1698
f 1511/1172/1699 1520/1386/1708 1521/1387/1709
f 1521/1387/1709 1512/1382/1700 1511/1172/1699
f 1512/1382/1700 1521/1387/1709 1522/1388/1710
f 1522/1388/1710 1513/1383/1701 1512/1382/1700
f 1513/1383/1701 1522/1388/1710 1523/1184/1711
f 1523/1184/1711 1514/1175/1702 1513/1383/1701
f 983/909/1104 994/694/1115 1524/1185/1712
f 1524/1185/1712 1515/1176/1703 983/909/1104
f 1515/1176/1703 1524/1185/1712 1525/1389/1713
f 1525/1389/1713 1516/1177/1704 1515/1176/1703
f 1516/1177/1704 1525/1389/1713 1526/1390/1714
f 1526/1390/1714 1517/1178/1705 1516/1177/1704
f 1517/1178/1705 1526/1390/1714 1527/1391/1715
f 1527/1391/1715 1518/1384/1706 1517/1178/1705
f 1518/1384/1706 1527/1391/1715 1528/1392/1716
f 1528/1392/1716 1519/1385/1707 1518/1384/1706
f 1519/1385/1707 1528/1392/1716 1529/1393/1717
f 1529/1393/1717 1520/1386/1708 1519/1385/1707
f 1520/1386/1708 1529/1393/1717 1530/1394/1718
f 1530/1394/1718 1521/1387/1709 1520/1386/1708
f 1521/1387/1709 1530/1394/1718 1531/1192/1719
f 1531/1192/1719 1522/1388/1710 1521/1387/1709
f 1522/1388/1710 1531/1192/1719 1532/1193/1720
f 1532/1193/1720 1523/1184/1711 1522/1388/1710
f 994/694/1115 1004/703/1125 1533/1194/1721
f 1533/1194/1721 1524/1185/1712 994/694/1115
f 1524/1185/1712 1533/1194/1721 1534/1395/1722
f 1534/1395/1722 1525/1389/1713 1524/1185/1712
f 1525/1389/1713 1534/1395/1722 1535/1396/1723
f 1535/1396/1723 1526/1390/1714 1525/1389/1713
f 1526/1390/1714 1535/1396/1723 1536/1197/1724
f 1536/1197/1724 1527/1391/1715 1526/1390/1714
f 1527/1391/1715 1536/1197/1724 1537/1397/1725
f 1537/1397/1725 1528/1392/1716 1527/1391/1715
f 1528/1392/1716 1537/1397/1725 1538/1398/1726
f 1538/1398/1726 1529/1393/1717 1528/1392/1716
f 1529/1393/1717 1538/1398/1726 1539/1399/1727
f 1539/1399/1727 1530/1394/1718 1529/1393/1717
f 1530/1394/1718 1539/1399/1727 1540/1400/1728
f 1540/1400/1728 1531/1192/1719 1530/1394/1718
f 1531/1192/1719 1540/1400/1728 1541/1202/1729
f 1541/1202/1729 1532/1193/1720 1531/1192/1719
f 1004/703/1125 1014/712/1135 1542/1401/1730
f 1542/1401/1730 1533/1194/1721 1004/703/1125
f 1533/1194/1721 1542/1401/1730 1543/1402/1731
f 1543/1402/1731 1534/1395/1722 1533/1194/1721
f 1534/1395/1722 1543/1402/1731 1544/1205/1732
f 1544/1205/1732 1535/1396/1723 1534/1395/1722
f 1535/1396/1723 1544/1205/1732 1545/1206/1733
f 1545/1206/1733 1536/1197/1724 1535/1396/1723
f 1536/1197/1724 1545/1206/1733 1546/1403/1734
f 1546/1403/1734 1537/1397/1725 1536/1197/1724
f 1537/1397/1725 1546/1403/1734 1547/1404/1735
f 1547/1404/1735 1538/1398/1726 1537/1397/1725
f 1538/1398/1726 1547/1404/1735 1548/1209/1736
f 1548/1209/1736 1539/1399/1727 1538/1398/1726
f 1539/1399/1727 1548/1209/1736 1549/1405/1737
f 1549/1405/1737 1540/1400/1728 1539/1399/1727
f 1540/1400/1728 1549/1405/1737 1550/1211/1738
f 1550/1211/1738 1541/1202/1729 1540/1400/1728
f 1014/712/1135 1025/935/1146 1551/1406/1739
f 1551/1406/1739 1542/1401/1730 1014/712/1135
f 1542/1401/1730 1551/1406/1739 1552/1213/1740
f 1552/1213/1740 1543/1402/1731 1542/1401/1730
f 1543/1402/1731 1552/1213/1740 1553/1407/1741
f 1553/1407/1741 1544/1205/1732 1543/1402/1731
f 1544/1205/1732 1553/1407/1741 1554/1408/1742
f 1554/1408/1742 1545/1206/1733 1544/1205/1732
f 1545/1206/1733 1554/1408/1742 1555/1216/1743
f 1555/1216/1743 1546/1403/1734 1545/1206/1733
f 1546/1403/1734 1555/1216/1743 1556/1409/1744
f 1556/1409/1744 1547/1404/1735 1546/1403/1734
f 1547/1404/1735 1556/1409/1744 1557/1410/1745
f 1557/1410/1745 1548/1209/1736 1547/1404/1735
f 1548/1209/1736 1557/1410/1745 1558/1411/1746
f 1558/1411/1746 1549/1405/1737 1548/1209/1736
f 1549/1405/1737 1558/1411/1746 1559/1220/1747
f 1559/1220/1747 1550/1211/1738 1549/1405/1737
f 1560/1412/1748 1555/1216/1743 1554/1408/1742
f 1555/1216/1743 1560/1412/1748 1556/1409/1744
f 1025/935/1146 1036/731/1157 1561/1413/1749
f 1561/1413/1749 1551/1406/1739 1025/935/1146
f 1551/1406/1739 1561/1413/1749 1562/1223/1750
f 1562/1223/1750 1552/1213/1740 1551/1406/1739
f 1552/1213/1740 1562/1223/1750 1563/1224/1751
f 1563/1224/1751 1553/1407/1741 1552/1213/1740
f 1553/1407/1741 1563/1224/1751 1564/1414/1752
f 1564/1414/1752 1554/1408/1742 1553/1407/1741
f 1554/1408/1742 1564/1414/1752 1565/1226/1753
f 1565/1226/1753 1560/1412/1748 1554/1408/1742
f 1560/1412/1748 1565/1226/1753 1566/1415/1754
f 1566/1415/1754 1556/1409/1744 1560/1412/1748
f 1556/1409/1744 1566/1415/1754 1567/1416/1755
f 1567/1416/1755 1557/1410/1745 1556/1409/1744
f 1557/1410/1745 1567/1416/1755 1568/1417/1756
f 1568/1417/1756 1558/1411/1746 1557/1410/1745
f 1558/1411/1746 1568/1417/1756 1569/1230/1757
f 1569/1230/1757 1559/1220/1747 1558/1411/1746
f 1570/1231/1758 1565/1226/1753 1564/1414/1752
f 1565/1226/1753 1570/1231/1758 1566/1415/1754
f 1036/731/1157 1047/742/1168 1571/1232/1759
f 1571/1232/1759 1561/1413/1749 1036/731/1157
f 1561/1413/1749 1571/1232/1759 1572/1418/1760
f 1572/1418/1760 1562/1223/1750 1561/1413/1749
f 1562/1223/1750 1572/1418/1760 1573/1234/1761
f 1573/1234/1761 1563/1224/1751 1562/1223/1750
f 1563/1224/1751 1573/1234/1761 1574/1419/1762
f 1574/1419/1762 1564/1414/1752 1563/1224/1751
f 1564/1414/1752 1574/1419/1762 1575/1420/1763
f 1575/1420/1763 1570/1231/1758 1564/1414/1752
f 1570/1231/1758 1575/1420/1763 1576/1237/1764
f 1576/1237/1764 1566/1415/1754 1570/1231/1758
f 1566/1415/1754 1576/1237/1764 1577/1421/1765
f 1577/1421/1765 1567/1416/1755 1566/1415/1754
f 1567/1416/1755 1577/1421/1765 1578/1422/1766
f 1578/1422/1766 1568/1417/1756 1567/1416/1755
f 1568/1417/1756 1578/1422/1766 1579/1240/1767
f 1579/1240/1767 1569/1230/1757 1568/1417/1756
f 1580/1241/1768 1575/1420/1763 1574/1419/1762
f 1575/1420/1763 1580/1241/1768 1576/1237/1764
f 1047/742/1168 1077/977/1198 1581/1423/1769
f 1047/742/1168 1581/1423/1769 1582/1424/1770
f 1582/1424/1770 1571/1232/1759 1047/742/1168
f 1571/1232/1759 1582/1424/1770 1583/1425/1771
f 1571/1232/1759 1583/1425/1771 1584/1426/1772
f 1584/1426/1772 1572/1418/1760 1571/1232/1759
f 1572/1418/1760 1584/1426/1772 1585/1427/1773
f 1572/1418/1760 1585/1427/1773 1586/1428/1774
f 1586/1428/1774 1573/1234/1761 1572/1418/1760
f 1573/1234/1761 1586/1428/1774 1587/1429/1775
f 1573/1234/1761 1587/1429/1775 1588/1430/1776
f 1588/1430/1776 1574/1419/1762 1573/1234/1761
f 1574/1419/1762 1588/1430/1776 1589/1431/1777
f 1574/1419/1762 1589/1431/1777 1590/1432/1778
f 1590/1432/1778 1580/1241/1768 1574/1419/1762
f 1580/1241/1768 1590/1432/1778 1591/1433/1779
f 1580/1241/1768 1591/1433/1779 1592/1434/1780
f 1580/1241/1768 1592/1434/1780 1593/1435/1781
f 1580/1241/1768 1593/1435/1781 1594/1436/1782
f 1594/1436/1782 1576/1237/1764 1580/1241/1768
f 1576/1237/1764 1594/1436/1782 1595/1437/1783
f 1576/1237/1764 1595/1437/1783 1596/1438/1784
f 1576/1237/1764 1596/1438/1784 1597/1439/1785
f 1576/1237/1764 1597/1439/1785 1598/1440/1786
f 1598/1440/1786 1577/1421/1765 1576/1237/1764
f 1577/1421/1765 1598/1440/1786 1599/1441/1787
f 1577/1421/1765 1599/1441/1787 1600/1442/1788
f 1577/1421/1765 1600/1442/1788 1601/1443/1789
f 1601/1443/1789 1578/1422/1766 1577/1421/1765
f 1578/1422/1766 1601/1443/1789 1602/1444/1790
f 1578/1422/1766 1602/1444/1790 1603/1445/1791
f 1578/1422/1766 1603/1445/1791 1604/1446/1792
f 1604/1446/1792 1579/1240/1767 1578/1422/1766
f 1579/1240/1767 1604/1446/1792 1605/1447/1793
f 1077/977/1794 4335/1002/1794 4336/1448/1794
f 4337/1448/1794 1581/1423/1769 1077/977/1198
f 1581/1423/1795 4338/1448/1795 4339/1449/1795
f 4340/1449/1795 1582/1424/1770 1581/1423/1769
f 1582/1424/1796 4341/1449/1796 4342/1450/1796
f 4343/1450/1797 1583/1425/1771 1582/1424/1770
f 1583/1425/1798 4344/1450/1798 4345/1451/1798
f 4346/1451/1798 1584/1426/1772 1583/1425/1771
f 1584/1426/1799 4347/1451/1799 4348/1452/1799
f 4349/1452/1800 1585/1427/1773 1584/1426/1772
f 1585/1427/1801 4350/1452/1801 4351/1453/1801
f 4352/1453/1802 1586/1428/1774 1585/1427/1773
f 1586/1428/1803 4353/1453/1803 4354/1454/1803
f 4355/1454/1803 1587/1429/1775 1586/1428/1774
f 1587/1429/1804 4356/1454/1804 4357/1455/1804
f 4358/1455/1804 1588/1430/1776 1587/1429/1775
f 1588/1430/1805 4359/1455/1805 4360/1456/1805
f 4361/1456/1805 1589/1431/1777 1588/1430/1776
f 1589/1431/1806 4362/1456/1806 4363/1457/1806
f 4364/1457/1806 1590/1432/1778 1589/1431/1777
f 1590/1432/1807 4365/1457/1807 4366/1458/1807
f 4367/1458/1807 1591/1433/1779 1590/1432/1778
f 1591/1433/1808 4368/1458/1808 4369/1459/1808
f 4370/1459/1809 1592/1434/1780 1591/1433/1779
f 1592/1434/1810 4371/1459/1810 4372/1460/1810
f 4373/1460/1810 1593/1435/1781 1592/1434/1780
f 1593/1435/1811 4374/1460/1811 4375/1461/1811
f 4376/1461/1812 1594/1436/1782 1593/1435/1781
f 1594/1436/1813 4377/1461/1813 4378/1462/1813
f 4379/1462/1814 1595/1437/1783 1594/1436/1782
f 1595/1437/1815 4380/1462/1815 4381/1463/1815
f 4382/1463/1815 1596/1438/1784 1595/1437/1783
f 1596/1438/1816 4383/1463/1816 4384/1464/1816
f 4385/1464/1816 1597/1439/1785 1596/1438/1784
f 1597/1439/1817 4386/1464/1817 4387/1465/1817
f 4388/1465/1817 1598/1440/1786 1597/1439/1785
f 1598/1440/1818 4389/1465/1818 4390/1466/1818
f 4391/1466/1818 1599/1441/1787 1598/1440/1786
f 1599/1441/1819 4392/1466/1819 4393/1467/1819
f 4394/1467/1819 1600/1442/1788 1599/1441/1787
f 1600/1442/1820 4395/1467/1820 4396/1468/1820
f 4397/1468/1820 1601/1443/1789 1600/1442/1788
f 1601/1443/1821 4398/1468/1821 4399/1469/1821
f 4400/1469/1822 1602/1444/1790 1601/1443/1789
f 1602/1444/1823 4401/1469/1823 4402/1470/1823
f 4403/1470/1824 1603/1445/1791 1602/1444/1790
f 1603/1445/1825 4404/1470/1825 4405/1471/1825
f 4406/1471/1826 1604/1446/1792 1603/1445/1791
f 1604/1446/1827 4407/1471/1827 4408/1472/1827
f 4409/1472/1828 1605/1447/1793 1604/1446/1792
f 1082/1014/1241 1089/1013/1240 1613/1473/1829
f 1613/1473/1829 1606/1474/1830 1082/1014/1241
f 1606/1474/1830 1613/1473/1829 1607/1475/1831
f 1611/1476/1832 1614/1477/1833 1612/1478/1834
f 1089/1013/1240 1098/1023/1250 1615/1479/1835
f 1615/1479/1835 1613/1473/1829 1089/1013/1240
f 1613/1473/1829 1615/1479/1835 1616/1480/1836
f 1616/1480/1836 1607/1475/1831 1613/1473/1829
f 1607/1475/1831 1616/1480/1836 1617/1481/1837
f 1617/1481/1837 1608/1482/1838 1607/1475/1831
f 1608/1482/1838 1617/1481/1837 1618/1483/1839
f 1618/1483/1839 1609/1484/1840 1608/1482/1838
f 1609/1484/1840 1618/1483/1839 1619/1485/1841
f 1609/1484/1840 1619/1485/1841 1610/1486/1842
f 1610/1486/1842 1628/1487/1843 1620/1488/1844
f 1620/1488/1844 1611/1476/1832 1610/1486/1842
f 1621/1489/1845 1614/1477/1833 1611/1476/1832
f 1614/1477/1833 1621/1489/1845 4410/1490/1846
f 1622/1491/1847 1615/1479/1835 1098/1023/1250
f 1615/1479/1835 1622/1491/1847 1616/1480/1836
f 1623/1492/1848 1621/1489/1845 1611/1476/1832
f 1621/1489/1845 1623/1492/1848 4411/1493/1849
f 1098/1023/1250 1108/1033/1260 1624/1494/1850
f 1624/1494/1850 1622/1491/1847 1098/1023/1250
f 1622/1491/1847 1624/1494/1850 1625/1495/1851
f 1625/1495/1851 1616/1480/1836 1622/1491/1847
f 1625/1495/1851 1617/1481/1837 1616/1480/1836
f 1617/1481/1837 1625/1495/1851 1626/1496/1852
f 1617/1481/1837 1626/1496/1852 1627/1497/1853
f 1627/1497/1853 1618/1483/1839 1617/1481/1837
f 1618/1483/1839 1627/1497/1853 1619/1485/1841
f 1628/1487/1843 1610/1486/1842 1619/1485/1841
f 1629/1498/1854 1611/1476/1832 1620/1488/1844
f 1611/1476/1832 1629/1498/1854 1630/1499/1855
f 1630/1499/1855 1623/1492/1848 1611/1476/1832
f 1623/1492/1848 1630/1499/1855 4413/1500/1856
f 1631/1501/1857 1624/1494/1850 1108/1033/1260
f 1624/1494/1850 1631/1501/1857 1625/1495/1851
f 1632/1502/1858 1630/1499/1855 1629/1498/1854
f 1630/1499/1855 1632/1502/1858 4415/1503/1859
f 1108/1033/1260 1118/1043/1270 1633/1504/1860
f 1633/1504/1860 1631/1501/1857 1108/1033/1260
f 1631/1501/1857 1633/1504/1860 1634/1505/1861
f 1634/1505/1861 1625/1495/1851 1631/1501/1857
f 1625/1495/1851 1634/1505/1861 1626/1496/1852
f 1635/1506/1862 1632/1502/1858 1629/1498/1854
f 1632/1502/1858 1635/1506/1862 4417/1507/1863
f 1636/1508/1864 1633/1504/1860 1118/1043/1270
f 1633/1504/1860 1636/1508/1864 1634/1505/1861
f 1637/1509/1865 1635/1506/1862 1629/1498/1854
f 1635/1506/1862 1637/1509/1865 4419/1510/1866
f 1118/1043/1270 1128/1053/1280 1638/1511/1867
f 1638/1511/1867 1636/1508/1864 1118/1043/1270
f 1636/1508/1864 1638/1511/1867 1639/1512/1868
f 1639/1512/1868 1634/1505/1861 1636/1508/1864
f 1634/1505/1861 1639/1512/1868 1640/1513/1869
f 1640/1513/1869 1626/1496/1852 1634/1505/1861
f 1626/1496/1852 1640/1513/1869 1641/1514/1870
f 1641/1514/1870 1627/1497/1853 1626/1496/1852
f 1627/1497/1853 1641/1514/1870 1642/1515/1871
f 1642/1515/1871 1619/1485/1841 1627/1497/1853
f 1642/1515/1871 1628/1487/1843 1619/1485/1841
f 1628/1487/1843 1642/1515/1871 1643/1516/1872
f 1628/1487/1843 1643/1516/1872 1620/1488/1844
f 1644/1517/1873 1637/1509/1865 1629/1498/1854
f 1637/1509/1865 1644/1517/1873 4421/1518/1874
f 1645/1519/1875 1638/1511/1867 1128/1053/1280
f 1638/1511/1867 1645/1519/1875 1639/1512/1868
f 1646/1520/1876 1644/1517/1873 1629/1498/1854
f 1644/1517/1873 1646/1520/1876 4423/1521/1877
f 1128/1053/1280 1137/1062/1289 1647/1522/1878
f 1647/1522/1878 1645/1519/1875 1128/1053/1280
f 1645/1519/1875 1647/1522/1878 1648/1523/1879
f 1648/1523/1879 1639/1512/1868 1645/1519/1875
f 1639/1512/1868 1648/1523/1879 1640/1513/1869
f 1649/1524/1880 1646/1520/1876 1629/1498/1854
f 1646/1520/1876 1649/1524/1880 4425/1525/1881
f 1650/1526/1882 1647/1522/1878 1137/1062/1289
f 1647/1522/1878 1650/1526/1882 1648/1523/1879
f 1651/1527/1883 1649/1524/1880 1629/1498/1854
f 1649/1524/1880 1651/1527/1883 4427/1528/1884
f 1137/1062/1289 1146/1071/1298 1652/1529/1885
f 1652/1529/1885 1650/1526/1882 1137/1062/1289
f 1650/1526/1882 1652/1529/1885 1653/1530/1886
f 1653/1530/1886 1648/1523/1879 1650/1526/1882
f 1648/1523/1879 1653/1530/1886 1654/1531/1887
f 1654/1531/1887 1640/1513/1869 1648/1523/1879
f 1640/1513/1869 1654/1531/1887 1655/1532/1888
f 1655/1532/1888 1641/1514/1870 1640/1513/1869
f 1641/1514/1870 1655/1532/1888 1642/1515/1871
f 1656/1533/1889 1651/1527/1883 1629/1498/1854
f 1651/1527/1883 1656/1533/1889 4429/1534/1890
f 1657/1535/1891 1652/1529/1885 1146/1071/1298
f 1652/1529/1885 1657/1535/1891 1653/1530/1886
f 1658/1536/1892 1656/1533/1889 1629/1498/1854
f 1656/1533/1889 1658/1536/1892 4431/1537/1893
f 1146/1071/1298 1155/1080/1307 1659/1538/1894
f 1659/1538/1894 1657/1535/1891 1146/1071/1298
f 1657/1535/1891 1659/1538/1894 1660/1539/1895
f 1660/1539/1895 1653/1530/1886 1657/1535/1891
f 1653/1530/1886 1660/1539/1895 1654/1531/1887
f 1661/1540/1896 1658/1536/1892 1629/1498/1854
f 1658/1536/1892 1661/1540/1896 4433/1541/1897
f 1662/1542/1898 1659/1538/1894 1155/1080/1307
f 1659/1538/1894 1662/1542/1898 1660/1539/1895
f 1663/1543/1899 1661/1540/1896 1629/1498/1854
f 1661/1540/1896 1663/1543/1899 4435/1544/1900
f 1155/1080/1307 1164/1089/1316 1664/1545/1901
f 1664/1545/1901 1662/1542/1898 1155/1080/1307
f 1662/1542/1898 1664/1545/1901 1665/1546/1902
f 1665/1546/1902 1660/1539/1895 1662/1542/1898
f 1660/1539/1895 1665/1546/1902 1666/1547/1903
f 1666/1547/1903 1654/1531/1887 1660/1539/1895
f 1654/1531/1887 1666/1547/1903 1667/1548/1904
f 1667/1548/1904 1655/1532/1888 1654/1531/1887
f 1655/1532/1888 1667/1548/1904 1668/1549/1905
f 1668/1549/1905 1642/1515/1871 1655/1532/1888
f 1642/1515/1871 1668/1549/1905 1669/1550/1906
f 1669/1550/1906 1643/1516/1872 1642/1515/1871
f 1643/1516/1872 1669/1550/1906 1670/1551/1907
f 1670/1551/1907 1620/1488/1844 1643/1516/1872
f 1620/1488/1844 1670/1551/1907 1629/1498/1854
f 1671/1552/1908 1663/1543/1899 1629/1498/1854
f 1663/1543/1899 1671/1552/1908 4437/1553/1909
f 1672/1554/1910 1664/1545/1901 1164/1089/1316
f 1664/1545/1901 1672/1554/1910 1665/1546/1902
f 1673/1555/1911 1671/1552/1908 1629/1498/1854
f 1671/1552/1908 1673/1555/1911 4439/1556/1912
f 1164/1089/1316 1173/1098/1325 1674/1557/1913
f 1674/1557/1913 1672/1554/1910 1164/1089/1316
f 1672/1554/1910 1674/1557/1913 1675/1558/1914
f 1675/1558/1914 1665/1546/1902 1672/1554/1910
f 1665/1546/1902 1675/1558/1914 1666/1547/1903
f 1676/1559/1915 1673/1555/1911 1629/1498/1854
f 1673/1555/1911 1676/1559/1915 4441/1560/1916
f 1677/1561/1917 1674/1557/1913 1173/1098/1325
f 1674/1557/1913 1677/1561/1917 1675/1558/1914
f 1678/1562/1918 1676/1559/1915 1629/1498/1854
f 1676/1559/1915 1678/1562/1918 4443/1563/1919
f 1173/1098/1325 1183/1108/1335 1679/1564/1920
f 1679/1564/1920 1677/1561/1917 1173/1098/1325
f 1677/1561/1917 1679/1564/1920 1680/1565/1921
f 1680/1565/1921 1675/1558/1914 1677/1561/1917
f 1675/1558/1914 1680/1565/1921 1681/1566/1922
f 1681/1566/1922 1666/1547/1903 1675/1558/1914
f 1666/1547/1903 1681/1566/1922 1682/1567/1923
f 1682/1567/1923 1667/1548/1904 1666/1547/1903
f 1667/1548/1904 1682/1567/1923 1683/1568/1924
f 1683/1568/1924 1668/1549/1905 1667/1548/1904
f 1668/1549/1905 1683/1568/1924 1669/1550/1906
f 1684/1569/1925 1678/1562/1918 1629/1498/1854
f 1678/1562/1918 1684/1569/1925 4445/1570/1926
f 1685/1571/1927 1679/1564/1920 1183/1108/1335
f 1679/1564/1920 1685/1571/1927 1680/1565/1921
f 1686/1572/1928 1684/1569/1925 1629/1498/1854
f 1684/1569/1925 1686/1572/1928 4447/1573/1929
f 1183/1108/1335 1193/1118/1345 1687/1574/1930
f 1687/1574/1930 1685/1571/1927 1183/1108/1335
f 1685/1571/1927 1687/1574/1930 1688/1575/1931
f 1688/1575/1931 1680/1565/1921 1685/1571/1927
f 1680/1565/1921 1688/1575/1931 1681/1566/1922
f 1689/1576/1932 1686/1572/1928 1629/1498/1854
f 1686/1572/1928 1689/1576/1932 4449/1577/1933
f 1690/1578/1934 1687/1574/1930 1193/1118/1345
f 1687/1574/1930 1690/1578/1934 1688/1575/1931
f 1691/1579/1935 1689/1576/1932 1629/1498/1854
f 1689/1576/1932 1691/1579/1935 4451/1580/1936
f 1193/1118/1345 1202/1127/1354 1692/1581/1937
f 1692/1581/1937 1690/1578/1934 1193/1118/1345
f 1690/1578/1934 1692/1581/1937 1693/1582/1938
f 1693/1582/1938 1688/1575/1931 1690/1578/1934
f 1688/1575/1931 1693/1582/1938 1694/1583/1939
f 1688/1575/1931 1694/1583/1939 1695/1584/1940
f 1695/1584/1940 1681/1566/1922 1688/1575/1931
f 1695/1584/1940 1682/1567/1923 1681/1566/1922
f 1682/1567/1923 1695/1584/1940 1696/1585/1941
f 1696/1585/1941 1683/1568/1924 1682/1567/1923
f 1683/1568/1924 1696/1585/1941 1697/1586/1942
f 1697/1586/1942 1669/1550/1906 1683/1568/1924
f 1669/1550/1906 1697/1586/1942 1698/1587/1943
f 1699/1588/1944 1691/1579/1935 1629/1498/1854
f 1691/1579/1935 1699/1588/1944 4453/1589/1945
f 1202/1127/1354 1206/1131/1358 1700/1590/1946
f 1700/1590/1946 1692/1581/1937 1202/1127/1354
f 1692/1581/1937 1700/1590/1946 1693/1582/1938
f 1669/1550/1906 1698/1587/1943 1670/1551/1907
f 1701/1591/1947 1699/1588/1944 1629/1498/1854
f 1699/1588/1944 1701/1591/1947 4455/1592/1948
f 1702/1593/1949 1700/1590/1946 1206/1131/1358
f 1702/1593/1949 1693/1582/1938 1700/1590/1946
f 1693/1582/1938 1702/1593/1949 1694/1583/1939
f 1695/1584/1940 1703/1594/1950 1696/1585/1941
f 1704/1595/1951 1701/1591/1947 1629/1498/1854
f 1701/1591/1947 1704/1595/1951 4457/1596/1952
f 1206/1131/1358 1220/1145/1372 1705/1597/1953
f 1705/1597/1953 1702/1593/1949 1206/1131/1358
f 1702/1593/1949 1705/1597/1953 1706/1598/1954
f 1706/1598/1954 1694/1583/1939 1702/1593/1949
f 1694/1583/1939 1706/1598/1954 1707/1599/1955
f 1707/1599/1955 1695/1584/1940 1694/1583/1939
f 1695/1584/1940 1707/1599/1955 1703/1594/1950
f 1708/1600/1956 1704/1595/1951 1629/1498/1854
f 1704/1595/1951 1708/1600/1956 4459/1601/1957
f 1709/1602/1958 1705/1597/1953 1220/1145/1372
f 1705/1597/1953 1709/1602/1958 1706/1598/1954
f 1710/1603/1959 1708/1600/1956 1629/1498/1854
f 1708/1600/1956 1710/1603/1959 4461/1604/1960
f 1220/1145/1372 1230/1155/1382 1711/1605/1961
f 1711/1605/1961 1709/1602/1958 1220/1145/1372
f 1709/1602/1958 1711/1605/1961 1712/1606/1962
f 1712/1606/1962 1706/1598/1954 1709/1602/1958
f 1712/1606/1962 1707/1599/1955 1706/1598/1954
f 1707/1599/1955 1712/1606/1962 1713/1607/1963
f 1713/1607/1963 1703/1594/1950 1707/1599/1955
f 1703/1594/1950 1713/1607/1963 1714/1608/1964
f 1714/1608/1964 1696/1585/1941 1703/1594/1950
f 1714/1608/1964 1697/1586/1942 1696/1585/1941
f 1697/1586/1942 1714/1608/1964 1715/1609/1965
f 1697/1586/1942 1715/1609/1965 1698/1587/1943
f 1716/1610/1966 1710/1603/1959 1629/1498/1854
f 1710/1603/1959 1716/1610/1966 4463/1611/1967
f 1717/1612/1968 1711/1605/1961 1230/1155/1382
f 1711/1605/1961 1717/1612/1968 1712/1606/1962
f 1718/1613/1969 1716/1610/1966 1629/1498/1854
f 1716/1610/1966 1718/1613/1969 4465/1614/1970
f 1230/1155/1382 1240/1165/1392 1719/1615/1971
f 1719/1615/1971 1717/1612/1968 1230/1155/1382
f 1717/1612/1968 1719/1615/1971 1720/1616/1972
f 1720/1616/1972 1712/1606/1962 1717/1612/1968
f 1712/1606/1962 1720/1616/1972 1713/1607/1963
f 1721/1617/1973 1718/1613/1969 1629/1498/1854
f 1718/1613/1969 1721/1617/1973 4467/1618/1974
f 1722/1619/1975 1719/1615/1971 1240/1165/1392
f 1719/1615/1971 1722/1619/1975 1720/1616/1972
f 1723/1620/1976 1721/1617/1973 1629/1498/1854
f 1721/1617/1973 1723/1620/1976 4469/1621/1977
f 1240/1165/1392 1250/1175/1402 1724/1622/1978
f 1724/1622/1978 1722/1619/1975 1240/1165/1392
f 1722/1619/1975 1724/1622/1978 1725/1623/1979
f 1725/1623/1979 1720/1616/1972 1722/1619/1975
f 1720/1616/1972 1725/1623/1979 1726/1624/1980
f 1726/1624/1980 1713/1607/1963 1720/1616/1972
f 1713/1607/1963 1726/1624/1980 1727/1625/1981
f 1727/1625/1981 1714/1608/1964 1713/1607/1963
f 1714/1608/1964 1727/1625/1981 1728/1626/1982
f 1728/1626/1982 1715/1609/1965 1714/1608/1964
f 1715/1609/1965 1728/1626/1982 1729/1627/1983
f 1729/1627/1983 1698/1587/1943 1715/1609/1965
f 1698/1587/1943 1729/1627/1983 1730/1628/1984
f 1730/1628/1984 1670/1551/1907 1698/1587/1943
f 1670/1551/1907 1730/1628/1984 1731/1629/1985
f 1731/1629/1985 1629/1498/1854 1670/1551/1907
f 1629/1498/1854 1731/1629/1985 1732/1630/1986
f 1732/1630/1986 1723/1620/1976 1629/1498/1854
f 1723/1620/1976 1732/1630/1986 4471/1631/1987
f 1733/1632/1988 1724/1622/1978 1250/1175/1402
f 1724/1622/1978 1733/1632/1988 1725/1623/1979
f 1734/1633/1989 1732/1630/1986 1731/1629/1985
f 1732/1630/1986 1734/1633/1989 4473/1634/1990
f 1250/1175/1402 1259/1184/1411 1735/1635/1991
f 1735/1635/1991 1733/1632/1988 1250/1175/1402
f 1733/1632/1988 1735/1635/1991 1736/1636/1992
f 1736/1636/1992 1725/1623/1979 1733/1632/1988
f 1725/1623/1979 1736/1636/1992 1726/1624/1980
f 1737/1637/1993 1734/1633/1989 1731/1629/1985
f 1734/1633/1989 1737/1637/1993 4475/1638/1994
f 1738/1639/1995 1735/1635/1991 1259/1184/1411
f 1735/1635/1991 1738/1639/1995 1736/1636/1992
f 1739/1640/1996 1737/1637/1993 1731/1629/1985
f 1737/1637/1993 1739/1640/1996 4477/1641/1997
f 1259/1184/1411 1268/1193/1420 1740/1642/1998
f 1740/1642/1998 1738/1639/1995 1259/1184/1411
f 1738/1639/1995 1740/1642/1998 1741/1643/1999
f 1741/1643/1999 1736/1636/1992 1738/1639/1995
f 1736/1636/1992 1741/1643/1999 1742/1644/2000
f 1742/1644/2000 1726/1624/1980 1736/1636/1992
f 1726/1624/1980 1742/1644/2000 1743/1645/2001
f 1743/1645/2001 1727/1625/1981 1726/1624/1980
f 1727/1625/1981 1743/1645/2001 1728/1626/1982
f 1744/1646/2002 1739/1640/1996 1731/1629/1985
f 1739/1640/1996 1744/1646/2002 4479/1647/2003
f 1745/1648/2004 1740/1642/1998 1268/1193/1420
f 1740/1642/1998 1745/1648/2004 1741/1643/1999
f 1746/1649/2005 1744/1646/2002 1731/1629/1985
f 1744/1646/2002 1746/1649/2005 4481/1650/2006
f 1268/1193/1420 1277/1202/1429 1747/1651/2007
f 1747/1651/2007 1745/1648/2004 1268/1193/1420
f 1745/1648/2004 1747/1651/2007 1748/1652/2008
f 1748/1652/2008 1741/1643/1999 1745/1648/2004
f 1741/1643/1999 1748/1652/2008 1742/1644/2000
f 1749/1653/2009 1746/1649/2005 1731/1629/1985
f 1746/1649/2005 1749/1653/2009 4483/1654/2010
f 1750/1655/2011 1747/1651/2007 1277/1202/1429
f 1747/1651/2007 1750/1655/2011 1748/1652/2008
f 1751/1656/2012 1749/1653/2009 1731/1629/1985
f 1749/1653/2009 1751/1656/2012 4485/1657/2013
f 1277/1202/1429 1286/1211/1438 1752/1658/2014
f 1752/1658/2014 1750/1655/2011 1277/1202/1429
f 1750/1655/2011 1752/1658/2014 1753/1659/2015
f 1753/1659/2015 1748/1652/2008 1750/1655/2011
f 1748/1652/2008 1753/1659/2015 1754/1660/2016
f 1754/1660/2016 1742/1644/2000 1748/1652/2008
f 1742/1644/2000 1754/1660/2016 1755/1661/2017
f 1755/1661/2017 1743/1645/2001 1742/1644/2000
f 1743/1645/2001 1755/1661/2017 1756/1662/2018
f 1756/1662/2018 1728/1626/1982 1743/1645/2001
f 1728/1626/1982 1756/1662/2018 1757/1663/2019
f 1757/1663/2019 1729/1627/1983 1728/1626/1982
f 1729/1627/1983 1757/1663/2019 1730/1628/1984
f 1758/1664/2020 1751/1656/2012 1731/1629/1985
f 1751/1656/2012 1758/1664/2020 4487/1665/2021
f 1759/1666/2022 1752/1658/2014 1286/1211/1438
f 1752/1658/2014 1759/1666/2022 1753/1659/2015
f 1760/1667/2023 1758/1664/2020 1731/1629/1985
f 1758/1664/2020 1760/1667/2023 4489/1668/2024
f 1286/1211/1438 1295/1220/1447 1761/1669/2025
f 1761/1669/2025 1759/1666/2022 1286/1211/1438
f 1759/1666/2022 1761/1669/2025 1762/1670/2026
f 1762/1670/2026 1753/1659/2015 1759/1666/2022
f 1753/1659/2015 1762/1670/2026 1754/1660/2016
f 1763/1671/2027 1760/1667/2023 1731/1629/1985
f 1760/1667/2023 1763/1671/2027 4491/1672/2028
f 1764/1673/2029 1761/1669/2025 1295/1220/1447
f 1761/1669/2025 1764/1673/2029 1762/1670/2026
f 1765/1674/2030 1763/1671/2027 1731/1629/1985
f 1763/1671/2027 1765/1674/2030 4493/1675/2031
f 1295/1220/1447 1305/1230/1457 1766/1676/2032
f 1766/1676/2032 1764/1673/2029 1295/1220/1447
f 1764/1673/2029 1766/1676/2032 1767/1677/2033
f 1767/1677/2033 1762/1670/2026 1764/1673/2029
f 1762/1670/2026 1767/1677/2033 1768/1678/2034
f 1768/1678/2034 1754/1660/2016 1762/1670/2026
f 1754/1660/2016 1768/1678/2034 1769/1679/2035
f 1769/1679/2035 1755/1661/2017 1754/1660/2016
f 1755/1661/2017 1769/1679/2035 1770/1680/2036
f 1755/1661/2017 1770/1680/2036 1777/1681/2037
f 1777/1681/2037 1756/1662/2018 1755/1661/2017
f 1756/1662/2018 1777/1681/2037 1757/1663/2019
f 1771/1682/2038 1765/1674/2030 1731/1629/1985
f 1765/1674/2030 1771/1682/2038 4495/1683/2039
f 1772/1684/2040 1766/1676/2032 1305/1230/1457
f 1766/1676/2032 1772/1684/2040 1767/1677/2033
f 1773/1685/2041 1771/1682/2038 1731/1629/1985
f 1771/1682/2038 1773/1685/2041 4497/1686/2042
f 1305/1230/1457 1315/1240/1467 1774/1687/2043
f 1774/1687/2043 1772/1684/2040 1305/1230/1457
f 1772/1684/2040 1774/1687/2043 1775/1688/2044
f 1775/1688/2044 1767/1677/2033 1772/1684/2040
f 1767/1677/2033 1775/1688/2044 1776/1689/2045
f 1776/1689/2045 1768/1678/2034 1767/1677/2033
f 1768/1678/2034 1776/1689/2045 1769/1679/2035
f 1778/1690/2046 1773/1685/2041 1731/1629/1985
f 1773/1685/2041 1778/1690/2046 4499/1691/2047
f 1779/1692/2048 1774/1687/2043 1315/1240/1467
f 1774/1687/2043 1779/1692/2048 1775/1688/2044
f 1780/1693/2049 1778/1690/2046 1731/1629/1985
f 1778/1690/2046 1780/1693/2049 4501/1694/2050
f 1323/1248/1475 1779/1692/2048 1315/1240/1467
f 1779/1692/2048 1323/1248/1475 1781/1695/2051
f 1781/1695/2051 1775/1688/2044 1779/1692/2048
f 1775/1688/2044 1781/1695/2051 1782/1696/2052
f 1782/1696/2052 1776/1689/2045 1775/1688/2044
f 1783/1697/2053 1769/1679/2035 1776/1689/2045
f 1783/1697/2053 1770/1680/2036 1769/1679/2035
f 1770/1680/2036 1783/1697/2053 1777/1681/2037
f 1784/1698/2054 1757/1663/2019 1777/1681/2037
f 1784/1698/2054 1730/1628/1984 1757/1663/2019
f 1730/1628/1984 1784/1698/2054 1731/1629/1985
f 1785/1699/2055 1780/1693/2049 1731/1629/1985
f 1780/1693/2049 1785/1699/2055 4503/1700/2056
f 1323/1248/1475 1328/1253/1480 1786/1701/2057
f 1786/1701/2057 1781/1695/2051 1323/1248/1475
f 1781/1695/2051 1786/1701/2057 1782/1696/2052
f 1787/1702/2058 1776/1689/2045 1782/1696/2052
f 1787/1702/2058 1783/1697/2053 1776/1689/2045
f 1777/1681/2037 1783/1697/2053 1784/1698/2054
f 1785/1699/2055 1731/1629/1985 4505/1703/2059
f 4507/1303/2060 1353/1302/1540 1788/1704/2061
f 1788/1704/2062 4508/1705/2062 4509/1303/2062
f 4510/1705/2063 1788/1704/2061 1789/1706/2064
f 1789/1706/2065 4511/1707/2065 4512/1705/2065
f 4513/1707/2066 1789/1706/2064 1790/1708/2067
f 1790/1708/2068 4514/1709/2068 4515/1707/2068
f 4516/1709/2069 1790/1708/2067 1791/1710/2070
f 1791/1710/2069 4517/1711/2069 4518/1709/2069
f 4519/1711/2071 1791/1710/2070 1792/1712/2072
f 1792/1712/2073 4520/1713/2073 4521/1711/2073
f 4522/1713/2074 1792/1712/2072 1793/1714/2075
f 1793/1714/2074 4523/1715/2074 4524/1713/2074
f 4525/1715/2076 1793/1714/2075 1794/1716/2077
f 1794/1716/2076 4526/1717/2076 4527/1715/2076
f 4528/1717/2078 1794/1716/2077 1795/1718/2079
f 1795/1718/2078 4529/1719/2078 4530/1717/2078
f 4531/1719/2080 1795/1718/2079 1796/1720/2081
f 1796/1720/2082 4532/1721/2082 4533/1719/2082
f 4534/1721/2083 1796/1720/2081 1797/1722/2084
f 1797/1722/2085 4535/1723/2085 4536/1721/2085
f 4537/1723/2086 1797/1722/2084 1798/1724/2087
f 1798/1724/2086 4538/1725/2086 4539/1723/2086
f 4540/1725/2088 1798/1724/2087 1799/1726/2089
f 1799/1726/2090 4541/1727/2090 4542/1725/2090
f 4543/1727/2091 1799/1726/2089 1800/1728/2092
f 1800/1728/2093 4544/1729/2093 4545/1727/2093
f 4546/1729/2094 1800/1728/2092 1801/1730/2095
f 1801/1730/2094 4547/1731/2094 4548/1729/2094
f 4549/1731/2096 1801/1730/2095 1802/1732/2097
f 1802/1732/2096 4550/1733/2096 4551/1731/2096
f 4552/1733/2098 1802/1732/2097 1803/1734/2099
f 1803/1734/2100 4553/1735/2100 4554/1733/2100
f 4555/1735/2101 1803/1734/2099 1804/1736/2102
f 1804/1736/2103 4556/1737/2103 4557/1735/2103
f 4558/1737/2104 1804/1736/2102 1805/1738/2105
f 1805/1738/2106 4559/1739/2106 4560/1737/2106
f 4561/1739/2107 1805/1738/2105 1806/1740/2108
f 1806/1740/2109 4562/1741/2109 4563/1739/2109
f 4564/1741/2110 1806/1740/2108 1807/1742/2111
f 1807/1742/2112 4565/1743/2112 4566/1741/2112
f 4567/1743/2113 1807/1742/2111 1808/1744/2114
f 1808/1744/2115 4568/1745/2115 4569/1743/2115
f 4570/1745/2116 1808/1744/2114 1809/1746/2117
f 1809/1746/2118 4571/1747/2118 4572/1745/2118
f 4573/1747/2119 1809/1746/2117 1810/1748/2120
f 1810/1748/2121 4574/1749/2121 4575/1747/2121
f 4576/1749/2122 1810/1748/2120 1811/1750/2123
f 1811/1750/2124 4577/1751/2124 4578/1749/2124
f 4579/1751/2125 1811/1750/2125 1612/1478/2125
f 1353/1302/1540 1362/1023/1550 1812/1479/2126
f 1812/1479/2126 1788/1704/2061 1353/1302/1540
f 1812/1479/2126 1789/1706/2064 1788/1704/2061
f 1812/1479/2126 1790/1708/2067 1789/1706/2064
f 1812/1479/2126 1791/1710/2070 1790/1708/2067
f 1791/1710/2070 1812/1479/2126 1813/1752/2127
f 1813/1752/2127 1792/1712/2072 1791/1710/2070
f 1813/1752/2127 1793/1714/2075 1792/1712/2072
f 1813/1752/2127 1794/1716/2077 1793/1714/2075
f 1813/1752/2127 1795/1718/2079 1794/1716/2077
f 1795/1718/2079 1813/1752/2127 1814/1753/2128
f 1814/1753/2128 1796/1720/2081 1795/1718/2079
f 1814/1753/2128 1797/1722/2084 1796/1720/2081
f 1814/1753/2128 1798/1724/2087 1797/1722/2084
f 1798/1724/2087 1814/1753/2128 1799/1726/2089
f 1800/1728/2092 1799/1726/2089 1815/1754/2129
f 1815/1754/2129 1801/1730/2095 1800/1728/2092
f 1815/1754/2129 1802/1732/2097 1801/1730/2095
f 1802/1732/2097 1815/1754/2129 1803/1734/2099
f 1816/1489/2130 1811/1750/2123 1810/1748/2120
f 1811/1750/2123 1816/1489/2130 4581/1490/2131
f 1817/1491/2132 1812/1479/2126 1362/1023/1550
f 1812/1479/2126 1817/1491/2132 1813/1752/2127
f 1818/1492/2133 1816/1489/2130 1810/1748/2120
f 1816/1489/2130 1818/1492/2133 4582/1493/2134
f 1362/1023/1550 1372/1033/1560 1819/1494/2135
f 1819/1494/2135 1817/1491/2132 1362/1023/1550
f 1817/1491/2132 1819/1494/2135 1820/1755/2136
f 1820/1755/2136 1813/1752/2127 1817/1491/2132
f 1813/1752/2127 1820/1755/2136 1821/1756/2137
f 1821/1756/2137 1814/1753/2128 1813/1752/2127
f 1814/1753/2128 1821/1756/2137 1822/1757/2138
f 1822/1757/2138 1799/1726/2089 1814/1753/2128
f 1799/1726/2089 1822/1757/2138 1815/1754/2129
f 1823/1758/2139 1803/1734/2099 1815/1754/2129
f 1823/1758/2139 1804/1736/2102 1803/1734/2099
f 1804/1736/2102 1823/1758/2139 1805/1738/2105
f 1806/1740/2108 1805/1738/2105 1837/1759/2140
f 1837/1759/2140 1807/1742/2111 1806/1740/2108
f 1837/1759/2140 1808/1744/2114 1807/1742/2111
f 1808/1744/2114 1837/1759/2140 1809/1746/2117
f 1824/1499/2141 1818/1492/2133 1810/1748/2120
f 1818/1492/2133 1824/1499/2141 4584/1500/2142
f 1825/1760/2143 1819/1494/2135 1372/1033/1560
f 1819/1494/2135 1825/1760/2143 1820/1755/2136
f 1826/1502/2144 1824/1499/2141 1810/1748/2120
f 1824/1499/2141 1826/1502/2144 4586/1503/2145
f 1372/1033/1560 1382/1320/1570 1827/1504/2146
f 1827/1504/2146 1825/1760/2143 1372/1033/1560
f 1825/1760/2143 1827/1504/2146 1828/1761/2147
f 1828/1761/2147 1820/1755/2136 1825/1760/2143
f 1820/1755/2136 1828/1761/2147 1821/1756/2137
f 1829/1506/2148 1826/1502/2144 1810/1748/2120
f 1826/1502/2144 1829/1506/2148 4588/1507/2149
f 1830/1508/2150 1827/1504/2146 1382/1320/1570
f 1827/1504/2146 1830/1508/2150 1828/1761/2147
f 1831/1509/2151 1829/1506/2148 1810/1748/2120
f 1829/1506/2148 1831/1509/2151 4590/1510/2152
f 1382/1320/1570 1392/1053/1580 1832/1511/2153
f 1832/1511/2153 1830/1508/2150 1382/1320/1570
f 1830/1508/2150 1832/1511/2153 1833/1512/2154
f 1833/1512/2154 1828/1761/2147 1830/1508/2150
f 1828/1761/2147 1833/1512/2154 1834/1762/2155
f 1834/1762/2155 1821/1756/2137 1828/1761/2147
f 1821/1756/2137 1834/1762/2155 1835/1514/2156
f 1835/1514/2156 1822/1757/2138 1821/1756/2137
f 1835/1514/2156 1815/1754/2129 1822/1757/2138
f 1815/1754/2129 1835/1514/2156 1836/1763/2157
f 1836/1763/2157 1823/1758/2139 1815/1754/2129
f 1823/1758/2139 1836/1763/2157 1837/1759/2140
f 1837/1759/2140 1805/1738/2105 1823/1758/2139
f 1838/1764/2158 1809/1746/2117 1837/1759/2140
f 1838/1764/2158 1810/1748/2120 1809/1746/2117
f 1810/1748/2120 1838/1764/2158 1839/1517/2159
f 1839/1517/2159 1831/1509/2151 1810/1748/2120
f 1831/1509/2151 1839/1517/2159 4592/1518/2160
f 1840/1519/2161 1832/1511/2153 1392/1053/1580
f 1832/1511/2153 1840/1519/2161 1833/1512/2154
f 1841/1520/2162 1839/1517/2159 1838/1764/2158
f 1839/1517/2159 1841/1520/2162 4594/1521/2163
f 1392/1053/1580 1401/1062/1589 1842/1522/2164
f 1842/1522/2164 1840/1519/2161 1392/1053/1580
f 1840/1519/2161 1842/1522/2164 1843/1765/2165
f 1843/1765/2165 1833/1512/2154 1840/1519/2161
f 1833/1512/2154 1843/1765/2165 1834/1762/2155
f 1844/1524/2166 1841/1520/2162 1838/1764/2158
f 1841/1520/2162 1844/1524/2166 4596/1525/2167
f 1845/1526/2168 1842/1522/2164 1401/1062/1589
f 1842/1522/2164 1845/1526/2168 1843/1765/2165
f 1846/1527/2169 1844/1524/2166 1838/1764/2158
f 1844/1524/2166 1846/1527/2169 4598/1528/2170
f 1401/1062/1589 1410/1071/1598 1847/1529/2171
f 1847/1529/2171 1845/1526/2168 1401/1062/1589
f 1845/1526/2168 1847/1529/2171 1848/1766/2172
f 1848/1766/2172 1843/1765/2165 1845/1526/2168
f 1843/1765/2165 1848/1766/2172 1849/1531/2173
f 1849/1531/2173 1834/1762/2155 1843/1765/2165
f 1834/1762/2155 1849/1531/2173 1850/1767/2174
f 1850/1767/2174 1835/1514/2156 1834/1762/2155
f 1835/1514/2156 1850/1767/2174 1836/1763/2157
f 1851/1533/2175 1846/1527/2169 1838/1764/2158
f 1846/1527/2169 1851/1533/2175 4600/1534/2176
f 1852/1768/2177 1847/1529/2171 1410/1071/1598
f 1847/1529/2171 1852/1768/2177 1848/1766/2172
f 1853/1536/2178 1851/1533/2175 1838/1764/2158
f 1851/1533/2175 1853/1536/2178 4602/1537/2179
f 1410/1071/1598 1419/1080/1607 1854/1538/2180
f 1854/1538/2180 1852/1768/2177 1410/1071/1598
f 1852/1768/2177 1854/1538/2180 1855/1539/2181
f 1855/1539/2181 1848/1766/2172 1852/1768/2177
f 1848/1766/2172 1855/1539/2181 1849/1531/2173
f 1856/1540/2182 1853/1536/2178 1838/1764/2158
f 1853/1536/2178 1856/1540/2182 4604/1541/2183
f 1857/1542/2184 1854/1538/2180 1419/1080/1607
f 1854/1538/2180 1857/1542/2184 1855/1539/2181
f 1858/1543/2185 1856/1540/2182 1838/1764/2158
f 1856/1540/2182 1858/1543/2185 4606/1544/2186
f 1419/1080/1607 1428/1343/1616 1859/1545/2187
f 1859/1545/2187 1857/1542/2184 1419/1080/1607
f 1857/1542/2184 1859/1545/2187 1860/1769/2188
f 1860/1769/2188 1855/1539/2181 1857/1542/2184
f 1855/1539/2181 1860/1769/2188 1861/1770/2189
f 1861/1770/2189 1849/1531/2173 1855/1539/2181
f 1849/1531/2173 1861/1770/2189 1862/1771/2190
f 1862/1771/2190 1850/1767/2174 1849/1531/2173
f 1850/1767/2174 1862/1771/2190 1863/1772/2191
f 1863/1772/2191 1836/1763/2157 1850/1767/2174
f 1836/1763/2157 1863/1772/2191 1864/1773/2192
f 1864/1773/2192 1837/1759/2140 1836/1763/2157
f 1837/1759/2140 1864/1773/2192 1865/1774/2193
f 1865/1774/2193 1838/1764/2158 1837/1759/2140
f 1866/1552/2194 1858/1543/2185 1838/1764/2158
f 1858/1543/2185 1866/1552/2194 4608/1553/2195
f 1867/1554/2196 1859/1545/2187 1428/1343/1616
f 1859/1545/2187 1867/1554/2196 1860/1769/2188
f 1868/1555/2197 1866/1552/2194 1838/1764/2158
f 1866/1552/2194 1868/1555/2197 4610/1556/2198
f 1428/1343/1616 1437/1348/1625 1869/1557/2199
f 1869/1557/2199 1867/1554/2196 1428/1343/1616
f 1867/1554/2196 1869/1557/2199 1870/1775/2200
f 1870/1775/2200 1860/1769/2188 1867/1554/2196
f 1860/1769/2188 1870/1775/2200 1861/1770/2189
f 1871/1559/2201 1868/1555/2197 1838/1764/2158
f 1868/1555/2197 1871/1559/2201 4612/1560/2202
f 1872/1776/2203 1869/1557/2199 1437/1348/1625
f 1869/1557/2199 1872/1776/2203 1870/1775/2200
f 1873/1562/2204 1871/1559/2201 1838/1764/2158
f 1871/1559/2201 1873/1562/2204 4614/1563/2205
f 1437/1348/1625 1447/1108/1635 1874/1564/2206
f 1874/1564/2206 1872/1776/2203 1437/1348/1625
f 1872/1776/2203 1874/1564/2206 1875/1565/2207
f 1875/1565/2207 1870/1775/2200 1872/1776/2203
f 1870/1775/2200 1875/1565/2207 1876/1566/2208
f 1876/1566/2208 1861/1770/2189 1870/1775/2200
f 1861/1770/2189 1876/1566/2208 1877/1777/2209
f 1877/1777/2209 1862/1771/2190 1861/1770/2189
f 1862/1771/2190 1877/1777/2209 1863/1772/2191
f 1878/1569/2210 1873/1562/2204 1838/1764/2158
f 1873/1562/2204 1878/1569/2210 4616/1570/2211
f 1879/1571/2212 1874/1564/2206 1447/1108/1635
f 1874/1564/2206 1879/1571/2212 1875/1565/2207
f 1880/1572/2213 1878/1569/2210 1838/1764/2158
f 1878/1569/2210 1880/1572/2213 4618/1573/2214
f 1447/1108/1635 1457/1118/1645 1881/1574/2215
f 1881/1574/2215 1879/1571/2212 1447/1108/1635
f 1879/1571/2212 1881/1574/2215 1882/1575/2216
f 1882/1575/2216 1875/1565/2207 1879/1571/2212
f 1875/1565/2207 1882/1575/2216 1876/1566/2208
f 1883/1576/2217 1880/1572/2213 1838/1764/2158
f 1880/1572/2213 1883/1576/2217 4620/1577/2218
f 1884/1578/2219 1881/1574/2215 1457/1118/1645
f 1881/1574/2215 1884/1578/2219 1882/1575/2216
f 1885/1579/2220 1883/1576/2217 1838/1764/2158
f 1883/1576/2217 1885/1579/2220 4622/1580/2221
f 1457/1118/1645 1467/1365/1655 1886/1581/2222
f 1886/1581/2222 1884/1578/2219 1457/1118/1645
f 1884/1578/2219 1886/1581/2222 1887/1582/2223
f 1887/1582/2223 1882/1575/2216 1884/1578/2219
f 1882/1575/2216 1887/1582/2223 1888/1583/2224
f 1882/1575/2216 1888/1583/2224 1889/1584/2225
f 1889/1584/2225 1876/1566/2208 1882/1575/2216
f 1889/1584/2225 1877/1777/2209 1876/1566/2208
f 1877/1777/2209 1889/1584/2225 1890/1778/2226
f 1877/1777/2209 1890/1778/2226 1891/1779/2227
f 1891/1779/2227 1863/1772/2191 1877/1777/2209
f 1863/1772/2191 1891/1779/2227 1864/1773/2192
f 1895/1780/2228 1865/1774/2193 1864/1773/2192
f 1865/1774/2193 1895/1780/2228 1892/1781/2229
f 1893/1588/2230 1885/1579/2220 1838/1764/2158
f 1885/1579/2220 1893/1588/2230 4624/1589/2231
f 1894/1590/2232 1886/1581/2222 1467/1365/1655
f 1886/1581/2222 1894/1590/2232 1887/1582/2223
f 1895/1780/2228 1864/1773/2192 1891/1779/2227
f 1892/1781/2229 1838/1764/2158 1865/1774/2193
f 1838/1764/2158 1892/1781/2229 1896/1591/2233
f 1896/1591/2233 1893/1588/2230 1838/1764/2158
f 1893/1588/2230 1896/1591/2233 4626/1592/2234
f 1475/1369/1663 1894/1590/2232 1467/1365/1655
f 1894/1590/2232 1475/1369/1663 1897/1782/2235
f 1897/1782/2235 1887/1582/2223 1894/1590/2232
f 1887/1582/2223 1897/1782/2235 1888/1583/2224
f 1889/1584/2225 1898/1783/2236 1890/1778/2226
f 1899/1595/2237 1896/1591/2233 1892/1781/2229
f 1896/1591/2233 1899/1595/2237 4628/1596/2238
f 1475/1369/1663 1484/1145/1672 1900/1597/2239
f 1900/1597/2239 1897/1782/2235 1475/1369/1663
f 1897/1782/2235 1900/1597/2239 1901/1784/2240
f 1901/1784/2240 1888/1583/2224 1897/1782/2235
f 1888/1583/2224 1901/1784/2240 1902/1785/2241
f 1902/1785/2241 1889/1584/2225 1888/1583/2224
f 1889/1584/2225 1902/1785/2241 1898/1783/2236
f 1903/1600/2242 1899/1595/2237 1892/1781/2229
f 1899/1595/2237 1903/1600/2242 4630/1601/2243
f 1904/1602/2244 1900/1597/2239 1484/1145/1672
f 1900/1597/2239 1904/1602/2244 1901/1784/2240
f 1905/1603/2245 1903/1600/2242 1892/1781/2229
f 1903/1600/2242 1905/1603/2245 4632/1604/2246
f 1484/1145/1672 1494/1155/1682 1906/1605/2247
f 1906/1605/2247 1904/1602/2244 1484/1145/1672
f 1904/1602/2244 1906/1605/2247 1907/1606/2248
f 1907/1606/2248 1901/1784/2240 1904/1602/2244
f 1907/1606/2248 1902/1785/2241 1901/1784/2240
f 1902/1785/2241 1907/1606/2248 1908/1607/2249
f 1908/1607/2249 1898/1783/2236 1902/1785/2241
f 1898/1783/2236 1908/1607/2249 1909/1608/2250
f 1909/1608/2250 1890/1778/2226 1898/1783/2236
f 1909/1608/2250 1891/1779/2227 1890/1778/2226
f 1891/1779/2227 1909/1608/2250 1910/1786/2251
f 1910/1786/2251 1895/1780/2228 1891/1779/2227
f 1911/1610/2252 1905/1603/2245 1892/1781/2229
f 1905/1603/2245 1911/1610/2252 4634/1611/2253
f 1912/1612/2254 1906/1605/2247 1494/1155/1682
f 1906/1605/2247 1912/1612/2254 1907/1606/2248
f 1913/1613/2255 1911/1610/2252 1892/1781/2229
f 1911/1610/2252 1913/1613/2255 4636/1614/2256
f 1494/1155/1682 1504/1165/1692 1914/1787/2257
f 1914/1787/2257 1912/1612/2254 1494/1155/1682
f 1912/1612/2254 1914/1787/2257 1915/1788/2258
f 1915/1788/2258 1907/1606/2248 1912/1612/2254
f 1907/1606/2248 1915/1788/2258 1908/1607/2249
f 1916/1617/2259 1913/1613/2255 1892/1781/2229
f 1913/1613/2255 1916/1617/2259 4638/1618/2260
f 1917/1619/2261 1914/1787/2257 1504/1165/1692
f 1914/1787/2257 1917/1619/2261 1915/1788/2258
f 1918/1620/2262 1916/1617/2259 1892/1781/2229
f 1916/1617/2259 1918/1620/2262 4640/1621/2263
f 1504/1165/1692 1514/1175/1702 1919/1622/2264
f 1919/1622/2264 1917/1619/2261 1504/1165/1692
f 1917/1619/2261 1919/1622/2264 1920/1789/2265
f 1920/1789/2265 1915/1788/2258 1917/1619/2261
f 1915/1788/2258 1920/1789/2265 1921/1624/2266
f 1921/1624/2266 1908/1607/2249 1915/1788/2258
f 1908/1607/2249 1921/1624/2266 1922/1625/2267
f 1922/1625/2267 1909/1608/2250 1908/1607/2249
f 1909/1608/2250 1922/1625/2267 1923/1626/2268
f 1923/1626/2268 1910/1786/2251 1909/1608/2250
f 1910/1786/2251 1923/1626/2268 1924/1627/2269
f 1924/1627/2269 1895/1780/2228 1910/1786/2251
f 1895/1780/2228 1924/1627/2269 1925/1790/2270
f 1925/1790/2270 1892/1781/2229 1895/1780/2228
f 1926/1630/2271 1918/1620/2262 1892/1781/2229
f 1918/1620/2262 1926/1630/2271 4642/1631/2272
f 1927/1632/2273 1919/1622/2264 1514/1175/1702
f 1919/1622/2264 1927/1632/2273 1920/1789/2265
f 1928/1633/2274 1926/1630/2271 1892/1781/2229
f 1926/1630/2271 1928/1633/2274 4644/1634/2275
f 1514/1175/1702 1523/1184/1711 1929/1635/2276
f 1929/1635/2276 1927/1632/2273 1514/1175/1702
f 1927/1632/2273 1929/1635/2276 1930/1636/2277
f 1930/1636/2277 1920/1789/2265 1927/1632/2273
f 1920/1789/2265 1930/1636/2277 1921/1624/2266
f 1931/1637/2278 1928/1633/2274 1892/1781/2229
f 1928/1633/2274 1931/1637/2278 4646/1638/2279
f 1932/1791/2280 1929/1635/2276 1523/1184/1711
f 1929/1635/2276 1932/1791/2280 1930/1636/2277
f 1933/1640/2281 1931/1637/2278 1892/1781/2229
f 1931/1637/2278 1933/1640/2281 4648/1641/2282
f 1523/1184/1711 1532/1193/1720 1934/1642/2283
f 1934/1642/2283 1932/1791/2280 1523/1184/1711
f 1932/1791/2280 1934/1642/2283 1935/1792/2284
f 1935/1792/2284 1930/1636/2277 1932/1791/2280
f 1930/1636/2277 1935/1792/2284 1936/1644/2285
f 1936/1644/2285 1921/1624/2266 1930/1636/2277
f 1921/1624/2266 1936/1644/2285 1937/1645/2286
f 1937/1645/2286 1922/1625/2267 1921/1624/2266
f 1922/1625/2267 1937/1645/2286 1923/1626/2268
f 1938/1646/2287 1933/1640/2281 1892/1781/2229
f 1933/1640/2281 1938/1646/2287 4650/1647/2288
f 1939/1648/2289 1934/1642/2283 1532/1193/1720
f 1934/1642/2283 1939/1648/2289 1935/1792/2284
f 1940/1649/2290 1938/1646/2287 1892/1781/2229
f 1938/1646/2287 1940/1649/2290 4652/1650/2291
f 1532/1193/1720 1541/1202/1729 1941/1651/2292
f 1941/1651/2292 1939/1648/2289 1532/1193/1720
f 1939/1648/2289 1941/1651/2292 1942/1652/2293
f 1942/1652/2293 1935/1792/2284 1939/1648/2289
f 1935/1792/2284 1942/1652/2293 1936/1644/2285
f 1943/1653/2294 1940/1649/2290 1892/1781/2229
f 1940/1649/2290 1943/1653/2294 4654/1654/2295
f 1944/1655/2296 1941/1651/2292 1541/1202/1729
f 1941/1651/2292 1944/1655/2296 1942/1652/2293
f 1945/1656/2297 1943/1653/2294 1892/1781/2229
f 1943/1653/2294 1945/1656/2297 4656/1657/2298
f 1541/1202/1729 1550/1211/1738 1946/1658/2299
f 1946/1658/2299 1944/1655/2296 1541/1202/1729
f 1944/1655/2296 1946/1658/2299 1947/1659/2300
f 1947/1659/2300 1942/1652/2293 1944/1655/2296
f 1942/1652/2293 1947/1659/2300 1948/1793/2301
f 1948/1793/2301 1936/1644/2285 1942/1652/2293
f 1936/1644/2285 1948/1793/2301 1949/1661/2302
f 1949/1661/2302 1937/1645/2286 1936/1644/2285
f 1937/1645/2286 1949/1661/2302 1950/1794/2303
f 1950/1794/2303 1923/1626/2268 1937/1645/2286
f 1923/1626/2268 1950/1794/2303 1951/1795/2304
f 1951/1795/2304 1924/1627/2269 1923/1626/2268
f 1924/1627/2269 1951/1795/2304 1925/1790/2270
f 1952/1796/2305 1892/1781/2229 1925/1790/2270
f 1892/1781/2229 1952/1796/2305 1953/1664/2306
f 1953/1664/2306 1945/1656/2297 1892/1781/2229
f 1945/1656/2297 1953/1664/2306 4658/1665/2307
f 1954/1797/2308 1946/1658/2299 1550/1211/1738
f 1946/1658/2299 1954/1797/2308 1947/1659/2300
f 1955/1667/2309 1953/1664/2306 1952/1796/2305
f 1953/1664/2306 1955/1667/2309 4660/1668/2310
f 1550/1211/1738 1559/1220/1747 1956/1669/2311
f 1956/1669/2311 1954/1797/2308 1550/1211/1738
f 1954/1797/2308 1956/1669/2311 1957/1670/2312
f 1957/1670/2312 1947/1659/2300 1954/1797/2308
f 1947/1659/2300 1957/1670/2312 1948/1793/2301
f 1958/1671/2313 1955/1667/2309 1952/1796/2305
f 1955/1667/2309 1958/1671/2313 4662/1672/2314
f 1959/1673/2315 1956/1669/2311 1559/1220/1747
f 1956/1669/2311 1959/1673/2315 1957/1670/2312
f 1960/1674/2316 1958/1671/2313 1952/1796/2305
f 1958/1671/2313 1960/1674/2316 4664/1675/2317
f 1559/1220/1747 1569/1230/1757 1961/1676/2318
f 1961/1676/2318 1959/1673/2315 1559/1220/1747
f 1959/1673/2315 1961/1676/2318 1962/1798/2319
f 1962/1798/2319 1957/1670/2312 1959/1673/2315
f 1957/1670/2312 1962/1798/2319 1963/1799/2320
f 1963/1799/2320 1948/1793/2301 1957/1670/2312
f 1948/1793/2301 1963/1799/2320 1964/1800/2321
f 1964/1800/2321 1949/1661/2302 1948/1793/2301
f 1949/1661/2302 1964/1800/2321 1950/1794/2303
f 1965/1682/2322 1960/1674/2316 1952/1796/2305
f 1960/1674/2316 1965/1682/2322 4666/1683/2323
f 1966/1684/2324 1961/1676/2318 1569/1230/1757
f 1961/1676/2318 1966/1684/2324 1962/1798/2319
f 1967/1685/2325 1965/1682/2322 1952/1796/2305
f 1965/1682/2322 1967/1685/2325 4668/1686/2326
f 1569/1230/1757 1579/1240/1767 1968/1687/2327
f 1968/1687/2327 1966/1684/2324 1569/1230/1757
f 1966/1684/2324 1968/1687/2327 1969/1801/2328
f 1969/1801/2328 1962/1798/2319 1966/1684/2324
f 1962/1798/2319 1969/1801/2328 1963/1799/2320
f 1970/1690/2329 1967/1685/2325 1952/1796/2305
f 1967/1685/2325 1970/1690/2329 4670/1691/2330
f 1971/1692/2331 1968/1687/2327 1579/1240/1767
f 1968/1687/2327 1971/1692/2331 1969/1801/2328
f 1972/1693/2332 1970/1690/2329 1952/1796/2305
f 1970/1690/2329 1972/1693/2332 4672/1694/2333
f 1579/1240/1767 1605/1447/1793 1973/1802/2334
f 1973/1802/2334 1971/1692/2331 1579/1240/1767
f 1971/1692/2331 1973/1802/2334 1974/1803/2335
f 1971/1692/2331 1974/1803/2335 1975/1804/2336
f 1971/1692/2331 1975/1804/2336 1976/1805/2337
f 1971/1692/2331 1976/1805/2337 1977/1806/2338
f 1977/1806/2338 1969/1801/2328 1971/1692/2331
f 1969/1801/2328 1977/1806/2338 1978/1807/2339
f 1969/1801/2328 1978/1807/2339 1979/1808/2340
f 1969/1801/2328 1979/1808/2340 1980/1809/2341
f 1969/1801/2328 1980/1809/2341 1981/1810/2342
f 1981/1810/2342 1963/1799/2320 1969/1801/2328
f 1963/1799/2320 1981/1810/2342 1982/1811/2343
f 1963/1799/2320 1982/1811/2343 1983/1812/2344
f 1983/1812/2344 1964/1800/2321 1963/1799/2320
f 1964/1800/2321 1983/1812/2344 1984/1813/2345
f 1964/1800/2321 1984/1813/2345 1985/1814/2346
f 1964/1800/2321 1985/1814/2346 1986/1815/2347
f 1964/1800/2321 1986/1815/2347 1987/1816/2348
f 1987/1816/2348 1950/1794/2303 1964/1800/2321
f 1950/1794/2303 1987/1816/2348 1988/1817/2349
f 1950/1794/2303 1988/1817/2349 1989/1818/2350
f 1950/1794/2303 1989/1818/2350 1990/1819/2351
f 1990/1819/2351 1951/1795/2304 1950/1794/2303
f 1951/1795/2304 1990/1819/2351 1991/1820/2352
f 1951/1795/2304 1991/1820/2352 1992/1821/2353
f 1992/1821/2353 1925/1790/2270 1951/1795/2304
f 1925/1790/2270 1992/1821/2353 1993/1822/2354
f 1925/1790/2270 1993/1822/2354 1994/1823/2355
f 1925/1790/2270 1994/1823/2355 1952/1796/2305
f 1995/1699/2356 1972/1693/2332 1952/1796/2305
f 1972/1693/2332 1995/1699/2356 4674/1700/2357
f 1605/1447/2358 4676/1472/2358 4677/1824/2358
f 4678/1824/2359 1973/1802/2334 1605/1447/1793
f 1973/1802/2360 4679/1824/2360 4680/1825/2360
f 4681/1825/2361 1974/1803/2335 1973/1802/2334
f 1974/1803/2362 4682/1825/2362 4683/1826/2362
f 4684/1826/2362 1975/1804/2336 1974/1803/2335
f 1975/1804/2363 4685/1826/2363 4686/1827/2363
f 4687/1827/2363 1976/1805/2337 1975/1804/2336
f 1976/1805/2364 4688/1827/2364 4689/1828/2364
f 4690/1828/2365 1977/1806/2338 1976/1805/2337
f 1977/1806/2366 4691/1828/2366 4692/1829/2366
f 4693/1829/2367 1978/1807/2339 1977/1806/2338
f 1978/1807/2368 4694/1829/2368 4695/1830/2368
f 4696/1830/2368 1979/1808/2340 1978/1807/2339
f 1979/1808/2369 4697/1830/2369 4698/1831/2369
f 4699/1831/2370 1980/1809/2341 1979/1808/2340
f 1980/1809/2371 4700/1831/2371 4701/1832/2371
f 4702/1832/2372 1981/1810/2342 1980/1809/2341
f 1981/1810/2373 4703/1832/2373 4704/1833/2373
f 4705/1833/2374 1982/1811/2343 1981/1810/2342
f 1982/1811/2375 4706/1833/2375 4707/1834/2375
f 4708/1834/2375 1983/1812/2344 1982/1811/2343
f 1983/1812/2376 4709/1834/2376 4710/1835/2376
f 4711/1835/2376 1984/1813/2345 1983/1812/2344
f 1984/1813/2377 4712/1835/2377 4713/1836/2377
f 4714/1836/2377 1985/1814/2346 1984/1813/2345
f 1985/1814/2378 4715/1836/2378 4716/1837/2378
f 4717/1837/2378 1986/1815/2347 1985/1814/2346
f 1986/1815/2379 4718/1837/2379 4719/1838/2379
f 4720/1838/2379 1987/1816/2348 1986/1815/2347
f 1987/1816/2380 4721/1838/2380 4722/1839/2380
f 4723/1839/2380 1988/1817/2349 1987/1816/2348
f 1988/1817/2381 4724/1839/2381 4725/1840/2381
f 4726/1840/2381 1989/1818/2350 1988/1817/2349
f 1989/1818/2382 4727/1840/2382 4728/1841/2382
f 4729/1841/2382 1990/1819/2351 1989/1818/2350
f 1990/1819/2383 4730/1841/2383 4731/1842/2383
f 4732/1842/2383 1991/1820/2352 1990/1819/2351
f 1991/1820/2384 4733/1842/2384 4734/1843/2384
f 4735/1843/2384 1992/1821/2353 1991/1820/2352
f 1992/1821/2385 4736/1843/2385 4737/1844/2385
f 4738/1844/2385 1993/1822/2354 1992/1821/2353
f 1993/1822/2386 4739/1844/2386 4740/1845/2386
f 4741/1845/2386 1994/1823/2355 1993/1822/2354
f 1994/1823/2387 4742/1845/2387 4743/1846/2387
f 4744/1846/2388 1952/1796/2305 1994/1823/2355
f 1952/1796/2389 4745/1846/2389 4746/1847/2389
f 4747/1847/2390 1995/1699/2356 1952/1796/2305
f 1995/1699/2391 4748/1847/2391 4749/1703/2391
f 1996/1848/2392 2003/1849/2393 2004/1850/2394
f 2004/1850/2394 1997/1851/2395 1996/1848/2392
f 1997/1851/2395 2004/1850/2394 2005/1852/2396
f 1997/1851/2395 2005/1852/2396 2006/1853/2397
f 2006/1853/2397 1998/1854/2398 1997/1851/2395
f 1998/1854/2398 2006/1853/2397 2007/1855/2399
f 1998/1854/2398 2007/1855/2399 2008/1856/2400
f 2008/1856/2400 1999/1857/2401 1998/1854/2398
f 1999/1857/2401 2008/1856/2400 2009/1858/2402
f 1999/1857/2401 2009/1858/2402 2000/1859/2403
f 2010/1860/2404 2001/1861/2405 2000/1859/2403
f 2001/1861/2405 2010/1860/2404 2011/1862/2406
f 2011/1862/2406 2002/1863/2407 2001/1861/2405
f 2012/1864/2408 2000/1859/2403 2009/1858/2402
f 2000/1859/2403 2012/1864/2408 2010/1860/2404
f 2013/1865/2409 2011/1862/2406 2010/1860/2404
f 2003/1849/2393 2014/1866/2410 2015/1867/2411
f 2015/1867/2411 2004/1850/2394 2003/1849/2393
f 2004/1850/2394 2015/1867/2411 2016/1868/2412
f 2016/1868/2412 2005/1852/2396 2004/1850/2394
f 2005/1852/2396 2016/1868/2412 2017/1869/2413
f 2017/1869/2413 2006/1853/2397 2005/1852/2396
f 2006/1853/2397 2017/1869/2413 2007/1855/2399
f 2018/1870/2414 2008/1856/2400 2007/1855/2399
f 2018/1870/2414 2009/1858/2402 2008/1856/2400
f 2009/1858/2402 2018/1870/2414 2019/1871/2415
f 2009/1858/2402 2019/1871/2415 2012/1864/2408
f 2020/1872/2416 2010/1860/2404 2012/1864/2408
f 2010/1860/2404 2020/1872/2416 2013/1865/2409
f 2021/1873/2417 2007/1855/2399 2017/1869/2413
f 2007/1855/2399 2021/1873/2417 2018/1870/2414
f 2022/1874/2418 2012/1864/2408 2019/1871/2415
f 2012/1864/2408 2022/1874/2418 2020/1872/2416
f 2023/1875/2419 2013/1865/2409 2020/1872/2416
f 2014/1866/2410 2024/1876/2420 2025/1877/2421
f 2025/1877/2421 2015/1867/2411 2014/1866/2410
f 2015/1867/2411 2025/1877/2421 2026/1878/2422
f 2026/1878/2422 2016/1868/2412 2015/1867/2411
f 2016/1868/2412 2026/1878/2422 2027/1879/2423
f 2027/1879/2423 2017/1869/2413 2016/1868/2412
f 2017/1869/2413 2027/1879/2423 2021/1873/2417
f 2028/1880/2424 2018/1870/2414 2021/1873/2417
f 2018/1870/2414 2028/1880/2424 2019/1871/2415
f 2029/1881/2425 2020/1872/2416 2022/1874/2418
f 2020/1872/2416 2029/1881/2425 2023/1875/2419
f 2030/1882/2426 2021/1873/2417 2027/1879/2423
f 2021/1873/2417 2030/1882/2426 2028/1880/2424
f 2031/1883/2427 2022/1874/2418 2019/1871/2415
f 2022/1874/2418 2031/1883/2427 2029/1881/2425
f 2024/1876/2420 2032/1884/2428 2033/1885/2429
f 2033/1885/2429 2025/1877/2421 2024/1876/2420
f 2025/1877/2421 2033/1885/2429 2034/1886/2430
f 2034/1886/2430 2026/1878/2422 2025/1877/2421
f 2026/1878/2422 2034/1886/2430 2035/1887/2431
f 2035/1887/2431 2027/1879/2423 2026/1878/2422
f 2027/1879/2423 2035/1887/2431 2030/1882/2426
f 2036/1888/2432 2028/1880/2424 2030/1882/2426
f 2028/1880/2424 2036/1888/2432 2037/1889/2433
f 2037/1889/2433 2019/1871/2415 2028/1880/2424
f 2019/1871/2415 2037/1889/2433 2031/1883/2427
f 2040/1890/2434 2029/1881/2425 2031/1883/2427
f 2029/1881/2425 2040/1890/2434 2038/1891/2435
f 2039/1892/2436 2030/1882/2426 2035/1887/2431
f 2030/1882/2426 2039/1892/2436 2036/1888/2432
f 2031/1883/2427 2037/1889/2433 2040/1890/2434
f 2032/1884/2428 2041/1893/2437 2042/1894/2438
f 2042/1894/2438 2033/1885/2429 2032/1884/2428
f 2033/1885/2429 2042/1894/2438 2043/1895/2439
f 2043/1895/2439 2034/1886/2430 2033/1885/2429
f 2034/1886/2430 2043/1895/2439 2044/1896/2440
f 2044/1896/2440 2035/1887/2431 2034/1886/2430
f 2035/1887/2431 2044/1896/2440 2039/1892/2436
f 2036/1888/2432 2039/1892/2436 2045/1897/2441
f 2045/1897/2441 2037/1889/2433 2036/1888/2432
f 2046/1898/2442 2038/1891/2435 2040/1890/2434
f 2047/1899/2443 2039/1892/2436 2044/1896/2440
f 2039/1892/2436 2047/1899/2443 2045/1897/2441
f 2048/1900/2444 2037/1889/2433 2045/1897/2441
f 2048/1900/2444 2040/1890/2434 2037/1889/2433
f 2040/1890/2434 2048/1900/2444 2046/1898/2442
f 2041/1893/2437 2049/1901/2445 2050/1902/2446
f 2050/1902/2446 2042/1894/2438 2041/1893/2437
f 2050/1902/2446 2043/1895/2439 2042/1894/2438
f 2043/1895/2439 2050/1902/2446 2051/1903/2447
f 2051/1903/2447 2044/1896/2440 2043/1895/2439
f 2044/1896/2440 2051/1903/2447 2047/1899/2443
f 2052/1904/2448 2046/1898/2442 2048/1900/2444
f 2053/1905/2449 2051/1903/2447 2050/1902/2446
f 2051/1903/2447 2053/1905/2449 2054/1906/2450
f 2054/1906/2450 2047/1899/2443 2051/1903/2447
f 2047/1899/2443 2054/1906/2450 2055/1907/2451
f 2055/1907/2451 2045/1897/2441 2047/1899/2443
f 2055/1907/2451 2048/1900/2444 2045/1897/2441
f 2048/1900/2444 2055/1907/2451 2056/1908/2452
f 2056/1908/2452 2052/1904/2448 2048/1900/2444
f 2057/1909/2453 2050/1902/2446 2049/1901/2445
f 2050/1902/2446 2057/1909/2453 2058/1910/2454
f 2058/1910/2454 2053/1905/2449 2050/1902/2446
f 2059/1911/2455 2058/1910/2454 2057/1909/2453
f 2060/1912/2456 2053/1905/2449 2058/1910/2454
f 2053/1905/2449 2060/1912/2456 2061/1913/2457
f 2061/1913/2457 2054/1906/2450 2053/1905/2449
f 2054/1906/2450 2061/1913/2457 2062/1914/2458
f 2054/1906/2450 2062/1914/2458 2055/1907/2451
f 2063/1915/2459 2056/1908/2452 2055/1907/2451
f 2064/1916/2460 2058/1910/2454 2059/1911/2455
f 2058/1910/2454 2064/1916/2460 2065/1917/2461
f 2065/1917/2461 2060/1912/2456 2058/1910/2454
f 2060/1912/2456 2065/1917/2461 2061/1913/2457
f 2066/1918/2462 2055/1907/2451 2062/1914/2458
f 2055/1907/2451 2066/1918/2462 2063/1915/2459
f 2057/1909/2453 2068/1919/2463 2069/1920/2464
f 2069/1920/2464 2059/1911/2455 2057/1909/2453
f 2059/1911/2455 2069/1920/2464 2064/1916/2460
f 2064/1916/2460 2073/1921/2465 2065/1917/2461
f 2070/1922/2466 2061/1913/2457 2065/1917/2461
f 2061/1913/2457 2070/1922/2466 2071/1923/2467
f 2061/1913/2457 2071/1923/2467 2072/1924/2468
f 2072/1924/2468 2062/1914/2458 2061/1913/2457
f 2062/1914/2458 2072/1924/2468 2066/1918/2462
f 2073/1921/2465 2064/1916/2460 2069/1920/2464
f 2074/1925/2469 2065/1917/2461 2073/1921/2465
f 2065/1917/2461 2074/1925/2469 2075/1926/2470
f 2065/1917/2461 2075/1926/2470 2070/1922/2466
f 2076/1927/2471 2066/1918/2462 2072/1924/2468
f 2066/1918/2462 2076/1927/2471 2077/1928/2472
f 2077/1928/2472 2063/1915/2459 2066/1918/2462
f 2063/1915/2459 2077/1928/2472 2078/1929/2473
f 2078/1929/2473 2067/1930/2474 2063/1915/2459
f 2068/1919/2463 2079/1931/2475 2080/1932/2476
f 2080/1932/2476 2069/1920/2464 2068/1919/2463
f 2069/1920/2464 2080/1932/2476 2073/1921/2465
f 2073/1921/2465 2083/1933/2477 2074/1925/2469
f 2081/1934/2478 2070/1922/2466 2075/1926/2470
f 2070/1922/2466 2081/1934/2478 2071/1923/2467
f 2082/1935/2479 2072/1924/2468 2071/1923/2467
f 2072/1924/2468 2082/1935/2479 2076/1927/2471
f 2083/1933/2477 2073/1921/2465 2080/1932/2476
f 2084/1936/2480 2074/1925/2469 2083/1933/2477
f 2074/1925/2469 2084/1936/2480 2085/1937/2481
f 2085/1937/2481 2075/1926/2470 2074/1925/2469
f 2075/1926/2470 2085/1937/2481 2081/1934/2478
f 2086/1938/2482 2071/1923/2467 2081/1934/2478
f 2071/1923/2467 2086/1938/2482 2082/1935/2479
f 2087/1939/2483 2076/1927/2471 2082/1935/2479
f 2087/1939/2483 2077/1928/2472 2076/1927/2471
f 2077/1928/2472 2087/1939/2483 2088/1940/2484
f 2077/1928/2472 2088/1940/2484 2089/1941/2485
f 2089/1941/2485 2078/1929/2473 2077/1928/2472
f 2079/1931/2475 2090/1942/2486 2091/1943/2487
f 2091/1943/2487 2080/1932/2476 2079/1931/2475
f 2080/1932/2476 2091/1943/2487 2083/1933/2477
f 2083/1933/2477 2095/1944/2488 2084/1936/2480
f 2092/1945/2489 2081/1934/2478 2085/1937/2481
f 2081/1934/2478 2092/1945/2489 2086/1938/2482
f 2093/1946/2490 2082/1935/2479 2086/1938/2482
f 2082/1935/2479 2093/1946/2490 2087/1939/2483
f 2087/1939/2483 2094/1947/2491 2088/1940/2484
f 2095/1944/2488 2083/1933/2477 2091/1943/2487
f 2096/1948/2492 2085/1937/2481 2084/1936/2480
f 2085/1937/2481 2096/1948/2492 2097/1949/2493
f 2085/1937/2481 2097/1949/2493 2092/1945/2489
f 2098/1950/2494 2086/1938/2482 2092/1945/2489
f 2086/1938/2482 2098/1950/2494 2093/1946/2490
f 2099/1951/2495 2087/1939/2483 2093/1946/2490
f 2087/1939/2483 2099/1951/2495 2094/1947/2491
f 2100/1952/2496 2089/1941/2485 2088/1940/2484
f 2090/1942/2486 2101/1953/2497 2091/1943/2487
f 2102/1954/2498 2084/1936/2480 2095/1944/2488
f 2084/1936/2480 2102/1954/2498 2096/1948/2492
f 2103/1955/2499 2092/1945/2489 2097/1949/2493
f 2092/1945/2489 2103/1955/2499 2098/1950/2494
f 2104/1956/2500 2093/1946/2490 2098/1950/2494
f 2093/1946/2490 2104/1956/2500 2099/1951/2495
f 2105/1957/2501 2094/1947/2491 2099/1951/2495
f 2094/1947/2491 2105/1957/2501 2088/1940/2484
f 2106/1958/2502 2091/1943/2487 2101/1953/2497
f 2091/1943/2487 2106/1958/2502 2107/1959/2503
f 2107/1959/2503 2095/1944/2488 2091/1943/2487
f 2095/1944/2488 2107/1959/2503 2102/1954/2498
f 2108/1960/2504 2096/1948/2492 2102/1954/2498
f 2096/1948/2492 2108/1960/2504 2097/1949/2493
f 2109/1961/2505 2088/1940/2484 2105/1957/2501
f 2109/1961/2505 2100/1952/2496 2088/1940/2484
f 2100/1952/2496 2109/1961/2505 2110/1962/2506
f 2101/1953/2497 2111/1963/2507 2106/1958/2502
f 2112/1964/2508 2102/1954/2498 2107/1959/2503
f 2102/1954/2498 2112/1964/2508 2108/1960/2504
f 2113/1965/2509 2103/1955/2499 2097/1949/2493
f 2103/1955/2499 2113/1965/2509 2098/1950/2494
f 2114/1966/2510 2104/1956/2500 2098/1950/2494
f 2104/1956/2500 2114/1966/2510 2099/1951/2495
f 2115/1967/2511 2105/1957/2501 2099/1951/2495
f 2105/1957/2501 2115/1967/2511 2109/1961/2505
f 2116/1968/2512 2106/1958/2502 2111/1963/2507
f 2106/1958/2502 2116/1968/2512 2117/1969/2513
f 2117/1969/2513 2107/1959/2503 2106/1958/2502
f 2107/1959/2503 2117/1969/2513 2112/1964/2508
f 2118/1970/2514 2108/1960/2504 2112/1964/2508
f 2108/1960/2504 2118/1970/2514 2119/1971/2515
f 2119/1971/2515 2097/1949/2493 2108/1960/2504
f 2097/1949/2493 2119/1971/2515 2113/1965/2509
f 2120/1972/2516 2098/1950/2494 2113/1965/2509
f 2098/1950/2494 2120/1972/2516 2114/1966/2510
f 2121/1973/2517 2099/1951/2495 2114/1966/2510
f 2099/1951/2495 2121/1973/2517 2115/1967/2511
f 2122/1974/2518 2109/1961/2505 2115/1967/2511
f 2109/1961/2505 2122/1974/2518 2110/1962/2506
f 2111/1963/2507 2123/1975/2519 2116/1968/2512
f 2112/1964/2508 2127/1976/2520 2118/1970/2514
f 2124/1977/2521 2113/1965/2509 2119/1971/2515
f 2113/1965/2509 2124/1977/2521 2120/1972/2516
f 2125/1978/2522 2114/1966/2510 2120/1972/2516
f 2114/1966/2510 2125/1978/2522 2121/1973/2517
f 2126/1979/2523 2115/1967/2511 2121/1973/2517
f 2115/1967/2511 2126/1979/2523 2122/1974/2518
f 2130/1980/2524 2110/1962/2506 2122/1974/2518
f 2127/1976/2520 2112/1964/2508 2117/1969/2513
f 2128/1981/2525 2118/1970/2514 2127/1976/2520
f 2118/1970/2514 2128/1981/2525 2119/1971/2515
f 2129/1982/2526 2120/1972/2516 2124/1977/2521
f 2120/1972/2516 2129/1982/2526 2125/1978/2522
f 2123/1975/2519 2131/1983/2527 2132/1984/2528
f 2132/1984/2528 2116/1968/2512 2123/1975/2519
f 2116/1968/2512 2132/1984/2528 2133/1985/2529
f 2133/1985/2529 2117/1969/2513 2116/1968/2512
f 2117/1969/2513 2133/1985/2529 2127/1976/2520
f 2127/1976/2520 2137/1986/2530 2128/1981/2525
f 2134/1987/2531 2124/1977/2521 2119/1971/2515
f 2124/1977/2521 2134/1987/2531 2129/1982/2526
f 2135/1988/2532 2125/1978/2522 2129/1982/2526
f 2125/1978/2522 2135/1988/2532 2121/1973/2517
f 2139/1989/2533 2126/1979/2523 2121/1973/2517
f 2126/1979/2523 2139/1989/2533 2136/1990/2534
f 2136/1990/2534 2122/1974/2518 2126/1979/2523
f 2122/1974/2518 2136/1990/2534 2130/1980/2524
f 2137/1986/2530 2127/1976/2520 2133/1985/2529
f 2144/1991/2535 2128/1981/2525 2137/1986/2530
f 2128/1981/2525 2144/1991/2535 2138/1992/2536
f 2138/1992/2536 2119/1971/2515 2128/1981/2525
f 2119/1971/2515 2138/1992/2536 2134/1987/2531
f 2139/1989/2533 2121/1973/2517 2135/1988/2532
f 2140/1993/2537 2130/1980/2524 2136/1990/2534
f 2131/1983/2527 2141/1994/2538 2142/1995/2539
f 2142/1995/2539 2132/1984/2528 2131/1983/2527
f 2132/1984/2528 2142/1995/2539 2143/1996/2540
f 2143/1996/2540 2133/1985/2529 2132/1984/2528
f 2133/1985/2529 2143/1996/2540 2137/1986/2530
f 2145/1997/2541 2134/1987/2531 2138/1992/2536
f 2134/1987/2531 2145/1997/2541 2129/1982/2526
f 2146/1998/2542 2135/1988/2532 2129/1982/2526
f 2135/1988/2532 2146/1998/2542 2139/1989/2533
f 2139/1989/2533 2147/1999/2543 2148/2000/2544
f 2148/2000/2544 2136/1990/2534 2139/1989/2533
f 2136/1990/2534 2148/2000/2544 2140/1993/2537
f 2153/2001/2545 2137/1986/2530 2143/1996/2540
f 2137/1986/2530 2153/2001/2545 2144/1991/2535
f 2149/2002/2546 2138/1992/2536 2144/1991/2535
f 2138/1992/2536 2149/2002/2546 2145/1997/2541
f 2155/2003/2547 2129/1982/2526 2145/1997/2541
f 2129/1982/2526 2155/2003/2547 2146/1998/2542
f 2156/2004/2548 2139/1989/2533 2146/1998/2542
f 2139/1989/2533 2156/2004/2548 2147/1999/2543
f 2150/2005/2549 2140/1993/2537 2148/2000/2544
f 2141/1994/2538 2151/2006/2550 2152/2007/2551
f 2152/2007/2551 2142/1995/2539 2141/1994/2538
f 2142/1995/2539 2152/2007/2551 2153/2001/2545
f 2153/2001/2545 2143/1996/2540 2142/1995/2539
f 2154/2008/2552 2144/1991/2535 2153/2001/2545
f 2144/1991/2535 2154/2008/2552 2149/2002/2546
f 2155/2003/2547 2145/1997/2541 2149/2002/2546
f 2161/2009/2553 2146/1998/2542 2155/2003/2547
f 2146/1998/2542 2161/2009/2553 2156/2004/2548
f 2162/2010/2554 2147/1999/2543 2156/2004/2548
f 2147/1999/2543 2162/2010/2554 2157/2011/2555
f 2157/2011/2555 2148/2000/2544 2147/1999/2543
f 2148/2000/2544 2157/2011/2555 2150/2005/2549
f 2153/2001/2545 2159/2012/2556 2154/2008/2552
f 2160/2013/2557 2149/2002/2546 2154/2008/2552
f 2149/2002/2546 2160/2013/2557 2155/2003/2547
f 2158/2014/2558 2150/2005/2549 2157/2011/2555
f 2151/2006/2550 2163/2015/2559 2164/2016/2560
f 2164/2016/2560 2152/2007/2551 2151/2006/2550
f 2164/2016/2560 2153/2001/2545 2152/2007/2551
f 2153/2001/2545 2164/2016/2560 2159/2012/2556
f 2154/2008/2552 2159/2012/2556 2160/2013/2557
f 2165/2017/2561 2155/2003/2547 2160/2013/2557
f 2155/2003/2547 2165/2017/2561 2161/2009/2553
f 2162/2010/2554 2156/2004/2548 2161/2009/2553
f 2166/2018/2562 2157/2011/2555 2162/2010/2554
f 2157/2011/2555 2166/2018/2562 2167/2019/2563
f 2167/2019/2563 2158/2014/2558 2157/2011/2555
f 2158/2014/2558 2167/2019/2563 2168/2020/2564
f 2169/2021/2565 2164/2016/2560 2163/2015/2559
f 2164/2016/2560 2169/2021/2565 2170/2022/2566
f 2170/2022/2566 2159/2012/2556 2164/2016/2560
f 2171/2023/2567 2161/2009/2553 2165/2017/2561
f 2171/2023/2567 2162/2010/2554 2161/2009/2553
f 2162/2010/2554 2171/2023/2567 2166/2018/2562
f 2163/2015/2559 2172/2024/2568 2169/2021/2565
f 2173/2025/2569 2159/2012/2556 2170/2022/2566
f 2173/2025/2569 2160/2013/2557 2159/2012/2556
f 2160/2013/2557 2173/2025/2569 2165/2017/2561
f 2174/2026/2570 2166/2018/2562 2171/2023/2567
f 2174/2026/2570 2167/2019/2563 2166/2018/2562
f 2167/2019/2563 2174/2026/2570 2168/2020/2564
f 2175/2027/2571 2169/2021/2565 2172/2024/2568
f 2175/2027/2571 2170/2022/2566 2169/2021/2565
f 2170/2022/2566 2175/2027/2571 2173/2025/2569
f 2176/2028/2572 2165/2017/2561 2173/2025/2569
f 2176/2028/2572 2171/2023/2567 2165/2017/2561
f 2171/2023/2567 2176/2028/2572 2174/2026/2570
f 2177/2029/2573 2168/2020/2564 2174/2026/2570
f 2173/2025/2569 2175/2027/2571 2176/2028/2572
f 2178/2030/2574 2174/2026/2570 2176/2028/2572
f 2174/2026/2570 2178/2030/2574 2177/2029/2573
f 2172/2024/2568 2179/2031/2575 2180/2032/2576
f 2180/2032/2576 2175/2027/2571 2172/2024/2568
f 2175/2027/2571 2180/2032/2576 2181/2033/2577
f 2181/2033/2577 2176/2028/2572 2175/2027/2571
f 2176/2028/2572 2181/2033/2577 2182/2034/2578
f 2182/2034/2578 2178/2030/2574 2176/2028/2572
f 2183/2035/2579 2177/2029/2573 2178/2030/2574
f 2184/2036/2580 2182/2034/2578 2181/2033/2577
f 2182/2034/2578 2184/2036/2580 2185/2037/2581
f 2185/2037/2581 2178/2030/2574 2182/2034/2578
f 2178/2030/2574 2185/2037/2581 2186/2038/2582
f 2186/2038/2582 2183/2035/2579 2178/2030/2574
f 2179/2031/2575 2187/2039/2583 2188/2040/2584
f 2188/2040/2584 2180/2032/2576 2179/2031/2575
f 2180/2032/2576 2188/2040/2584 2189/2041/2585
f 2180/2032/2576 2189/2041/2585 2190/2042/2586
f 2190/2042/2586 2181/2033/2577 2180/2032/2576
f 2181/2033/2577 2190/2042/2586 2184/2036/2580
f 2191/2043/2587 2184/2036/2580 2190/2042/2586
f 2184/2036/2580 2191/2043/2587 2192/2044/2588
f 2184/2036/2580 2192/2044/2588 2193/2045/2589
f 2193/2045/2589 2185/2037/2581 2184/2036/2580
f 2185/2037/2581 2193/2045/2589 2194/2046/2590
f 2194/2046/2590 2186/2038/2582 2185/2037/2581
f 2186/2038/2582 2194/2046/2590 2195/2047/2591
f 2187/2039/2583 2196/2048/2592 2197/2049/2593
f 2197/2049/2593 2188/2040/2584 2187/2039/2583
f 2188/2040/2584 2197/2049/2593 2198/2050/2594
f 2198/2050/2594 2189/2041/2585 2188/2040/2584
f 2189/2041/2585 2198/2050/2594 2199/2051/2595
f 2199/2051/2595 2190/2042/2586 2189/2041/2585
f 2190/2042/2586 2199/2051/2595 2191/2043/2587
f 2202/2052/2596 2194/2046/2590 2193/2045/2589
f 2200/2053/2597 2191/2043/2587 2199/2051/2595
f 2191/2043/2587 2200/2053/2597 2201/2054/2598
f 2201/2054/2598 2192/2044/2588 2191/2043/2587
f 2192/2044/2588 2201/2054/2598 2202/2052/2596
f 2202/2052/2596 2193/2045/2589 2192/2044/2588
f 2196/2048/2592 2203/2055/2599 2204/2056/2600
f 2204/2056/2600 2197/2049/2593 2196/2048/2592
f 2197/2049/2593 2204/2056/2600 2205/2057/2601
f 2205/2057/2601 2198/2050/2594 2197/2049/2593
f 2198/2050/2594 2205/2057/2601 2206/2058/2602
f 2206/2058/2602 2199/2051/2595 2198/2050/2594
f 2199/2051/2595 2206/2058/2602 2200/2053/2597
f 2207/2059/2603 2202/2052/2596 2201/2054/2598
f 2202/2052/2596 2207/2059/2603 2208/2060/2604
f 2208/2060/2604 2194/2046/2590 2202/2052/2596
f 2194/2046/2590 2208/2060/2604 2209/2061/2605
f 2209/2061/2605 2195/2047/2591 2194/2046/2590
f 2195/2047/2591 2209/2061/2605 2210/2062/2606
f 2203/2055/2599 2211/2063/2607 2212/2064/2608
f 2212/2064/2608 2204/2056/2600 2203/2055/2599
f 2204/2056/2600 2212/2064/2608 2213/2065/2609
f 2213/2065/2609 2205/2057/2601 2204/2056/2600
f 2205/2057/2601 2213/2065/2609 2214/2066/2610
f 2214/2066/2610 2206/2058/2602 2205/2057/2601
f 2206/2058/2602 2214/2066/2610 2215/2067/2611
f 2215/2067/2611 2200/2053/2597 2206/2058/2602
f 2200/2053/2597 2215/2067/2611 2216/2068/2612
f 2216/2068/2612 2201/2054/2598 2200/2053/2597
f 2201/2054/2598 2216/2068/2612 2217/2069/2613
f 2217/2069/2613 2207/2059/2603 2201/2054/2598
f 2207/2059/2603 2217/2069/2613 2218/2070/2614
f 2218/2070/2614 2208/2060/2604 2207/2059/2603
f 2208/2060/2604 2218/2070/2614 2219/2071/2615
f 2219/2071/2615 2209/2061/2605 2208/2060/2604
f 2209/2061/2605 2219/2071/2615 2220/2072/2616
f 2220/2072/2616 2210/2062/2606 2209/2061/2605
f 2211/2063/2607 2221/2073/2617 2222/2074/2618
f 2211/2063/2607 2222/2074/2618 2223/2075/2619
f 2211/2063/2607 2223/2075/2619 2224/2076/2620
f 2224/2076/2620 2212/2064/2608 2211/2063/2607
f 2212/2064/2608 2224/2076/2620 2225/2077/2621
f 2212/2064/2608 2225/2077/2621 2226/2078/2622
f 2212/2064/2608 2226/2078/2622 2227/2079/2623
f 2212/2064/2608 2227/2079/2623 2228/2080/2624
f 2228/2080/2624 2213/2065/2609 2212/2064/2608
f 2213/2065/2609 2228/2080/2624 2229/2081/2625
f 2213/2065/2609 2229/2081/2625 2230/2082/2626
f 2213/2065/2609 2230/2082/2626 2231/2083/2627
f 2213/2065/2609 2231/2083/2627 2232/2084/2628
f 2232/2084/2628 2214/2066/2610 2213/2065/2609
f 2214/2066/2610 2232/2084/2628 2233/2085/2629
f 2214/2066/2610 2233/2085/2629 2234/2086/2630
f 2214/2066/2610 2234/2086/2630 2235/2087/2631
f 2214/2066/2610 2235/2087/2631 2236/2088/2632
f 2236/2088/2632 2215/2067/2611 2214/2066/2610
f 2215/2067/2611 2236/2088/2632 2237/2089/2633
f 2215/2067/2611 2237/2089/2633 2238/2090/2634
f 2238/2090/2634 2216/2068/2612 2215/2067/2611
f 2216/2068/2612 2238/2090/2634 2239/2091/2635
f 2216/2068/2612 2239/2091/2635 2240/2092/2636
f 2240/2092/2636 2217/2069/2613 2216/2068/2612
f 2217/2069/2613 2240/2092/2636 2241/2093/2637
f 2217/2069/2613 2241/2093/2637 2242/2094/2638
f 2242/2094/2638 2218/2070/2614 2217/2069/2613
f 2218/2070/2614 2242/2094/2638 2243/2095/2639
f 2218/2070/2614 2243/2095/2639 2244/2096/2640
f 2244/2096/2640 2219/2071/2615 2218/2070/2614
f 2219/2071/2615 2244/2096/2640 2245/2097/2641
f 2219/2071/2615 2245/2097/2641 2246/2098/2642
f 2246/2098/2642 2220/2072/2616 2219/2071/2615
f 2221/2073/2643 4751/1002/2643 4752/2099/2643
f 4753/2099/2644 2222/2074/2618 2221/2073/2617
f 2222/2074/2645 4754/2099/2645 4755/2100/2645
f 4756/2100/2646 2223/2075/2619 2222/2074/2618
f 2223/2075/2647 4757/2100/2647 4758/2101/2647
f 4759/2101/2648 2224/2076/2620 2223/2075/2619
f 2224/2076/2649 4760/2101/2649 4761/2102/2649
f 4762/2102/2650 2225/2077/2621 2224/2076/2620
f 2225/2077/2651 4763/2102/2651 4764/2103/2651
f 4765/2103/2652 2226/2078/2622 2225/2077/2621
f 2226/2078/2653 4766/2103/2653 4767/1452/2653
f 4768/1452/2653 2227/2079/2623 2226/2078/2622
f 2227/2079/2654 4769/1452/2654 4770/2104/2654
f 4771/2104/2655 2228/2080/2624 2227/2079/2623
f 2228/2080/2656 4772/2104/2656 4773/2105/2656
f 4774/2105/2657 2229/2081/2625 2228/2080/2624
f 2229/2081/2658 4775/2105/2658 4776/2106/2658
f 4777/2106/2659 2230/2082/2626 2229/2081/2625
f 2230/2082/2660 4778/2106/2660 4779/2107/2660
f 4780/2107/2661 2231/2083/2627 2230/2082/2626
f 2231/2083/2662 4781/2107/2662 4782/2108/2662
f 4783/2108/2663 2232/2084/2628 2231/2083/2627
f 2232/2084/2664 4784/2108/2664 4785/1457/2664
f 4786/1457/2665 2233/2085/2629 2232/2084/2628
f 2233/2085/2666 4787/1457/2666 4788/2109/2666
f 4789/2109/2667 2234/2086/2630 2233/2085/2629
f 2234/2086/2668 4790/2109/2668 4791/2110/2668
f 4792/2110/2669 2235/2087/2631 2234/2086/2630
f 2235/2087/2670 4793/2110/2670 4794/2111/2670
f 4795/2111/2671 2236/2088/2632 2235/2087/2631
f 2236/2088/2672 4796/2111/2672 4797/2112/2672
f 4798/2112/2673 2237/2089/2633 2236/2088/2632
f 2237/2089/2674 4799/2112/2674 4800/2113/2674
f 4801/2113/2675 2238/2090/2634 2237/2089/2633
f 2238/2090/2676 4802/2113/2676 4803/1462/2676
f 4804/1462/2677 2239/2091/2635 2238/2090/2634
f 2239/2091/2678 4805/1462/2678 4806/2114/2678
f 4807/2114/2679 2240/2092/2636 2239/2091/2635
f 2240/2092/2680 4808/2114/2680 4809/2115/2680
f 4810/2115/2681 2241/2093/2637 2240/2092/2636
f 2241/2093/2682 4811/2115/2682 4812/2116/2682
f 4813/2116/2683 2242/2094/2638 2241/2093/2637
f 2242/2094/2684 4814/2116/2684 4815/2117/2684
f 4816/2117/2685 2243/2095/2639 2242/2094/2638
f 2243/2095/2686 4817/2117/2686 4818/2118/2686
f 4819/2118/2687 2244/2096/2640 2243/2095/2639
f 2244/2096/2688 4820/2118/2688 4821/1467/2688
f 4822/1467/2689 2245/2097/2641 2244/2096/2640
f 2245/2097/2690 4823/1467/2690 4824/2119/2690
f 4825/2119/2691 2246/2098/2642 2245/2097/2641
f 2002/1863/2407 2011/1862/2406 2247/2120/2692
f 2254/2121/2693 2249/2122/2694 2248/2123/2695
f 2249/2122/2694 2254/2121/2693 2255/2124/2696
f 2255/2124/2696 2250/2125/2697 2249/2122/2694
f 2250/2125/2697 2255/2124/2696 2256/2126/2698
f 2250/2125/2697 2256/2126/2698 2257/2127/2699
f 2257/2127/2699 2251/2128/2700 2250/2125/2697
f 2253/1592/2701 2252/2129/2702 2258/2130/2703
f 2011/1862/2406 2013/1865/2409 2259/2131/2704
f 2011/1862/2406 2259/2131/2704 2260/2132/2705
f 2260/2132/2705 2247/2120/2692 2011/1862/2406
f 2247/2120/2692 2260/2132/2705 2261/2133/2706
f 2261/2133/2706 2248/2123/2695 2247/2120/2692
f 2248/2123/2695 2261/2133/2706 2254/2121/2693
f 2262/2134/2707 2251/2128/2700 2257/2127/2699
f 2251/2128/2700 2262/2134/2707 2263/2135/2708
f 2263/2135/2708 2252/2129/2702 2251/2128/2700
f 2264/2136/2709 2258/2130/2703 2252/2129/2702
f 2265/2137/2710 2254/2121/2693 2261/2133/2706
f 2254/2121/2693 2265/2137/2710 2266/2138/2711
f 2266/2138/2711 2255/2124/2696 2254/2121/2693
f 2255/2124/2696 2266/2138/2711 2267/2139/2712
f 2267/2139/2712 2256/2126/2698 2255/2124/2696
f 2256/2126/2698 2267/2139/2712 2257/2127/2699
f 2252/2129/2702 2263/2135/2708 2264/2136/2709
f 2023/1875/2419 2259/2131/2704 2013/1865/2409
f 2259/2131/2704 2023/1875/2419 2268/2140/2713
f 2268/2140/2713 2260/2132/2705 2259/2131/2704
f 2260/2132/2705 2268/2140/2713 2269/2141/2714
f 2269/2141/2714 2261/2133/2706 2260/2132/2705
f 2261/2133/2706 2269/2141/2714 2270/2142/2715
f 2270/2142/2715 2265/2137/2710 2261/2133/2706
f 2271/2143/2716 2262/2134/2707 2257/2127/2699
f 2262/2134/2707 2271/2143/2716 2272/2144/2717
f 2272/2144/2717 2263/2135/2708 2262/2134/2707
f 2273/2145/2718 2264/2136/2709 2263/2135/2708
f 2274/2146/2719 2265/2137/2710 2270/2142/2715
f 2265/2137/2710 2274/2146/2719 2275/2147/2720
f 2275/2147/2720 2266/2138/2711 2265/2137/2710
f 2266/2138/2711 2275/2147/2720 2276/2148/2721
f 2276/2148/2721 2267/2139/2712 2266/2138/2711
f 2267/2139/2712 2276/2148/2721 2277/2149/2722
f 2277/2149/2722 2257/2127/2699 2267/2139/2712
f 2257/2127/2699 2277/2149/2722 2271/2143/2716
f 2263/2135/2708 2272/2144/2717 2273/2145/2718
f 2278/2150/2723 2268/2140/2713 2023/1875/2419
f 2268/2140/2713 2278/2150/2723 2279/2151/2724
f 2279/2151/2724 2269/2141/2714 2268/2140/2713
f 2269/2141/2714 2279/2151/2724 2270/2142/2715
f 2280/2152/2725 2271/2143/2716 2277/2149/2722
f 2271/2143/2716 2280/2152/2725 2272/2144/2717
f 2281/2153/2726 2273/2145/2718 2272/2144/2717
f 2038/1891/2435 2023/1875/2419 2029/1881/2425
f 2023/1875/2419 2038/1891/2435 2278/2150/2723
f 2282/2154/2727 2270/2142/2715 2279/2151/2724
f 2282/2154/2727 2274/2146/2719 2270/2142/2715
f 2274/2146/2719 2282/2154/2727 2283/2155/2728
f 2283/2155/2728 2275/2147/2720 2274/2146/2719
f 2283/2155/2728 2276/2148/2721 2275/2147/2720
f 2276/2148/2721 2283/2155/2728 2284/2156/2729
f 2284/2156/2729 2277/2149/2722 2276/2148/2721
f 2277/2149/2722 2284/2156/2729 2280/2152/2725
f 2285/2157/2730 2278/2150/2723 2038/1891/2435
f 2278/2150/2723 2285/2157/2730 2286/2158/2731
f 2286/2158/2731 2279/2151/2724 2278/2150/2723
f 2279/2151/2724 2286/2158/2731 2282/2154/2727
f 2287/2159/2732 2272/2144/2717 2280/2152/2725
f 2272/2144/2717 2287/2159/2732 2288/2160/2733
f 2288/2160/2733 2281/2153/2726 2272/2144/2717
f 2038/1891/2435 2046/1898/2442 2285/2157/2730
f 2289/2161/2734 2282/2154/2727 2286/2158/2731
f 2282/2154/2727 2289/2161/2734 2290/2162/2735
f 2290/2162/2735 2283/2155/2728 2282/2154/2727
f 2283/2155/2728 2290/2162/2735 2291/2163/2736
f 2291/2163/2736 2284/2156/2729 2283/2155/2728
f 2291/2163/2736 2280/2152/2725 2284/2156/2729
f 2280/2152/2725 2291/2163/2736 2287/2159/2732
f 2292/2164/2737 2285/2157/2730 2046/1898/2442
f 2285/2157/2730 2292/2164/2737 2293/2165/2738
f 2293/2165/2738 2286/2158/2731 2285/2157/2730
f 2286/2158/2731 2293/2165/2738 2289/2161/2734
f 2294/2166/2739 2287/2159/2732 2291/2163/2736
f 2294/2166/2739 2288/2160/2733 2287/2159/2732
f 2046/1898/2442 2052/1904/2448 2292/2164/2737
f 2295/2167/2740 2289/2161/2734 2293/2165/2738
f 2289/2161/2734 2295/2167/2740 2296/2168/2741
f 2296/2168/2741 2290/2162/2735 2289/2161/2734
f 2290/2162/2735 2296/2168/2741 2297/2169/2742
f 2297/2169/2742 2291/2163/2736 2290/2162/2735
f 2291/2163/2736 2297/2169/2742 2294/2166/2739
f 2052/1904/2448 2056/1908/2452 2298/2170/2743
f 2298/2170/2743 2292/2164/2737 2052/1904/2448
f 2298/2170/2743 2293/2165/2738 2292/2164/2737
f 2293/2165/2738 2298/2170/2743 2295/2167/2740
f 2299/2171/2744 2294/2166/2739 2297/2169/2742
f 2300/2172/2745 2298/2170/2743 2056/1908/2452
f 2298/2170/2743 2300/2172/2745 2295/2167/2740
f 2301/2173/2746 2296/2168/2741 2295/2167/2740
f 2301/2173/2746 2297/2169/2742 2296/2168/2741
f 2297/2169/2742 2301/2173/2746 2302/2174/2747
f 2302/2174/2747 2299/2171/2744 2297/2169/2742
f 2056/1908/2452 2063/1915/2459 2303/2175/2748
f 2303/2175/2748 2300/2172/2745 2056/1908/2452
f 2304/2176/2749 2295/2167/2740 2300/2172/2745
f 2295/2167/2740 2304/2176/2749 2305/2177/2750
f 2305/2177/2750 2301/2173/2746 2295/2167/2740
f 2306/2178/2751 2299/2171/2744 2302/2174/2747
f 2063/1915/2459 2067/1930/2474 2307/2179/2752
f 2307/2179/2752 2303/2175/2748 2063/1915/2459
f 2303/2175/2748 2307/2179/2752 2308/2180/2753
f 2308/2180/2753 2300/2172/2745 2303/2175/2748
f 2300/2172/2745 2308/2180/2753 2309/2181/2754
f 2309/2181/2754 2304/2176/2749 2300/2172/2745
f 2304/2176/2749 2309/2181/2754 2305/2177/2750
f 2310/2182/2755 2301/2173/2746 2305/2177/2750
f 2301/2173/2746 2310/2182/2755 2311/2183/2756
f 2311/2183/2756 2302/2174/2747 2301/2173/2746
f 2302/2174/2747 2311/2183/2756 2312/2184/2757
f 2302/2174/2747 2312/2184/2757 2306/2178/2751
f 2313/2185/2758 2306/2178/2751 2312/2184/2757
f 2067/1930/2474 2078/1929/2473 2314/2186/2759
f 2314/2186/2759 2307/2179/2752 2067/1930/2474
f 2307/2179/2752 2314/2186/2759 2315/2187/2760
f 2307/2179/2752 2315/2187/2760 2316/2188/2761
f 2316/2188/2761 2308/2180/2753 2307/2179/2752
f 2308/2180/2753 2316/2188/2761 2317/2189/2762
f 2308/2180/2753 2317/2189/2762 2318/2190/2763
f 2318/2190/2763 2309/2181/2754 2308/2180/2753
f 2309/2181/2754 2318/2190/2763 2319/2191/2764
f 2309/2181/2754 2319/2191/2764 2320/2192/2765
f 2320/2192/2765 2305/2177/2750 2309/2181/2754
f 2305/2177/2750 2320/2192/2765 2321/2193/2766
f 2321/2193/2766 2310/2182/2755 2305/2177/2750
f 2310/2182/2755 2321/2193/2766 2322/2194/2767
f 2310/2182/2755 2322/2194/2767 2311/2183/2756
f 2312/2184/2757 2324/2195/2768 2313/2185/2758
f 2078/1929/2473 2089/1941/2485 2314/2186/2759
f 2323/2196/2769 2311/2183/2756 2322/2194/2767
f 2311/2183/2756 2323/2196/2769 2324/2195/2768
f 2324/2195/2768 2312/2184/2757 2311/2183/2756
f 2325/2197/2770 2313/2185/2758 2324/2195/2768
f 2326/2198/2771 2314/2186/2759 2089/1941/2485
f 2314/2186/2759 2326/2198/2771 2327/2199/2772
f 2327/2199/2772 2315/2187/2760 2314/2186/2759
f 2315/2187/2760 2327/2199/2772 2328/2200/2773
f 2328/2200/2773 2316/2188/2761 2315/2187/2760
f 2316/2188/2761 2328/2200/2773 2329/2201/2774
f 2329/2201/2774 2317/2189/2762 2316/2188/2761
f 2317/2189/2762 2329/2201/2774 2330/2202/2775
f 2330/2202/2775 2318/2190/2763 2317/2189/2762
f 2318/2190/2763 2330/2202/2775 2331/2203/2776
f 2331/2203/2776 2319/2191/2764 2318/2190/2763
f 2319/2191/2764 2331/2203/2776 2332/2204/2777
f 2332/2204/2777 2320/2192/2765 2319/2191/2764
f 2320/2192/2765 2332/2204/2777 2333/2205/2778
f 2333/2205/2778 2321/2193/2766 2320/2192/2765
f 2321/2193/2766 2333/2205/2778 2334/2206/2779
f 2334/2206/2779 2322/2194/2767 2321/2193/2766
f 2322/2194/2767 2334/2206/2779 2323/2196/2769
f 2324/2195/2768 2335/2207/2780 2325/2197/2770
f 2336/2208/2781 2323/2196/2769 2334/2206/2779
f 2323/2196/2769 2336/2208/2781 2337/2209/2782
f 2337/2209/2782 2324/2195/2768 2323/2196/2769
f 2324/2195/2768 2337/2209/2782 2335/2207/2780
f 2338/2210/2783 2325/2197/2770 2335/2207/2780
f 2089/1941/2485 2100/1952/2496 2339/2211/2784
f 2339/2211/2784 2326/2198/2771 2089/1941/2485
f 2326/2198/2771 2339/2211/2784 2340/2212/2785
f 2340/2212/2785 2327/2199/2772 2326/2198/2771
f 2327/2199/2772 2340/2212/2785 2341/2213/2786
f 2341/2213/2786 2328/2200/2773 2327/2199/2772
f 2341/2213/2786 2329/2201/2774 2328/2200/2773
f 2329/2201/2774 2341/2213/2786 2342/2214/2787
f 2342/2214/2787 2330/2202/2775 2329/2201/2774
f 2330/2202/2775 2342/2214/2787 2343/2215/2788
f 2343/2215/2788 2331/2203/2776 2330/2202/2775
f 2331/2203/2776 2343/2215/2788 2344/2216/2789
f 2344/2216/2789 2332/2204/2777 2331/2203/2776
f 2332/2204/2777 2344/2216/2789 2333/2205/2778
f 2345/2217/2790 2344/2216/2789 2343/2215/2788
f 2352/2218/2791 2333/2205/2778 2344/2216/2789
f 2333/2205/2778 2352/2218/2791 2346/2219/2792
f 2346/2219/2792 2334/2206/2779 2333/2205/2778
f 2334/2206/2779 2346/2219/2792 2347/2220/2793
f 2347/2220/2793 2336/2208/2781 2334/2206/2779
f 2336/2208/2781 2347/2220/2793 2337/2209/2782
f 2348/2221/2794 2338/2210/2783 2335/2207/2780
f 2110/1962/2506 2339/2211/2784 2100/1952/2496
f 2349/2222/2795 2340/2212/2785 2339/2211/2784
f 2340/2212/2785 2349/2222/2795 2350/2223/2796
f 2350/2223/2796 2341/2213/2786 2340/2212/2785
f 2341/2213/2786 2350/2223/2796 2351/2224/2797
f 2341/2213/2786 2351/2224/2797 2342/2214/2787
f 2352/2218/2791 2344/2216/2789 2345/2217/2790
f 2353/2225/2798 2337/2209/2782 2347/2220/2793
f 2353/2225/2798 2335/2207/2780 2337/2209/2782
f 2335/2207/2780 2353/2225/2798 2348/2221/2794
f 2354/2226/2799 2339/2211/2784 2110/1962/2506
f 2339/2211/2784 2354/2226/2799 2349/2222/2795
f 2355/2227/2800 2342/2214/2787 2351/2224/2797
f 2342/2214/2787 2355/2227/2800 2356/2228/2801
f 2356/2228/2801 2343/2215/2788 2342/2214/2787
f 2343/2215/2788 2356/2228/2801 2357/2229/2802
f 2357/2229/2802 2345/2217/2790 2343/2215/2788
f 2345/2217/2790 2357/2229/2802 2352/2218/2791
f 2352/2218/2791 2358/2230/2803 2359/2231/2804
f 2359/2231/2804 2346/2219/2792 2352/2218/2791
f 2346/2219/2792 2359/2231/2804 2360/2232/2805
f 2360/2232/2805 2347/2220/2793 2346/2219/2792
f 2347/2220/2793 2360/2232/2805 2353/2225/2798
f 2361/2233/2806 2348/2221/2794 2353/2225/2798
f 2349/2222/2795 2354/2226/2799 2350/2223/2796
f 2362/2234/2807 2351/2224/2797 2350/2223/2796
f 2351/2224/2797 2362/2234/2807 2355/2227/2800
f 2363/2235/2808 2352/2218/2791 2357/2229/2802
f 2352/2218/2791 2363/2235/2808 2358/2230/2803
f 2364/2236/2809 2353/2225/2798 2360/2232/2805
f 2353/2225/2798 2364/2236/2809 2361/2233/2806
f 2110/1962/2506 2130/1980/2524 2365/2237/2810
f 2365/2237/2810 2354/2226/2799 2110/1962/2506
f 2366/2238/2811 2350/2223/2796 2354/2226/2799
f 2350/2223/2796 2366/2238/2811 2362/2234/2807
f 2367/2239/2812 2355/2227/2800 2362/2234/2807
f 2355/2227/2800 2367/2239/2812 2368/2240/2813
f 2368/2240/2813 2356/2228/2801 2355/2227/2800
f 2356/2228/2801 2368/2240/2813 2369/2241/2814
f 2369/2241/2814 2357/2229/2802 2356/2228/2801
f 2357/2229/2802 2369/2241/2814 2363/2235/2808
f 2370/2242/2815 2358/2230/2803 2363/2235/2808
f 2358/2230/2803 2370/2242/2815 2371/2243/2816
f 2371/2243/2816 2359/2231/2804 2358/2230/2803
f 2359/2231/2804 2371/2243/2816 2372/2244/2817
f 2372/2244/2817 2360/2232/2805 2359/2231/2804
f 2360/2232/2805 2372/2244/2817 2364/2236/2809
f 2373/2245/2818 2361/2233/2806 2364/2236/2809
f 2376/2246/2819 2354/2226/2799 2365/2237/2810
f 2354/2226/2799 2376/2246/2819 2366/2238/2811
f 2374/2247/2820 2364/2236/2809 2372/2244/2817
f 2364/2236/2809 2374/2247/2820 2373/2245/2818
f 2130/1980/2524 2140/1993/2537 2376/2246/2819
f 2376/2246/2819 2365/2237/2810 2130/1980/2524
f 2377/2248/2821 2366/2238/2811 2376/2246/2819
f 2366/2238/2811 2377/2248/2821 2378/2249/2822
f 2378/2249/2822 2362/2234/2807 2366/2238/2811
f 2362/2234/2807 2378/2249/2822 2379/2250/2823
f 2379/2250/2823 2367/2239/2812 2362/2234/2807
f 2367/2239/2812 2379/2250/2823 2380/2251/2824
f 2380/2251/2824 2368/2240/2813 2367/2239/2812
f 2368/2240/2813 2380/2251/2824 2381/2252/2825
f 2381/2252/2825 2369/2241/2814 2368/2240/2813
f 2369/2241/2814 2381/2252/2825 2363/2235/2808
f 2382/2253/2826 2370/2242/2815 2363/2235/2808
f 2370/2242/2815 2382/2253/2826 2383/2254/2827
f 2383/2254/2827 2371/2243/2816 2370/2242/2815
f 2371/2243/2816 2383/2254/2827 2384/2255/2828
f 2384/2255/2828 2372/2244/2817 2371/2243/2816
f 2372/2244/2817 2384/2255/2828 2374/2247/2820
f 2385/2256/2829 2373/2245/2818 2374/2247/2820
f 2373/2245/2818 2385/2256/2829 2375/2257/2830
f 2376/2246/2819 2386/2258/2831 2377/2248/2821
f 2387/2259/2832 2363/2235/2808 2381/2252/2825
f 2363/2235/2808 2387/2259/2832 2382/2253/2826
f 2388/2260/2833 2374/2247/2820 2384/2255/2828
f 2374/2247/2820 2388/2260/2833 2385/2256/2829
f 2389/2261/2834 2375/2257/2830 2385/2256/2829
f 2140/1993/2537 2150/2005/2549 2390/2262/2835
f 2390/2262/2835 2376/2246/2819 2140/1993/2537
f 2376/2246/2819 2390/2262/2835 2386/2258/2831
f 2377/2248/2821 2386/2258/2831 2391/2263/2836
f 2391/2263/2836 2378/2249/2822 2377/2248/2821
f 2378/2249/2822 2391/2263/2836 2392/2264/2837
f 2392/2264/2837 2379/2250/2823 2378/2249/2822
f 2379/2250/2823 2392/2264/2837 2393/2265/2838
f 2393/2265/2838 2380/2251/2824 2379/2250/2823
f 2380/2251/2824 2393/2265/2838 2394/2266/2839
f 2394/2266/2839 2381/2252/2825 2380/2251/2824
f 2381/2252/2825 2394/2266/2839 2387/2259/2832
f 2395/2267/2840 2382/2253/2826 2387/2259/2832
f 2382/2253/2826 2395/2267/2840 2396/2268/2841
f 2396/2268/2841 2383/2254/2827 2382/2253/2826
f 2383/2254/2827 2396/2268/2841 2397/2269/2842
f 2397/2269/2842 2384/2255/2828 2383/2254/2827
f 2384/2255/2828 2397/2269/2842 2388/2260/2833
f 2398/2270/2843 2389/2261/2834 2385/2256/2829
f 2158/2014/2558 2390/2262/2835 2150/2005/2549
f 2390/2262/2835 2158/2014/2558 2399/2271/2844
f 2399/2271/2844 2386/2258/2831 2390/2262/2835
f 2386/2258/2831 2399/2271/2844 2400/2272/2845
f 2400/2272/2845 2391/2263/2836 2386/2258/2831
f 2391/2263/2836 2400/2272/2845 2401/2273/2846
f 2401/2273/2846 2392/2264/2837 2391/2263/2836
f 2392/2264/2837 2401/2273/2846 2402/2274/2847
f 2402/2274/2847 2393/2265/2838 2392/2264/2837
f 2393/2265/2838 2402/2274/2847 2403/2275/2848
f 2403/2275/2848 2394/2266/2839 2393/2265/2838
f 2394/2266/2839 2403/2275/2848 2404/2276/2849
f 2404/2276/2849 2387/2259/2832 2394/2266/2839
f 2387/2259/2832 2404/2276/2849 2405/2277/2850
f 2405/2277/2850 2395/2267/2840 2387/2259/2832
f 2395/2267/2840 2405/2277/2850 2406/2278/2851
f 2406/2278/2851 2396/2268/2841 2395/2267/2840
f 2396/2268/2841 2406/2278/2851 2407/2279/2852
f 2407/2279/2852 2397/2269/2842 2396/2268/2841
f 2397/2269/2842 2407/2279/2852 2408/2280/2853
f 2408/2280/2853 2388/2260/2833 2397/2269/2842
f 2388/2260/2833 2408/2280/2853 2409/2281/2854
f 2409/2281/2854 2385/2256/2829 2388/2260/2833
f 2385/2256/2829 2409/2281/2854 2398/2270/2843
f 2410/2282/2855 2398/2270/2843 2409/2281/2854
f 2168/2020/2564 2399/2271/2844 2158/2014/2558
f 2399/2271/2844 2168/2020/2564 2411/2283/2856
f 2411/2283/2856 2400/2272/2845 2399/2271/2844
f 2411/2283/2856 2401/2273/2846 2400/2272/2845
f 2401/2273/2846 2411/2283/2856 2412/2284/2857
f 2412/2284/2857 2402/2274/2847 2401/2273/2846
f 2412/2284/2857 2403/2275/2848 2402/2274/2847
f 2403/2275/2848 2412/2284/2857 2413/2285/2858
f 2413/2285/2858 2404/2276/2849 2403/2275/2848
f 2413/2285/2858 2405/2277/2850 2404/2276/2849
f 2405/2277/2850 2413/2285/2858 2414/2286/2859
f 2414/2286/2859 2406/2278/2851 2405/2277/2850
f 2414/2286/2859 2407/2279/2852 2406/2278/2851
f 2407/2279/2852 2414/2286/2859 2415/2287/2860
f 2415/2287/2860 2408/2280/2853 2407/2279/2852
f 2415/2287/2860 2409/2281/2854 2408/2280/2853
f 2409/2281/2854 2415/2287/2860 2416/2288/2861
f 2409/2281/2854 2416/2288/2861 2410/2282/2855
f 2417/2289/2862 2410/2282/2855 2416/2288/2861
f 2411/2283/2856 2168/2020/2564 2418/2290/2863
f 2418/2290/2863 2412/2284/2857 2411/2283/2856
f 2412/2284/2857 2418/2290/2863 2419/2291/2864
f 2419/2291/2864 2413/2285/2858 2412/2284/2857
f 2413/2285/2858 2419/2291/2864 2420/2292/2865
f 2420/2292/2865 2414/2286/2859 2413/2285/2858
f 2414/2286/2859 2420/2292/2865 2421/2293/2866
f 2421/2293/2866 2415/2287/2860 2414/2286/2859
f 2415/2287/2860 2421/2293/2866 2422/2294/2867
f 2422/2294/2867 2416/2288/2861 2415/2287/2860
f 2416/2288/2861 2422/2294/2867 2417/2289/2862
f 2168/2020/2564 2177/2029/2573 2418/2290/2863
f 2419/2291/2864 2418/2290/2863 2420/2292/2865
f 2423/2295/2868 2418/2290/2863 2177/2029/2573
f 2418/2290/2863 2423/2295/2868 2420/2292/2865
f 2424/2296/2869 2422/2294/2867 2421/2293/2866
f 2422/2294/2867 2424/2296/2869 2425/2297/2870
f 2425/2297/2870 2417/2289/2862 2422/2294/2867
f 2417/2289/2862 2425/2297/2870 2426/2298/2871
f 2177/2029/2573 2183/2035/2579 2427/2299/2872
f 2427/2299/2872 2423/2295/2868 2177/2029/2573
f 2423/2295/2868 2427/2299/2872 2428/2300/2873
f 2423/2295/2868 2428/2300/2873 2429/2301/2874
f 2429/2301/2874 2420/2292/2865 2423/2295/2868
f 2420/2292/2865 2429/2301/2874 2430/2302/2875
f 2430/2302/2875 2421/2293/2866 2420/2292/2865
f 2421/2293/2866 2430/2302/2875 2424/2296/2869
f 2183/2035/2579 2186/2038/2582 2427/2299/2872
f 2431/2303/2876 2424/2296/2869 2430/2302/2875
f 2424/2296/2869 2431/2303/2876 2432/2304/2877
f 2432/2304/2877 2425/2297/2870 2424/2296/2869
f 2425/2297/2870 2432/2304/2877 2433/2305/2878
f 2433/2305/2878 2426/2298/2871 2425/2297/2870
f 2434/2306/2879 2427/2299/2872 2186/2038/2582
f 2427/2299/2872 2434/2306/2879 2435/2307/2880
f 2435/2307/2880 2428/2300/2873 2427/2299/2872
f 2428/2300/2873 2435/2307/2880 2436/2308/2881
f 2436/2308/2881 2429/2301/2874 2428/2300/2873
f 2429/2301/2874 2436/2308/2881 2437/2309/2882
f 2437/2309/2882 2430/2302/2875 2429/2301/2874
f 2430/2302/2875 2437/2309/2882 2431/2303/2876
f 2186/2038/2582 2195/2047/2591 2434/2306/2879
f 2438/2310/2883 2431/2303/2876 2437/2309/2882
f 2431/2303/2876 2438/2310/2883 2439/2311/2884
f 2431/2303/2876 2439/2311/2884 2440/2312/2885
f 2440/2312/2885 2432/2304/2877 2431/2303/2876
f 2432/2304/2877 2440/2312/2885 2441/2313/2886
f 2432/2304/2877 2441/2313/2886 2442/2314/2887
f 2442/2314/2887 2433/2305/2878 2432/2304/2877
f 2443/2315/2888 2434/2306/2879 2195/2047/2591
f 2434/2306/2879 2443/2315/2888 2444/2316/2889
f 2444/2316/2889 2435/2307/2880 2434/2306/2879
f 2435/2307/2880 2444/2316/2889 2445/2317/2890
f 2445/2317/2890 2436/2308/2881 2435/2307/2880
f 2436/2308/2881 2445/2317/2890 2446/2318/2891
f 2446/2318/2891 2437/2309/2882 2436/2308/2881
f 2437/2309/2882 2446/2318/2891 2438/2310/2883
f 2447/2319/2892 2438/2310/2883 2446/2318/2891
f 2438/2310/2883 2447/2319/2892 2439/2311/2884
f 2448/2320/2893 2441/2313/2886 2440/2312/2885
f 2441/2313/2886 2448/2320/2893 2449/2321/2894
f 2449/2321/2894 2442/2314/2887 2441/2313/2886
f 2210/2062/2606 2443/2315/2888 2195/2047/2591
f 2443/2315/2888 2210/2062/2606 2450/2322/2895
f 2443/2315/2888 2450/2322/2895 2451/2323/2896
f 2451/2323/2896 2444/2316/2889 2443/2315/2888
f 2444/2316/2889 2451/2323/2896 2452/2324/2897
f 2452/2324/2897 2445/2317/2890 2444/2316/2889
f 2445/2317/2890 2452/2324/2897 2453/2325/2898
f 2453/2325/2898 2446/2318/2891 2445/2317/2890
f 2446/2318/2891 2453/2325/2898 2447/2319/2892
f 2454/2326/2899 2439/2311/2884 2447/2319/2892
f 2439/2311/2884 2454/2326/2899 2455/2327/2900
f 2455/2327/2900 2440/2312/2885 2439/2311/2884
f 2440/2312/2885 2455/2327/2900 2448/2320/2893
f 2456/2328/2901 2452/2324/2897 2451/2323/2896
f 2452/2324/2897 2456/2328/2901 2457/2329/2902
f 2452/2324/2897 2457/2329/2902 2458/2330/2903
f 2458/2330/2903 2453/2325/2898 2452/2324/2897
f 2453/2325/2898 2458/2330/2903 2459/2331/2904
f 2453/2325/2898 2459/2331/2904 2460/2332/2905
f 2460/2332/2905 2447/2319/2892 2453/2325/2898
f 2447/2319/2892 2460/2332/2905 2454/2326/2899
f 2461/2333/2906 2449/2321/2894 2448/2320/2893
f 2210/2062/2606 2220/2072/2616 2462/2334/2907
f 2462/2334/2907 2450/2322/2895 2210/2062/2606
f 2450/2322/2895 2462/2334/2907 2463/2335/2908
f 2463/2335/2908 2451/2323/2896 2450/2322/2895
f 2451/2323/2896 2463/2335/2908 2464/2336/2909
f 2451/2323/2896 2464/2336/2909 2456/2328/2901
f 2465/2337/2910 2455/2327/2900 2454/2326/2899
f 2455/2327/2900 2465/2337/2910 2466/2338/2911
f 2466/2338/2911 2448/2320/2893 2455/2327/2900
f 2448/2320/2893 2466/2338/2911 2467/2339/2912
f 2448/2320/2893 2467/2339/2912 2461/2333/2906
f 2468/2340/2913 2462/2334/2907 2220/2072/2616
f 2456/2328/2901 2464/2336/2909 2469/2341/2914
f 2469/2341/2914 2457/2329/2902 2456/2328/2901
f 2458/2330/2903 2457/2329/2902 2470/2342/2915
f 2470/2342/2915 2459/2331/2904 2458/2330/2903
f 2460/2332/2905 2459/2331/2904 2471/2343/2916
f 2471/2343/2916 2454/2326/2899 2460/2332/2905
f 2220/2072/2616 2246/2098/2642 2472/2344/2917
f 2472/2344/2917 2468/2340/2913 2220/2072/2616
f 2473/2345/2918 2462/2334/2907 2468/2340/2913
f 2462/2334/2907 2473/2345/2918 2474/2346/2919
f 2462/2334/2907 2474/2346/2919 2475/2347/2920
f 2475/2347/2920 2463/2335/2908 2462/2334/2907
f 2463/2335/2908 2475/2347/2920 2476/2348/2921
f 2463/2335/2908 2476/2348/2921 2477/2349/2922
f 2477/2349/2922 2464/2336/2909 2463/2335/2908
f 2464/2336/2909 2477/2349/2922 2478/2350/2923
f 2464/2336/2909 2478/2350/2923 2479/2351/2924
f 2479/2351/2924 2469/2341/2914 2464/2336/2909
f 2480/2352/2925 2457/2329/2902 2469/2341/2914
f 2457/2329/2902 2480/2352/2925 2481/2353/2926
f 2457/2329/2902 2481/2353/2926 2482/2354/2927
f 2482/2354/2927 2470/2342/2915 2457/2329/2902
f 2483/2355/2928 2459/2331/2904 2470/2342/2915
f 2459/2331/2904 2483/2355/2928 2484/2356/2929
f 2459/2331/2904 2484/2356/2929 2485/2357/2930
f 2485/2357/2930 2471/2343/2916 2459/2331/2904
f 2486/2358/2931 2454/2326/2899 2471/2343/2916
f 2454/2326/2899 2486/2358/2931 2487/2359/2932
f 2487/2359/2932 2465/2337/2910 2454/2326/2899
f 2465/2337/2910 2487/2359/2932 2488/2360/2933
f 2465/2337/2910 2488/2360/2933 2489/2361/2934
f 2489/2361/2934 2466/2338/2911 2465/2337/2910
f 2466/2338/2911 2489/2361/2934 2490/2362/2935
f 2466/2338/2911 2490/2362/2935 2491/2363/2936
f 2491/2363/2936 2467/2339/2912 2466/2338/2911
f 2467/2339/2912 2491/2363/2936 2492/2364/2937
f 2246/2098/2938 4826/2119/2938 4827/2365/2938
f 4828/2365/2939 2472/2344/2917 2246/2098/2642
f 2472/2344/2940 4829/2365/2940 4830/2366/2940
f 4831/2366/2941 2468/2340/2913 2472/2344/2917
f 2468/2340/2942 4832/2366/2942 4833/2367/2942
f 4834/2367/2943 2473/2345/2918 2468/2340/2913
f 2473/2345/2944 4835/2367/2944 4836/2368/2944
f 4837/2368/2945 2474/2346/2919 2473/2345/2918
f 2474/2346/2946 4838/2368/2946 4839/1472/2946
f 4840/1472/2947 2475/2347/2920 2474/2346/2919
f 2475/2347/2948 4841/1472/2948 4842/2369/2948
f 4843/2369/2949 2476/2348/2921 2475/2347/2920
f 2476/2348/2950 4844/2369/2950 4845/2370/2950
f 4846/2370/2951 2477/2349/2922 2476/2348/2921
f 2477/2349/2952 4847/2370/2952 4848/2371/2952
f 4849/2371/2953 2478/2350/2923 2477/2349/2922
f 2478/2350/2954 4850/2371/2954 4851/1828/2954
f 4852/1828/2955 2479/2351/2924 2478/2350/2923
f 2479/2351/2956 4853/1828/2956 4854/2372/2956
f 4855/2372/2957 2469/2341/2914 2479/2351/2924
f 2469/2341/2958 4856/2372/2958 4857/2373/2958
f 4858/2373/2959 2480/2352/2925 2469/2341/2914
f 2480/2352/2960 4859/2373/2960 4860/2374/2960
f 4861/2374/2961 2481/2353/2926 2480/2352/2925
f 2481/2353/2962 4862/2374/2962 4863/1833/2962
f 4864/1833/2963 2482/2354/2927 2481/2353/2926
f 2482/2354/2964 4865/1833/2964 4866/2375/2964
f 4867/2375/2965 2470/2342/2915 2482/2354/2927
f 2470/2342/2966 4868/2375/2966 4869/2376/2966
f 4870/2376/2967 2483/2355/2928 2470/2342/2915
f 2483/2355/2968 4871/2376/2968 4872/2377/2968
f 4873/2377/2969 2484/2356/2929 2483/2355/2928
f 2484/2356/2970 4874/2377/2970 4875/1838/2970
f 4876/1838/2971 2485/2357/2930 2484/2356/2929
f 2485/2357/2972 4877/1838/2972 4878/2378/2972
f 4879/2378/2973 2471/2343/2916 2485/2357/2930
f 2471/2343/2974 4880/2378/2974 4881/2379/2974
f 4882/2379/2975 2486/2358/2931 2471/2343/2916
f 2486/2358/2976 4883/2379/2976 4884/2380/2976
f 4885/2380/2977 2487/2359/2932 2486/2358/2931
f 2487/2359/2978 4886/2380/2978 4887/1843/2978
f 4888/1843/2979 2488/2360/2933 2487/2359/2932
f 2488/2360/2980 4889/1843/2980 4890/2381/2980
f 4891/2381/2981 2489/2361/2934 2488/2360/2933
f 2489/2361/2982 4892/2381/2982 4893/2382/2982
f 4894/2382/2983 2490/2362/2935 2489/2361/2934
f 2490/2362/2984 4895/2382/2984 4896/2383/2984
f 4897/2383/2985 2491/2363/2936 2490/2362/2935
f 2491/2363/2986 4898/2383/2986 4899/1703/2986
f 4900/1703/2987 2492/2364/2937 2491/2363/2936
f 2507/2384/2988 2494/2385/2989 2493/2386/2990
f 2494/2385/2989 2507/2384/2988 2495/2387/2991
f 2508/2388/2992 2497/2389/2993 2496/2390/2994
f 2497/2389/2993 2508/2388/2992 2498/2391/2995
f 2509/2392/2996 2499/2393/2997 2498/2391/2995
f 2499/2393/2997 2509/2392/2996 2510/2394/2998
f 2510/2394/2998 2500/2395/2999 2499/2393/2997
f 2500/2395/2999 2510/2394/2998 2511/2396/3000
f 2500/2395/2999 2511/2396/3000 2512/2397/3001
f 2512/2397/3001 2501/2398/3002 2500/2395/2999
f 2501/2398/3002 2512/2397/3001 2502/2399/3003
f 2513/2400/3004 2503/2401/3005 2502/2399/3003
f 2503/2401/3005 2513/2400/3004 2514/2402/3006
f 2503/2401/3005 2514/2402/3006 2504/2403/3007
f 2515/2404/3008 2505/2405/3009 2504/2403/3007
f 2505/2405/3009 2515/2404/3008 2516/2406/3010
f 2516/2406/3010 2506/2407/3011 2505/2405/3009
f 2493/2386/2990 2517/2408/3012 2518/2409/3013
f 2518/2409/3013 2507/2384/2988 2493/2386/2990
f 2507/2384/2988 2518/2409/3013 2519/2410/3014
f 2519/2410/3014 2495/2387/2991 2507/2384/2988
f 2495/2387/2991 2519/2410/3014 2520/2411/3015
f 2520/2411/3015 2496/2390/2994 2495/2387/2991
f 2496/2390/2994 2520/2411/3015 2508/2388/2992
f 2521/2412/3016 2498/2391/2995 2508/2388/2992
f 2498/2391/2995 2521/2412/3016 2509/2392/2996
f 2502/2399/3003 2512/2397/3001 2522/2413/3017
f 2502/2399/3003 2522/2413/3017 2513/2400/3004
f 2504/2403/3007 2514/2402/3006 2531/2414/3018
f 2504/2403/3007 2531/2414/3018 2515/2404/3008
f 2523/2415/3019 2518/2409/3013 2517/2408/3012
f 2518/2409/3013 2523/2415/3019 2519/2410/3014
f 2524/2416/3020 2508/2388/2992 2520/2411/3015
f 2508/2388/2992 2524/2416/3020 2521/2412/3016
f 2525/2417/3021 2509/2392/2996 2521/2412/3016
f 2509/2392/2996 2525/2417/3021 2526/2418/3022
f 2526/2418/3022 2510/2394/2998 2509/2392/2996
f 2510/2394/2998 2526/2418/3022 2527/2419/3023
f 2527/2419/3023 2511/2396/3000 2510/2394/2998
f 2511/2396/3000 2527/2419/3023 2528/2420/3024
f 2528/2420/3024 2512/2397/3001 2511/2396/3000
f 2512/2397/3001 2528/2420/3024 2522/2413/3017
f 2529/2421/3025 2513/2400/3004 2522/2413/3017
f 2513/2400/3004 2529/2421/3025 2530/2422/3026
f 2530/2422/3026 2514/2402/3006 2513/2400/3004
f 2514/2402/3006 2530/2422/3026 2531/2414/3018
f 2532/2423/3027 2515/2404/3008 2531/2414/3018
f 2515/2404/3008 2532/2423/3027 2533/2424/3028
f 2533/2424/3028 2516/2406/3010 2515/2404/3008
f 2517/2408/3012 2534/2425/3029 2523/2415/3019
f 2535/2426/3030 2519/2410/3014 2523/2415/3019
f 2535/2426/3030 2520/2411/3015 2519/2410/3014
f 2520/2411/3015 2535/2426/3030 2524/2416/3020
f 2536/2427/3031 2521/2412/3016 2524/2416/3020
f 2521/2412/3016 2536/2427/3031 2525/2417/3021
f 2522/2413/3017 2528/2420/3024 2529/2421/3025
f 2531/2414/3018 2546/2428/3032 2532/2423/3027
f 2537/2429/3033 2523/2415/3019 2534/2425/3029
f 2523/2415/3019 2537/2429/3033 2538/2430/3034
f 2538/2430/3034 2535/2426/3030 2523/2415/3019
f 2535/2426/3030 2538/2430/3034 2539/2431/3035
f 2539/2431/3035 2524/2416/3020 2535/2426/3030
f 2524/2416/3020 2539/2431/3035 2536/2427/3031
f 2540/2432/3036 2525/2417/3021 2536/2427/3031
f 2525/2417/3021 2540/2432/3036 2541/2433/3037
f 2541/2433/3037 2526/2418/3022 2525/2417/3021
f 2526/2418/3022 2541/2433/3037 2542/2434/3038
f 2542/2434/3038 2527/2419/3023 2526/2418/3022
f 2527/2419/3023 2542/2434/3038 2543/2435/3039
f 2543/2435/3039 2528/2420/3024 2527/2419/3023
f 2528/2420/3024 2543/2435/3039 2544/2436/3040
f 2544/2436/3040 2529/2421/3025 2528/2420/3024
f 2529/2421/3025 2544/2436/3040 2545/2437/3041
f 2545/2437/3041 2530/2422/3026 2529/2421/3025
f 2530/2422/3026 2545/2437/3041 2546/2428/3032
f 2546/2428/3032 2531/2414/3018 2530/2422/3026
f 2547/2438/3042 2533/2424/3028 2532/2423/3027
f 2534/2425/3029 2548/2439/3043 2537/2429/3033
f 2549/2440/3044 2539/2431/3035 2538/2430/3034
f 2539/2431/3035 2549/2440/3044 2550/2441/3045
f 2550/2441/3045 2536/2427/3031 2539/2431/3035
f 2536/2427/3031 2550/2441/3045 2540/2432/3036
f 2551/2442/3046 2532/2423/3027 2546/2428/3032
f 2532/2423/3027 2551/2442/3046 2552/2443/3047
f 2552/2443/3047 2547/2438/3042 2532/2423/3027
f 2553/2444/3048 2537/2429/3033 2548/2439/3043
f 2537/2429/3033 2553/2444/3048 2554/2445/3049
f 2554/2445/3049 2538/2430/3034 2537/2429/3033
f 2538/2430/3034 2554/2445/3049 2549/2440/3044
f 2550/2441/3045 2549/2440/3044 2555/2446/3050
f 2555/2446/3050 2540/2432/3036 2550/2441/3045
f 2540/2432/3036 2555/2446/3050 2556/2447/3051
f 2556/2447/3051 2541/2433/3037 2540/2432/3036
f 2541/2433/3037 2556/2447/3051 2557/2448/3052
f 2557/2448/3052 2542/2434/3038 2541/2433/3037
f 2557/2448/3052 2543/2435/3039 2542/2434/3038
f 2543/2435/3039 2557/2448/3052 2558/2449/3053
f 2558/2449/3053 2544/2436/3040 2543/2435/3039
f 2544/2436/3040 2558/2449/3053 2564/2450/3054
f 2564/2450/3054 2545/2437/3041 2544/2436/3040
f 2545/2437/3041 2564/2450/3054 2559/2451/3055
f 2559/2451/3055 2546/2428/3032 2545/2437/3041
f 2546/2428/3032 2559/2451/3055 2551/2442/3046
f 2548/2439/3043 2560/2452/3056 2553/2444/3048
f 2561/2453/3057 2549/2440/3044 2554/2445/3049
f 2549/2440/3044 2561/2453/3057 2555/2446/3050
f 2562/2454/3058 2556/2447/3051 2555/2446/3050
f 2556/2447/3051 2562/2454/3058 2563/2455/3059
f 2563/2455/3059 2557/2448/3052 2556/2447/3051
f 2564/2450/3054 2558/2449/3053 2557/2448/3052
f 2565/2456/3060 2551/2442/3046 2559/2451/3055
f 2551/2442/3046 2565/2456/3060 2566/2457/3061
f 2566/2457/3061 2552/2443/3047 2551/2442/3046
f 2567/2458/3062 2553/2444/3048 2560/2452/3056
f 2567/2458/3062 2554/2445/3049 2553/2444/3048
f 2554/2445/3049 2567/2458/3062 2561/2453/3057
f 2568/2459/3063 2555/2446/3050 2561/2453/3057
f 2555/2446/3050 2568/2459/3063 2562/2454/3058
f 2569/2460/3064 2557/2448/3052 2563/2455/3059
f 2569/2460/3064 2564/2450/3054 2557/2448/3052
f 2564/2450/3054 2569/2460/3064 2559/2451/3055
f 2570/2461/3065 2567/2458/3062 2560/2452/3056
f 2567/2458/3062 2570/2461/3065 2571/2462/3066
f 2571/2462/3066 2561/2453/3057 2567/2458/3062
f 2561/2453/3057 2571/2462/3066 2568/2459/3063
f 2572/2463/3067 2562/2454/3058 2568/2459/3063
f 2572/2463/3067 2563/2455/3059 2562/2454/3058
f 2563/2455/3059 2572/2463/3067 2573/2464/3068
f 2573/2464/3068 2569/2460/3064 2563/2455/3059
f 2569/2460/3064 2573/2464/3068 2574/2465/3069
f 2574/2465/3069 2559/2451/3055 2569/2460/3064
f 2559/2451/3055 2574/2465/3069 2565/2456/3060
f 2577/2466/3070 2566/2457/3061 2565/2456/3060
f 2570/2461/3065 2575/2467/3071 2576/2468/3072
f 2576/2468/3072 2571/2462/3066 2570/2461/3065
f 2568/2459/3063 2571/2462/3066 2572/2463/3067
f 2565/2456/3060 2574/2465/3069 2577/2466/3070
f 2578/2469/3073 2576/2468/3072 2575/2467/3071
f 2579/2470/3074 2571/2462/3066 2576/2468/3072
f 2571/2462/3066 2579/2470/3074 2580/2471/3075
f 2580/2471/3075 2572/2463/3067 2571/2462/3066
f 2580/2471/3075 2573/2464/3068 2572/2463/3067
f 2573/2464/3068 2580/2471/3075 2581/2472/3076
f 2581/2472/3076 2574/2465/3069 2573/2464/3068
f 2574/2465/3069 2581/2472/3076 2582/2473/3077
f 2574/2465/3069 2582/2473/3077 2583/2474/3078
f 2583/2474/3078 2577/2466/3070 2574/2465/3069
f 2575/2467/3071 2585/2475/3079 2578/2469/3073
f 2586/2476/3080 2576/2468/3072 2578/2469/3073
f 2576/2468/3072 2586/2476/3080 2587/2477/3081
f 2587/2477/3081 2579/2470/3074 2576/2468/3072
f 2588/2478/3082 2580/2471/3075 2579/2470/3074
f 2580/2471/3075 2588/2478/3082 2589/2479/3083
f 2580/2471/3075 2589/2479/3083 2590/2480/3084
f 2590/2480/3084 2581/2472/3076 2580/2471/3075
f 2577/2466/3070 2583/2474/3078 2591/2481/3085
f 2577/2466/3070 2591/2481/3085 2592/2482/3086
f 2592/2482/3086 2584/2483/3087 2577/2466/3070
f 2593/2484/3088 2578/2469/3073 2585/2475/3079
f 2578/2469/3073 2593/2484/3088 2586/2476/3080
f 2594/2485/3089 2579/2470/3074 2587/2477/3081
f 2579/2470/3074 2594/2485/3089 2588/2478/3082
f 2595/2486/3090 2590/2480/3084 2589/2479/3083
f 2596/2487/3091 2581/2472/3076 2590/2480/3084
f 2581/2472/3076 2596/2487/3091 2597/2488/3092
f 2597/2488/3092 2582/2473/3077 2581/2472/3076
f 2582/2473/3077 2597/2488/3092 2598/2489/3093
f 2598/2489/3093 2583/2474/3078 2582/2473/3077
f 2583/2474/3078 2598/2489/3093 2591/2481/3085
f 2585/2475/3079 2599/2490/3094 2593/2484/3088
f 2600/2491/3095 2586/2476/3080 2593/2484/3088
f 2600/2491/3095 2587/2477/3081 2586/2476/3080
f 2587/2477/3081 2600/2491/3095 2601/2492/3096
f 2601/2492/3096 2594/2485/3089 2587/2477/3081
f 2602/2493/3097 2588/2478/3082 2594/2485/3089
f 2602/2493/3097 2589/2479/3083 2588/2478/3082
f 2589/2479/3083 2602/2493/3097 2603/2494/3098
f 2603/2494/3098 2595/2486/3090 2589/2479/3083
f 2590/2480/3084 2595/2486/3090 2604/2495/3099
f 2590/2480/3084 2604/2495/3099 2596/2487/3091
f 2605/2496/3100 2592/2482/3086 2591/2481/3085
f 2606/2497/3101 2593/2484/3088 2599/2490/3094
f 2593/2484/3088 2606/2497/3101 2607/2498/3102
f 2593/2484/3088 2607/2498/3102 2600/2491/3095
f 2608/2499/3103 2594/2485/3089 2601/2492/3096
f 2594/2485/3089 2608/2499/3103 2602/2493/3097
f 2602/2493/3097 2609/2500/3104 2603/2494/3098
f 2610/2501/3105 2595/2486/3090 2603/2494/3098
f 2595/2486/3090 2610/2501/3105 2604/2495/3099
f 2596/2487/3091 2604/2495/3099 2611/2502/3106
f 2611/2502/3106 2597/2488/3092 2596/2487/3091
f 2597/2488/3092 2611/2502/3106 2612/2503/3107
f 2612/2503/3107 2598/2489/3093 2597/2488/3092
f 2598/2489/3093 2612/2503/3107 2613/2504/3108
f 2598/2489/3093 2613/2504/3108 2591/2481/3085
f 2599/2490/3094 2614/2505/3109 2606/2497/3101
f 2615/2506/3110 2600/2491/3095 2607/2498/3102
f 2600/2491/3095 2615/2506/3110 2616/2507/3111
f 2600/2491/3095 2616/2507/3111 2617/2508/3112
f 2617/2508/3112 2601/2492/3096 2600/2491/3095
f 2601/2492/3096 2617/2508/3112 2618/2509/3113
f 2601/2492/3096 2618/2509/3113 2608/2499/3103
f 2619/2510/3114 2602/2493/3097 2608/2499/3103
f 2602/2493/3097 2619/2510/3114 2609/2500/3104
f 2603/2494/3098 2609/2500/3104 2620/2511/3115
f 2603/2494/3098 2620/2511/3115 2610/2501/3105
f 2621/2512/3116 2604/2495/3099 2610/2501/3105
f 2622/2513/3117 2591/2481/3085 2613/2504/3108
f 2591/2481/3085 2622/2513/3117 2623/2514/3118
f 2623/2514/3118 2605/2496/3100 2591/2481/3085
f 2624/2515/3119 2606/2497/3101 2614/2505/3109
f 2606/2497/3101 2624/2515/3119 2625/2516/3120
f 2625/2516/3120 2607/2498/3102 2606/2497/3101
f 2607/2498/3102 2625/2516/3120 2615/2506/3110
f 2626/2517/3121 2608/2499/3103 2618/2509/3113
f 2608/2499/3103 2626/2517/3121 2619/2510/3114
f 2627/2518/3122 2609/2500/3104 2619/2510/3114
f 2609/2500/3104 2627/2518/3122 2628/2519/3123
f 2609/2500/3104 2628/2519/3123 2620/2511/3115
f 2629/2520/3124 2610/2501/3105 2620/2511/3115
f 2610/2501/3105 2629/2520/3124 2621/2512/3116
f 2604/2495/3099 2621/2512/3116 2630/2521/3125
f 2630/2521/3125 2611/2502/3106 2604/2495/3099
f 2611/2502/3106 2630/2521/3125 2631/2522/3126
f 2631/2522/3126 2612/2503/3107 2611/2502/3106
f 2612/2503/3107 2631/2522/3126 2632/2523/3127
f 2612/2503/3107 2632/2523/3127 2613/2504/3108
f 2633/2524/3128 2623/2514/3118 2622/2513/3117
f 2614/2505/3109 2634/2525/3129 2624/2515/3119
f 2635/2526/3130 2615/2506/3110 2625/2516/3120
f 2615/2506/3110 2635/2526/3130 2636/2527/3131
f 2636/2527/3131 2616/2507/3111 2615/2506/3110
f 2616/2507/3111 2636/2527/3131 2637/2528/3132
f 2637/2528/3132 2617/2508/3112 2616/2507/3111
f 2617/2508/3112 2637/2528/3132 2638/2529/3133
f 2638/2529/3133 2618/2509/3113 2617/2508/3112
f 2618/2509/3113 2638/2529/3133 2626/2517/3121
f 2639/2530/3134 2619/2510/3114 2626/2517/3121
f 2619/2510/3114 2639/2530/3134 2627/2518/3122
f 2640/2531/3135 2620/2511/3115 2628/2519/3123
f 2620/2511/3115 2640/2531/3135 2629/2520/3124
f 2641/2532/3136 2621/2512/3116 2629/2520/3124
f 2642/2533/3137 2624/2515/3119 2634/2525/3129
f 2624/2515/3119 2642/2533/3137 2643/2534/3138
f 2643/2534/3138 2625/2516/3120 2624/2515/3119
f 2625/2516/3120 2643/2534/3138 2635/2526/3130
f 2644/2535/3139 2626/2517/3121 2638/2529/3133
f 2626/2517/3121 2644/2535/3139 2639/2530/3134
f 2645/2536/3140 2627/2518/3122 2639/2530/3134
f 2627/2518/3122 2645/2536/3140 2646/2537/3141
f 2646/2537/3141 2628/2519/3123 2627/2518/3122
f 2628/2519/3123 2646/2537/3141 2640/2531/3135
f 2647/2538/3142 2629/2520/3124 2640/2531/3135
f 2629/2520/3124 2647/2538/3142 2641/2532/3136
f 2621/2512/3116 2641/2532/3136 2648/2539/3143
f 2648/2539/3143 2630/2521/3125 2621/2512/3116
f 2630/2521/3125 2648/2539/3143 2631/2522/3126
f 2649/2540/3144 2613/2504/3108 2632/2523/3127
f 2613/2504/3108 2649/2540/3144 2622/2513/3117
f 2650/2541/3145 2633/2524/3128 2622/2513/3117
f 2634/2525/3129 2651/2542/3146 2642/2533/3137
f 2652/2543/3147 2635/2526/3130 2643/2534/3138
f 2635/2526/3130 2652/2543/3147 2653/2544/3148
f 2653/2544/3148 2636/2527/3131 2635/2526/3130
f 2636/2527/3131 2653/2544/3148 2654/2545/3149
f 2654/2545/3149 2637/2528/3132 2636/2527/3131
f 2637/2528/3132 2654/2545/3149 2655/2546/3150
f 2655/2546/3150 2638/2529/3133 2637/2528/3132
f 2638/2529/3133 2655/2546/3150 2644/2535/3139
f 2656/2547/3151 2639/2530/3134 2644/2535/3139
f 2639/2530/3134 2656/2547/3151 2645/2536/3140
f 2657/2548/3152 2640/2531/3135 2646/2537/3141
f 2640/2531/3135 2657/2548/3152 2647/2538/3142
f 2658/2549/3153 2641/2532/3136 2647/2538/3142
f 2659/2550/3154 2622/2513/3117 2649/2540/3144
f 2622/2513/3117 2659/2550/3154 2650/2541/3145
f 2660/2551/3155 2642/2533/3137 2651/2542/3146
f 2642/2533/3137 2660/2551/3155 2661/2552/3156
f 2661/2552/3156 2643/2534/3138 2642/2533/3137
f 2643/2534/3138 2661/2552/3156 2652/2543/3147
f 2662/2553/3157 2644/2535/3139 2655/2546/3150
f 2644/2535/3139 2662/2553/3157 2656/2547/3151
f 2663/2554/3158 2645/2536/3140 2656/2547/3151
f 2645/2536/3140 2663/2554/3158 2664/2555/3159
f 2664/2555/3159 2646/2537/3141 2645/2536/3140
f 2646/2537/3141 2664/2555/3159 2657/2548/3152
f 2665/2556/3160 2647/2538/3142 2657/2548/3152
f 2647/2538/3142 2665/2556/3160 2658/2549/3153
f 2641/2532/3136 2658/2549/3153 2666/2557/3161
f 2666/2557/3161 2648/2539/3143 2641/2532/3136
f 2648/2539/3143 2666/2557/3161 2667/2558/3162
f 2667/2558/3162 2631/2522/3126 2648/2539/3143
f 2631/2522/3126 2667/2558/3162 2668/2559/3163
f 2668/2559/3163 2632/2523/3127 2631/2522/3126
f 2632/2523/3127 2668/2559/3163 2649/2540/3144
f 2669/2560/3164 2650/2541/3145 2659/2550/3154
f 2651/2542/3146 2670/2561/3165 2671/2562/3166
f 2671/2562/3166 2660/2551/3155 2651/2542/3146
f 2660/2551/3155 2671/2562/3166 2661/2552/3156
f 2672/2563/3167 2652/2543/3147 2661/2552/3156
f 2652/2543/3147 2672/2563/3167 2673/2564/3168
f 2673/2564/3168 2653/2544/3148 2652/2543/3147
f 2653/2544/3148 2673/2564/3168 2674/2565/3169
f 2674/2565/3169 2654/2545/3149 2653/2544/3148
f 2654/2545/3149 2674/2565/3169 2675/2566/3170
f 2675/2566/3170 2655/2546/3150 2654/2545/3149
f 2655/2546/3150 2675/2566/3170 2662/2553/3157
f 2676/2567/3171 2656/2547/3151 2662/2553/3157
f 2656/2547/3151 2676/2567/3171 2663/2554/3158
f 2677/2568/3172 2657/2548/3152 2664/2555/3159
f 2657/2548/3152 2677/2568/3172 2665/2556/3160
f 2678/2569/3173 2658/2549/3153 2665/2556/3160
f 2679/2570/3174 2661/2552/3156 2671/2562/3166
f 2661/2552/3156 2679/2570/3174 2672/2563/3167
f 2680/2571/3175 2664/2555/3159 2663/2554/3158
f 2664/2555/3159 2680/2571/3175 2677/2568/3172
f 2681/2572/3176 2665/2556/3160 2677/2568/3172
f 2665/2556/3160 2681/2572/3176 2678/2569/3173
f 2658/2549/3153 2678/2569/3173 2682/2573/3177
f 2682/2573/3177 2666/2557/3161 2658/2549/3153
f 2666/2557/3161 2682/2573/3177 2683/2574/3178
f 2666/2557/3161 2683/2574/3178 2684/2575/3179
f 2684/2575/3179 2667/2558/3162 2666/2557/3161
f 2667/2558/3162 2684/2575/3179 2685/2576/3180
f 2685/2576/3180 2668/2559/3163 2667/2558/3162
f 2668/2559/3163 2685/2576/3180 2686/2577/3181
f 2686/2577/3181 2649/2540/3144 2668/2559/3163
f 2649/2540/3144 2686/2577/3181 2659/2550/3154
f 2687/2578/3182 2669/2560/3164 2659/2550/3154
f 2670/2561/3165 2688/1592/3183 2689/2579/3184
f 2689/2579/3184 2671/2562/3166 2670/2561/3165
f 2689/2579/3184 2679/2570/3174 2671/2562/3166
f 2679/2570/3174 2689/2579/3184 2690/2580/3185
f 2690/2580/3185 2672/2563/3167 2679/2570/3174
f 2672/2563/3167 2690/2580/3185 2691/2581/3186
f 2691/2581/3186 2673/2564/3168 2672/2563/3167
f 2691/2581/3186 2674/2565/3169 2673/2564/3168
f 2674/2565/3169 2691/2581/3186 2692/2582/3187
f 2692/2582/3187 2675/2566/3170 2674/2565/3169
f 2692/2582/3187 2662/2553/3157 2675/2566/3170
f 2662/2553/3157 2692/2582/3187 2693/2583/3188
f 2693/2583/3188 2676/2567/3171 2662/2553/3157
f 2693/2583/3188 2663/2554/3158 2676/2567/3171
f 2663/2554/3158 2693/2583/3188 2680/2571/3175
f 2694/2584/3189 2677/2568/3172 2680/2571/3175
f 2694/2584/3189 2681/2572/3176 2677/2568/3172
f 2695/2585/3190 2678/2569/3173 2681/2572/3176
f 2678/2569/3173 2695/2585/3190 2682/2573/3177
f 2659/2550/3154 2686/2577/3181 2687/2578/3182
f 4901/1703/3191 2696/2364/3192 2697/2586/3193
f 2697/2586/3194 4902/2587/3194 4903/1703/3194
f 4904/2587/3195 2697/2586/3193 2698/2588/3196
f 2698/2588/3197 4905/2589/3197 4906/2587/3197
f 4907/2589/3198 2698/2588/3196 2699/2590/3199
f 2699/2590/3200 4908/2591/3200 4909/2589/3200
f 4910/2591/3201 2699/2590/3199 2700/2592/3202
f 2700/2592/3203 4911/1839/3203 4912/2591/3203
f 4913/1839/3204 2700/2592/3202 2701/2593/3205
f 2701/2593/3206 4914/2377/3206 4915/1839/3206
f 4916/2377/3207 2701/2593/3205 2702/2594/3208
f 2702/2594/3209 4917/2595/3209 4918/2377/3209
f 4919/2595/3210 2702/2594/3208 2703/2596/3211
f 2703/2596/3212 4920/2597/3212 4921/2595/3212
f 4922/2597/3213 2703/2596/3211 2704/2598/3214
f 2704/2598/3215 4923/1830/3215 4924/2597/3215
f 4925/1830/3216 2704/2598/3214 2705/2599/3217
f 2705/2599/3218 4926/2600/3218 4927/1830/3218
f 4928/2600/3219 2705/2599/3217 2706/2349/3220
f 2706/2349/3221 4929/2370/3221 4930/2600/3221
f 4931/2370/3222 2706/2349/3220 2707/2601/3223
f 2707/2601/3224 4932/2602/3224 4933/2370/3224
f 4934/2602/3225 2707/2601/3223 2708/2603/3226
f 2708/2603/3227 4935/2604/3227 4936/2602/3227
f 4937/2604/3228 2708/2603/3226 2709/2605/3229
f 2709/2605/3230 4938/2606/3230 4939/2604/3230
f 4940/2606/3231 2709/2605/3229 2710/2607/3232
f 2710/2607/3233 4941/2608/3233 4942/2606/3233
f 4943/2608/3234 2710/2607/3232 2711/2096/3235
f 2711/2096/3236 4944/2118/3236 4945/2608/3236
f 4946/2118/3237 2711/2096/3235 2712/2609/3238
f 2712/2609/3239 4947/2610/3239 4948/2118/3239
f 4949/2610/3240 2712/2609/3238 2713/2611/3241
f 2713/2611/3242 4950/2612/3242 4951/2610/3242
f 4952/2612/3243 2713/2611/3241 2714/2613/3244
f 2714/2613/3245 4953/2614/3245 4954/2612/3245
f 4955/2614/3246 2714/2613/3244 2715/2615/3247
f 2715/2615/3248 4956/2616/3248 4957/2614/3248
f 4958/2616/3249 2715/2615/3247 2716/2087/3250
f 2716/2087/3251 4959/2110/3251 4960/2616/3251
f 4961/2110/3252 2716/2087/3250 2717/2617/3253
f 2717/2617/3254 4962/2618/3254 4963/2110/3254
f 4964/2618/3255 2717/2617/3253 2718/2619/3256
f 2718/2619/3257 4965/2620/3257 4966/2618/3257
f 4967/2620/3258 2718/2619/3256 2719/2621/3259
f 2719/2621/3260 4968/2622/3260 4969/2620/3260
f 4970/2622/3261 2719/2621/3259 2720/2623/3262
f 2720/2623/3263 4971/2624/3263 4972/2622/3263
f 4973/2624/3264 2720/2623/3262 2721/2078/3265
f 2721/2078/3266 4974/2103/3266 4975/2624/3266
f 2696/2364/3192 2722/2625/3267 2723/2626/3268
f 2723/2626/3268 2697/2586/3193 2696/2364/3192
f 2697/2586/3193 2723/2626/3268 2724/2627/3269
f 2724/2627/3269 2698/2588/3196 2697/2586/3193
f 2698/2588/3196 2724/2627/3269 2699/2590/3199
f 2725/2628/3270 2702/2594/3208 2701/2593/3205
f 2702/2594/3208 2725/2628/3270 2726/2629/3271
f 2726/2629/3271 2703/2596/3211 2702/2594/3208
f 2703/2596/3211 2726/2629/3271 2727/2630/3272
f 2727/2630/3272 2704/2598/3214 2703/2596/3211
f 2704/2598/3214 2727/2630/3272 2728/2631/3273
f 2728/2631/3273 2705/2599/3217 2704/2598/3214
f 2705/2599/3217 2728/2631/3273 2729/2632/3274
f 2729/2632/3274 2706/2349/3220 2705/2599/3217
f 2729/2632/3274 2707/2601/3223 2706/2349/3220
f 2707/2601/3223 2729/2632/3274 2730/2633/3275
f 2730/2633/3275 2708/2603/3226 2707/2601/3223
f 2730/2633/3275 2709/2605/3229 2708/2603/3226
f 2709/2605/3229 2730/2633/3275 2731/2634/3276
f 2731/2634/3276 2710/2607/3232 2709/2605/3229
f 2731/2634/3276 2711/2096/3235 2710/2607/3232
f 2731/2634/3276 2712/2609/3238 2711/2096/3235
f 2712/2609/3238 2731/2634/3276 2732/2635/3277
f 2732/2635/3277 2713/2611/3241 2712/2609/3238
f 2732/2635/3277 2714/2613/3244 2713/2611/3241
f 2714/2613/3244 2732/2635/3277 2733/2636/3278
f 2733/2636/3278 2715/2615/3247 2714/2613/3244
f 2733/2636/3278 2716/2087/3250 2715/2615/3247
f 2716/2087/3250 2733/2636/3278 2734/2637/3279
f 2734/2637/3279 2717/2617/3253 2716/2087/3250
f 2717/2617/3253 2734/2637/3279 2735/2638/3280
f 2735/2638/3280 2718/2619/3256 2717/2617/3253
f 2718/2619/3256 2735/2638/3280 2736/2639/3281
f 2736/2639/3281 2719/2621/3259 2718/2619/3256
f 2719/2621/3259 2736/2639/3281 2737/2640/3282
f 2737/2640/3282 2720/2623/3262 2719/2621/3259
f 2720/2623/3262 2737/2640/3282 2738/2641/3283
f 2738/2641/3283 2721/2078/3265 2720/2623/3262
f 2739/2642/3284 2699/2590/3199 2724/2627/3269
f 2699/2590/3199 2739/2642/3284 2740/2643/3285
f 2740/2643/3285 2700/2592/3202 2699/2590/3199
f 2700/2592/3202 2740/2643/3285 2741/2644/3286
f 2741/2644/3286 2701/2593/3205 2700/2592/3202
f 2701/2593/3205 2741/2644/3286 2725/2628/3270
f 2722/2625/3267 2742/2645/3287 2743/2646/3288
f 2743/2646/3288 2723/2626/3268 2722/2625/3267
f 2723/2626/3268 2743/2646/3288 2744/2647/3289
f 2744/2647/3289 2724/2627/3269 2723/2626/3268
f 2724/2627/3269 2744/2647/3289 2739/2642/3284
f 2745/2648/3290 2725/2628/3270 2741/2644/3286
f 2725/2628/3270 2745/2648/3290 2746/2649/3291
f 2746/2649/3291 2726/2629/3271 2725/2628/3270
f 2726/2629/3271 2746/2649/3291 2747/2650/3292
f 2747/2650/3292 2727/2630/3272 2726/2629/3271
f 2747/2650/3292 2728/2631/3273 2727/2630/3272
f 2728/2631/3273 2747/2650/3292 2748/2651/3293
f 2748/2651/3293 2729/2632/3274 2728/2631/3273
f 2729/2632/3274 2748/2651/3293 2749/2652/3294
f 2749/2652/3294 2730/2633/3275 2729/2632/3274
f 2730/2633/3275 2749/2652/3294 2750/2653/3295
f 2750/2653/3295 2731/2634/3276 2730/2633/3275
f 2731/2634/3276 2750/2653/3295 2751/2654/3296
f 2751/2654/3296 2732/2635/3277 2731/2634/3276
f 2732/2635/3277 2751/2654/3296 2752/2655/3297
f 2752/2655/3297 2733/2636/3278 2732/2635/3277
f 2733/2636/3278 2752/2655/3297 2753/2656/3298
f 2753/2656/3298 2734/2637/3279 2733/2636/3278
f 2734/2637/3279 2753/2656/3298 2735/2638/3280
f 2754/2657/3299 2736/2639/3281 2735/2638/3280
f 2736/2639/3281 2754/2657/3299 2737/2640/3282
f 2755/2658/3300 2738/2641/3283 2737/2640/3282
f 2756/2659/3301 2739/2642/3284 2744/2647/3289
f 2739/2642/3284 2756/2659/3301 2757/2660/3302
f 2757/2660/3302 2740/2643/3285 2739/2642/3284
f 2740/2643/3285 2757/2660/3302 2758/2661/3303
f 2758/2661/3303 2741/2644/3286 2740/2643/3285
f 2741/2644/3286 2758/2661/3303 2745/2648/3290
f 2759/2662/3304 2753/2656/3298 2752/2655/3297
f 2753/2656/3298 2759/2662/3304 2760/2663/3305
f 2760/2663/3305 2735/2638/3280 2753/2656/3298
f 2735/2638/3280 2760/2663/3305 2754/2657/3299
f 2742/2645/3287 2761/2664/3306 2762/2665/3307
f 2762/2665/3307 2743/2646/3288 2742/2645/3287
f 2743/2646/3288 2762/2665/3307 2763/2666/3308
f 2763/2666/3308 2744/2647/3289 2743/2646/3288
f 2744/2647/3289 2763/2666/3308 2756/2659/3301
f 2764/2667/3309 2745/2648/3290 2758/2661/3303
f 2745/2648/3290 2764/2667/3309 2765/2668/3310
f 2765/2668/3310 2746/2649/3291 2745/2648/3290
f 2746/2649/3291 2765/2668/3310 2766/2669/3311
f 2766/2669/3311 2747/2650/3292 2746/2649/3291
f 2747/2650/3292 2766/2669/3311 2767/2670/3312
f 2767/2670/3312 2748/2651/3293 2747/2650/3292
f 2748/2651/3293 2767/2670/3312 2768/2671/3313
f 2768/2671/3313 2749/2652/3294 2748/2651/3293
f 2768/2671/3313 2750/2653/3295 2749/2652/3294
f 2750/2653/3295 2768/2671/3313 2769/2672/3314
f 2769/2672/3314 2751/2654/3296 2750/2653/3295
f 2751/2654/3296 2769/2672/3314 2770/2673/3315
f 2770/2673/3315 2752/2655/3297 2751/2654/3296
f 2752/2655/3297 2770/2673/3315 2759/2662/3304
f 2771/2674/3316 2754/2657/3299 2760/2663/3305
f 2754/2657/3299 2771/2674/3316 2772/2675/3317
f 2772/2675/3317 2737/2640/3282 2754/2657/3299
f 2737/2640/3282 2772/2675/3317 2773/2676/3318
f 2773/2676/3318 2755/2658/3300 2737/2640/3282
f 2774/2677/3319 2756/2659/3301 2763/2666/3308
f 2756/2659/3301 2774/2677/3319 2775/2678/3320
f 2775/2678/3320 2757/2660/3302 2756/2659/3301
f 2757/2660/3302 2775/2678/3320 2776/2679/3321
f 2776/2679/3321 2758/2661/3303 2757/2660/3302
f 2758/2661/3303 2776/2679/3321 2764/2667/3309
f 2777/2680/3322 2759/2662/3304 2770/2673/3315
f 2759/2662/3304 2777/2680/3322 2778/2681/3323
f 2778/2681/3323 2760/2663/3305 2759/2662/3304
f 2760/2663/3305 2778/2681/3323 2771/2674/3316
f 2761/2664/3306 2779/2682/3324 2780/2683/3325
f 2780/2683/3325 2762/2665/3307 2761/2664/3306
f 2762/2665/3307 2780/2683/3325 2781/2684/3326
f 2781/2684/3326 2763/2666/3308 2762/2665/3307
f 2763/2666/3308 2781/2684/3326 2774/2677/3319
f 2782/2685/3327 2764/2667/3309 2776/2679/3321
f 2782/2685/3327 2765/2668/3310 2764/2667/3309
f 2765/2668/3310 2782/2685/3327 2783/2686/3328
f 2783/2686/3328 2766/2669/3311 2765/2668/3310
f 2766/2669/3311 2783/2686/3328 2784/2687/3329
f 2784/2687/3329 2767/2670/3312 2766/2669/3311
f 2767/2670/3312 2784/2687/3329 2785/2688/3330
f 2785/2688/3330 2768/2671/3313 2767/2670/3312
f 2768/2671/3313 2785/2688/3330 2786/2689/3331
f 2786/2689/3331 2769/2672/3314 2768/2671/3313
f 2769/2672/3314 2786/2689/3331 2787/2690/3332
f 2787/2690/3332 2770/2673/3315 2769/2672/3314
f 2770/2673/3315 2787/2690/3332 2777/2680/3322
f 2788/2691/3333 2771/2674/3316 2778/2681/3323
f 2788/2691/3333 2772/2675/3317 2771/2674/3316
f 2772/2675/3317 2788/2691/3333 2789/2692/3334
f 2789/2692/3334 2773/2676/3318 2772/2675/3317
f 2790/2693/3335 2774/2677/3319 2781/2684/3326
f 2774/2677/3319 2790/2693/3335 2791/2694/3336
f 2791/2694/3336 2775/2678/3320 2774/2677/3319
f 2791/2694/3336 2776/2679/3321 2775/2678/3320
f 2776/2679/3321 2791/2694/3336 2782/2685/3327
f 2792/2695/3337 2784/2687/3329 2783/2686/3328
f 2784/2687/3329 2792/2695/3337 2785/2688/3330
f 2793/2696/3338 2787/2690/3332 2786/2689/3331
f 2787/2690/3332 2793/2696/3338 2794/2697/3339
f 2794/2697/3339 2777/2680/3322 2787/2690/3332
f 2777/2680/3322 2794/2697/3339 2795/2698/3340
f 2795/2698/3340 2778/2681/3323 2777/2680/3322
f 2778/2681/3323 2795/2698/3340 2788/2691/3333
f 2779/2682/3324 2796/2699/3341 2797/2700/3342
f 2797/2700/3342 2780/2683/3325 2779/2682/3324
f 2797/2700/3342 2781/2684/3326 2780/2683/3325
f 2781/2684/3326 2797/2700/3342 2790/2693/3335
f 2798/2701/3343 2782/2685/3327 2791/2694/3336
f 2782/2685/3327 2798/2701/3343 2799/2702/3344
f 2799/2702/3344 2783/2686/3328 2782/2685/3327
f 2783/2686/3328 2799/2702/3344 2792/2695/3337
f 2800/2703/3345 2785/2688/3330 2792/2695/3337
f 2785/2688/3330 2800/2703/3345 2801/2704/3346
f 2801/2704/3346 2786/2689/3331 2785/2688/3330
f 2786/2689/3331 2801/2704/3346 2793/2696/3338
f 2802/2705/3347 2788/2691/3333 2795/2698/3340
f 2788/2691/3333 2802/2705/3347 3002/2706/3348
f 3002/2706/3348 2789/2692/3334 2788/2691/3333
f 2803/2707/3349 2790/2693/3335 2797/2700/3342
f 2803/2707/3349 2791/2694/3336 2790/2693/3335
f 2791/2694/3336 2803/2707/3349 2798/2701/3343
f 2804/2708/3350 2792/2695/3337 2799/2702/3344
f 2792/2695/3337 2804/2708/3350 2800/2703/3345
f 2805/2709/3351 2793/2696/3338 2801/2704/3346
f 2793/2696/3338 2805/2709/3351 2806/2710/3352
f 2806/2710/3352 2794/2697/3339 2793/2696/3338
f 2794/2697/3339 2806/2710/3352 2795/2698/3340
f 2807/2711/3353 3002/2706/3348 2802/2705/3347
f 2796/2699/3341 2808/2712/3354 2809/2713/3355
f 2809/2713/3355 2797/2700/3342 2796/2699/3341
f 2797/2700/3342 2809/2713/3355 2803/2707/3349
f 2810/2714/3356 2798/2701/3343 2803/2707/3349
f 2798/2701/3343 2810/2714/3356 2811/2715/3357
f 2811/2715/3357 2799/2702/3344 2798/2701/3343
f 2799/2702/3344 2811/2715/3357 2804/2708/3350
f 2812/2716/3358 2800/2703/3345 2804/2708/3350
f 2812/2716/3358 2801/2704/3346 2800/2703/3345
f 2801/2704/3346 2812/2716/3358 2813/2717/3359
f 2813/2717/3359 2805/2709/3351 2801/2704/3346
f 2795/2698/3340 2806/2710/3352 2814/2718/3360
f 2814/2718/3360 2802/2705/3347 2795/2698/3340
f 2802/2705/3347 2814/2718/3360 2807/2711/3353
f 2810/2714/3356 2803/2707/3349 2809/2713/3355
f 2815/2719/3361 2811/2715/3357 2810/2714/3356
f 2815/2719/3361 2804/2708/3350 2811/2715/3357
f 2804/2708/3350 2815/2719/3361 2812/2716/3358
f 2816/2720/3362 2805/2709/3351 2813/2717/3359
f 2816/2720/3362 2806/2710/3352 2805/2709/3351
f 2806/2710/3352 2816/2720/3362 2814/2718/3360
f 2817/2721/3363 2807/2711/3353 2814/2718/3360
f 2809/2713/3355 2808/2712/3354 2818/2722/3364
f 2818/2722/3364 2810/2714/3356 2809/2713/3355
f 2810/2714/3356 2818/2722/3364 2819/2723/3365
f 2819/2723/3365 2815/2719/3361 2810/2714/3356
f 2815/2719/3361 2819/2723/3365 2820/2724/3366
f 2820/2724/3366 2812/2716/3358 2815/2719/3361
f 2812/2716/3358 2820/2724/3366 2821/2725/3367
f 2821/2725/3367 2813/2717/3359 2812/2716/3358
f 2813/2717/3359 2821/2725/3367 2816/2720/3362
f 2822/2726/3368 2814/2718/3360 2816/2720/3362
f 2814/2718/3360 2822/2726/3368 2817/2721/3363
f 2808/2712/3354 2823/2727/3369 2824/2728/3370
f 2824/2728/3370 2818/2722/3364 2808/2712/3354
f 2818/2722/3364 2824/2728/3370 2819/2723/3365
f 2816/2720/3362 2821/2725/3367 2825/2729/3371
f 2825/2729/3371 2822/2726/3368 2816/2720/3362
f 2826/2730/3372 2824/2728/3370 2823/2727/3369
f 2824/2728/3370 2826/2730/3372 2827/2731/3373
f 2827/2731/3373 2819/2723/3365 2824/2728/3370
f 2819/2723/3365 2827/2731/3373 2828/2732/3374
f 2828/2732/3374 2820/2724/3366 2819/2723/3365
f 2820/2724/3366 2828/2732/3374 2829/2733/3375
f 2829/2733/3375 2821/2725/3367 2820/2724/3366
f 2821/2725/3367 2829/2733/3375 2830/2734/3376
f 2830/2734/3376 2825/2729/3371 2821/2725/3367
f 2825/2729/3371 2831/2735/3377 2822/2726/3368
f 2823/2727/3369 2832/2736/3378 2833/2737/3379
f 2833/2737/3379 2826/2730/3372 2823/2727/3369
f 2826/2730/3372 2833/2737/3379 2834/2738/3380
f 2826/2730/3372 2834/2738/3380 2835/2739/3381
f 2835/2739/3381 2827/2731/3373 2826/2730/3372
f 2827/2731/3373 2835/2739/3381 2836/2740/3382
f 2827/2731/3373 2836/2740/3382 2837/2741/3383
f 2837/2741/3383 2828/2732/3374 2827/2731/3373
f 2828/2732/3374 2837/2741/3383 2838/2742/3384
f 2828/2732/3374 2838/2742/3384 2829/2733/3375
f 2839/2743/3385 2830/2734/3376 2829/2733/3375
f 2830/2734/3376 2839/2743/3385 2840/2744/3386
f 2840/2744/3386 2825/2729/3371 2830/2734/3376
f 2825/2729/3371 2840/2744/3386 2831/2735/3377
f 2841/2745/3387 2829/2733/3375 2838/2742/3384
f 2829/2733/3375 2841/2745/3387 2842/2746/3388
f 2829/2733/3375 2842/2746/3388 2839/2743/3385
f 2832/2736/3378 2843/2747/3389 2844/2748/3390
f 2844/2748/3390 2833/2737/3379 2832/2736/3378
f 2833/2737/3379 2844/2748/3390 2845/2749/3391
f 2845/2749/3391 2834/2738/3380 2833/2737/3379
f 2834/2738/3380 2845/2749/3391 2846/2750/3392
f 2846/2750/3392 2835/2739/3381 2834/2738/3380
f 2835/2739/3381 2846/2750/3392 2847/2751/3393
f 2847/2751/3393 2836/2740/3382 2835/2739/3381
f 2836/2740/3382 2847/2751/3393 2848/2752/3394
f 2848/2752/3394 2837/2741/3383 2836/2740/3382
f 2837/2741/3383 2848/2752/3394 2849/2753/3395
f 2849/2753/3395 2838/2742/3384 2837/2741/3383
f 2838/2742/3384 2849/2753/3395 2841/2745/3387
f 2850/2754/3396 2839/2743/3385 2842/2746/3388
f 2839/2743/3385 2850/2754/3396 2851/2755/3397
f 2839/2743/3385 2851/2755/3397 2852/2756/3398
f 2852/2756/3398 2840/2744/3386 2839/2743/3385
f 2853/2757/3399 2831/2735/3377 2840/2744/3386
f 2854/2758/3400 2841/2745/3387 2849/2753/3395
f 2854/2758/3400 2842/2746/3388 2841/2745/3387
f 2842/2746/3388 2854/2758/3400 2850/2754/3396
f 2855/2759/3401 2840/2744/3386 2852/2756/3398
f 2840/2744/3386 2855/2759/3401 2853/2757/3399
f 2843/2747/3389 2856/2760/3402 2857/2761/3403
f 2857/2761/3403 2844/2748/3390 2843/2747/3389
f 2844/2748/3390 2857/2761/3403 2858/2762/3404
f 2858/2762/3404 2845/2749/3391 2844/2748/3390
f 2845/2749/3391 2858/2762/3404 2859/2763/3405
f 2859/2763/3405 2846/2750/3392 2845/2749/3391
f 2846/2750/3392 2859/2763/3405 2860/2764/3406
f 2860/2764/3406 2847/2751/3393 2846/2750/3392
f 2847/2751/3393 2860/2764/3406 2861/2765/3407
f 2861/2765/3407 2848/2752/3394 2847/2751/3393
f 2848/2752/3394 2861/2765/3407 2862/2766/3408
f 2862/2766/3408 2849/2753/3395 2848/2752/3394
f 2849/2753/3395 2862/2766/3408 2854/2758/3400
f 2863/2767/3409 2850/2754/3396 2854/2758/3400
f 2850/2754/3396 2863/2767/3409 2864/2768/3410
f 2864/2768/3410 2851/2755/3397 2850/2754/3396
f 2851/2755/3397 2864/2768/3410 2865/2769/3411
f 2865/2769/3411 2852/2756/3398 2851/2755/3397
f 2852/2756/3398 2865/2769/3411 2855/2759/3401
f 2866/2770/3412 2853/2757/3399 2855/2759/3401
f 2867/2771/3413 2857/2761/3403 2856/2760/3402
f 2857/2761/3403 2867/2771/3413 2858/2762/3404
f 2868/2772/3414 2862/2766/3408 2861/2765/3407
f 2862/2766/3408 2868/2772/3414 2869/2773/3415
f 2869/2773/3415 2854/2758/3400 2862/2766/3408
f 2854/2758/3400 2869/2773/3415 2863/2767/3409
f 2870/2774/3416 2864/2768/3410 2863/2767/3409
f 2871/2775/3417 2866/2770/3412 2855/2759/3401
f 2856/2760/3402 2872/2776/3418 2873/2777/3419
f 2873/2777/3419 2867/2771/3413 2856/2760/3402
f 2867/2771/3413 2873/2777/3419 2874/2778/3420
f 2874/2778/3420 2858/2762/3404 2867/2771/3413
f 2858/2762/3404 2874/2778/3420 2875/2779/3421
f 2875/2779/3421 2859/2763/3405 2858/2762/3404
f 2875/2779/3421 2860/2764/3406 2859/2763/3405
f 2860/2764/3406 2875/2779/3421 2876/2780/3422
f 2876/2780/3422 2861/2765/3407 2860/2764/3406
f 2861/2765/3407 2876/2780/3422 2877/2781/3423
f 2877/2781/3423 2868/2772/3414 2861/2765/3407
f 2878/2782/3424 2863/2767/3409 2869/2773/3415
f 2863/2767/3409 2878/2782/3424 2870/2774/3416
f 2879/2783/3425 2865/2769/3411 2864/2768/3410
f 2865/2769/3411 2879/2783/3425 2855/2759/3401
f 2880/2784/3426 2873/2777/3419 2872/2776/3418
f 2873/2777/3419 2880/2784/3426 2881/2785/3427
f 2881/2785/3427 2874/2778/3420 2873/2777/3419
f 2874/2778/3420 2881/2785/3427 2875/2779/3421
f 2500/2395/2999 2868/2772/3414 2877/2781/3423
f 2500/2395/2999 2869/2773/3415 2868/2772/3414
f 2869/2773/3415 2500/2395/2999 2501/2398/3002
f 2869/2773/3415 2501/2398/3002 2878/2782/3424
f 2503/2401/3005 2870/2774/3416 2878/2782/3424
f 2503/2401/3005 2864/2768/3410 2870/2774/3416
f 2864/2768/3410 2503/2401/3005 2879/2783/3425
f 2505/2405/3009 2855/2759/3401 2879/2783/3425
f 2855/2759/3401 2505/2405/3009 2506/2407/3011
f 2506/2407/3011 2871/2775/3417 2855/2759/3401
f 2872/2776/3418 2493/2386/2990 2494/2385/2989
f 2494/2385/2989 2880/2784/3426 2872/2776/3418
f 2880/2784/3426 2494/2385/2989 2495/2387/2991
f 2495/2387/2991 2881/2785/3427 2880/2784/3426
f 2881/2785/3427 2495/2387/2991 2496/2390/2994
f 2881/2785/3427 2496/2390/2994 2497/2389/2993
f 2497/2389/2993 2875/2779/3421 2881/2785/3427
f 2875/2779/3421 2497/2389/2993 2498/2391/2995
f 2498/2391/2995 2876/2780/3422 2875/2779/3421
f 2876/2780/3422 2498/2391/2995 2499/2393/2997
f 2499/2393/2997 2877/2781/3423 2876/2780/3422
f 2877/2781/3423 2499/2393/2997 2500/2395/2999
f 2502/2399/3003 2878/2782/3424 2501/2398/3002
f 2878/2782/3424 2502/2399/3003 2503/2401/3005
f 2504/2403/3007 2879/2783/3425 2503/2401/3005
f 2879/2783/3425 2504/2403/3007 2505/2405/3009
f 2506/2407/3011 2516/2406/3010 2882/2786/3428
f 2891/2787/3429 3030/2788/3430 2883/2789/3431
f 3030/2788/3430 2891/2787/3429 2884/2790/3432
f 2888/2791/3433 2885/2792/3434 2884/2790/3432
f 2885/2792/3434 2888/2791/3433 2889/2793/3435
f 2889/2793/3435 2886/2794/3436 2885/2792/3434
f 2886/2794/3436 2889/2793/3435 2890/2795/3437
f 2890/2795/3437 2887/2796/3438 2886/2794/3436
f 2883/2789/3431 2882/2786/3428 2891/2787/3429
f 2884/2790/3432 2891/2787/3429 2892/2797/3439
f 2884/2790/3432 2892/2797/3439 2888/2791/3433
f 2893/2798/3440 2890/2795/3437 2889/2793/3435
f 2516/2406/3010 2533/2424/3028 2894/2799/3441
f 2894/2799/3441 2882/2786/3428 2516/2406/3010
f 2882/2786/3428 2894/2799/3441 2891/2787/3429
f 2895/2800/3442 2888/2791/3433 2892/2797/3439
f 2888/2791/3433 2895/2800/3442 2896/2801/3443
f 2896/2801/3443 2889/2793/3435 2888/2791/3433
f 2889/2793/3435 2896/2801/3443 2897/2802/3444
f 2897/2802/3444 2893/2798/3440 2889/2793/3435
f 2898/2803/3445 2891/2787/3429 2894/2799/3441
f 2891/2787/3429 2898/2803/3445 2899/2804/3446
f 2899/2804/3446 2892/2797/3439 2891/2787/3429
f 2899/2804/3446 2895/2800/3442 2892/2797/3439
f 2547/2438/3042 2894/2799/3441 2533/2424/3028
f 2894/2799/3441 2547/2438/3042 2900/2805/3447
f 2894/2799/3441 2900/2805/3447 2901/2806/3448
f 2901/2806/3448 2898/2803/3445 2894/2799/3441
f 2902/2807/3449 2895/2800/3442 2899/2804/3446
f 2895/2800/3442 2902/2807/3449 2903/2808/3450
f 2903/2808/3450 2896/2801/3443 2895/2800/3442
f 2896/2801/3443 2903/2808/3450 2904/2809/3451
f 2904/2809/3451 2897/2802/3444 2896/2801/3443
f 2547/2438/3042 2552/2443/3047 2900/2805/3447
f 2899/2804/3446 2898/2803/3445 2905/2810/3452
f 2905/2810/3452 2902/2807/3449 2899/2804/3446
f 2906/2811/3453 2903/2808/3450 2902/2807/3449
f 2910/2812/3454 2898/2803/3445 2901/2806/3448
f 2907/2813/3455 2902/2807/3449 2905/2810/3452
f 2902/2807/3449 2907/2813/3455 2906/2811/3453
f 2903/2808/3450 2906/2811/3453 2908/2814/3456
f 2908/2814/3456 2904/2809/3451 2903/2808/3450
f 2566/2457/3061 2900/2805/3447 2552/2443/3047
f 2900/2805/3447 2566/2457/3061 2909/2815/3457
f 2909/2815/3457 2901/2806/3448 2900/2805/3447
f 2901/2806/3448 2909/2815/3457 2910/2812/3454
f 2911/2816/3458 2898/2803/3445 2910/2812/3454
f 2898/2803/3445 2911/2816/3458 2905/2810/3452
f 2912/2817/3459 2906/2811/3453 2907/2813/3455
f 2913/2818/3460 2905/2810/3452 2911/2816/3458
f 2913/2818/3460 2907/2813/3455 2905/2810/3452
f 2907/2813/3455 2913/2818/3460 2914/2819/3461
f 2907/2813/3455 2914/2819/3461 2912/2817/3459
f 2906/2811/3453 2912/2817/3459 2915/2820/3462
f 2915/2820/3462 2908/2814/3456 2906/2811/3453
f 2566/2457/3061 2577/2466/3070 2909/2815/3457
f 2916/2821/3463 2909/2815/3457 2577/2466/3070
f 2909/2815/3457 2916/2821/3463 2910/2812/3454
f 2913/2818/3460 2911/2816/3458 2917/2822/3464
f 2913/2818/3460 2917/2822/3464 2918/2823/3465
f 2918/2823/3465 2914/2819/3461 2913/2818/3460
f 2915/2820/3462 2912/2817/3459 2914/2819/3461
f 2584/2483/3087 2916/2821/3463 2577/2466/3070
f 2919/2824/3466 2910/2812/3454 2916/2821/3463
f 2926/2825/3467 2911/2816/3458 2910/2812/3454
f 2914/2819/3461 2918/2823/3465 2915/2820/3462
f 2922/2826/3468 2916/2821/3463 2584/2483/3087
f 2916/2821/3463 2922/2826/3468 2919/2824/3466
f 2920/2827/3469 2918/2823/3465 2917/2822/3464
f 2921/2828/3470 2915/2820/3462 2918/2823/3465
f 2922/2826/3468 2584/2483/3087 2592/2482/3086
f 2923/2829/3471 2919/2824/3466 2922/2826/3468
f 2926/2825/3467 2910/2812/3454 2919/2824/3466
f 2924/2830/3472 2911/2816/3458 2926/2825/3467
f 2911/2816/3458 2924/2830/3472 2917/2822/3464
f 2918/2823/3465 2920/2827/3469 2921/2828/3470
f 2592/2482/3086 2605/2496/3100 2925/2831/3473
f 2925/2831/3473 2922/2826/3468 2592/2482/3086
f 2922/2826/3468 2925/2831/3473 2923/2829/3471
f 2919/2824/3466 2923/2829/3471 2926/2825/3467
f 2917/2822/3464 2924/2830/3472 2927/2832/3474
f 2927/2832/3474 2920/2827/3469 2917/2822/3464
f 2929/2833/3475 2921/2828/3470 2920/2827/3469
f 2928/2834/3476 2923/2829/3471 2925/2831/3473
f 2926/2825/3467 2936/2835/3477 2924/2830/3472
f 2929/2833/3475 2920/2827/3469 2927/2832/3474
f 2623/2514/3118 2925/2831/3473 2605/2496/3100
f 2925/2831/3473 2623/2514/3118 2928/2834/3476
f 2923/2829/3471 2928/2834/3476 2933/2836/3478
f 2933/2836/3478 2926/2825/3467 2923/2829/3471
f 2924/2830/3472 2930/2837/3479 2931/2838/3480
f 2931/2838/3480 2927/2832/3474 2924/2830/3472
f 2927/2832/3474 2931/2838/3480 2929/2833/3475
f 2932/2839/3481 2921/2828/3470 2929/2833/3475
f 2933/2836/3478 2928/2834/3476 2623/2514/3118
f 2936/2835/3477 2926/2825/3467 2933/2836/3478
f 2924/2830/3472 2936/2835/3477 2930/2837/3479
f 2929/2833/3475 2931/2838/3480 2932/2839/3481
f 2623/2514/3118 2633/2524/3128 2934/2840/3482
f 2934/2840/3482 2933/2836/3478 2623/2514/3118
f 2933/2836/3478 2934/2840/3482 2935/2841/3483
f 2933/2836/3478 2935/2841/3483 2936/2835/3477
f 2937/2842/3484 2932/2839/3481 2931/2838/3480
f 2633/2524/3128 2650/2541/3145 2934/2840/3482
f 2936/2835/3477 2935/2841/3483 2941/2843/3485
f 2938/2844/3486 2931/2838/3480 2930/2837/3479
f 2938/2844/3486 2937/2842/3484 2931/2838/3480
f 2650/2541/3145 2939/2845/3487 2940/2846/3488
f 2940/2846/3488 2934/2840/3482 2650/2541/3145
f 2934/2840/3482 2940/2846/3488 2941/2843/3485
f 2941/2843/3485 2935/2841/3483 2934/2840/3482
f 2945/2847/3489 2930/2837/3479 2936/2835/3477
f 2930/2837/3479 2945/2847/3489 2942/2848/3490
f 2930/2837/3479 2942/2848/3490 2938/2844/3486
f 2943/2849/3491 2937/2842/3484 2938/2844/3486
f 2650/2541/3145 2669/2560/3164 2939/2845/3487
f 2944/2850/3492 2941/2843/3485 2940/2846/3488
f 2941/2843/3485 2944/2850/3492 2945/2847/3489
f 2945/2847/3489 2936/2835/3477 2941/2843/3485
f 2946/2851/3493 2943/2849/3491 2938/2844/3486
f 2939/2845/3487 2669/2560/3164 2947/2852/3494
f 2947/2852/3494 2940/2846/3488 2939/2845/3487
f 2940/2846/3488 2947/2852/3494 2944/2850/3492
f 2948/2853/3495 2946/2851/3493 2938/2844/3486
f 2949/2854/3496 2944/2850/3492 2947/2852/3494
f 2949/2854/3496 2945/2847/3489 2944/2850/3492
f 2953/2855/3497 2938/2844/3486 2942/2848/3490
f 2938/2844/3486 2953/2855/3497 2950/2856/3498
f 2950/2856/3498 2948/2853/3495 2938/2844/3486
f 2669/2560/3164 2687/2578/3182 2951/2857/3499
f 2951/2857/3499 2947/2852/3494 2669/2560/3164
f 2951/2857/3499 2949/2854/3496 2947/2852/3494
f 2949/2854/3496 2951/2857/3499 2952/2858/3500
f 2952/2858/3500 2945/2847/3489 2949/2854/3496
f 2945/2847/3489 2952/2858/3500 2953/2855/3497
f 2953/2855/3497 2942/2848/3490 2945/2847/3489
f 2954/1848/3501 2950/2856/3498 2953/2855/3497
f 4976/2103/3502 2721/2078/3265 2955/2859/3503
f 2955/2859/3504 4977/1451/3504 4978/2103/3504
f 4979/1451/3505 2955/2859/3503 2956/2860/3506
f 2956/2860/3507 4980/2861/3507 4981/1451/3507
f 4982/2861/3508 2956/2860/3506 2957/2862/3509
f 2957/2862/3510 4983/2863/3510 4984/2861/3510
f 4985/2863/3511 2957/2862/3509 2958/2864/3512
f 2958/2864/3513 4986/2865/3513 4987/2863/3513
f 4988/2865/3514 2958/2864/3512 2959/2077/3515
f 2959/2077/3516 4989/2102/3516 4990/2865/3516
f 4991/2102/3517 2959/2077/3515 2960/2866/3518
f 2960/2866/3519 4992/2867/3519 4993/2102/3519
f 4994/2867/3520 2960/2866/3518 2961/2868/3521
f 2961/2868/3522 4995/1450/3522 4996/2867/3522
f 4997/1450/3523 2961/2868/3521 2962/2869/3524
f 2962/2869/3525 4998/2870/3525 4999/1450/3525
f 5000/2870/3526 2962/2869/3524 2963/2871/3527
f 2963/2871/3528 5001/2872/3528 5002/2870/3528
f 5003/2872/3529 2963/2871/3527 2964/2076/3530
f 2964/2076/3531 5004/2101/3531 5005/2872/3531
f 5006/2101/3532 2964/2076/3530 2965/2873/3533
f 2965/2873/3534 5007/2874/3534 5008/2101/3534
f 5009/2874/3535 2965/2873/3533 2966/2875/3536
f 2966/2875/3537 5010/2876/3537 5011/2874/3537
f 5012/2876/3538 2966/2875/3536 2967/2877/3539
f 2967/2877/3540 5013/1449/3540 5014/2876/3540
f 5015/1449/3541 2967/2877/3539 2968/2878/3542
f 2968/2878/3543 5016/2879/3543 5017/1449/3543
f 5018/2879/3544 2968/2878/3542 2969/2075/3545
f 2969/2075/3546 5019/2100/3546 5020/2879/3546
f 5021/2100/3547 2969/2075/3545 2970/2880/3548
f 2970/2880/3549 5022/2881/3549 5023/2100/3549
f 5024/2881/3550 2970/2880/3548 2971/2882/3551
f 2971/2882/3552 5025/2883/3552 5026/2881/3552
f 5027/2883/3553 2971/2882/3551 2972/2884/3554
f 2972/2884/3555 5028/2885/3555 5029/2883/3555
f 5030/2885/3556 2972/2884/3554 2973/2886/3557
f 2973/2886/3558 5031/1448/3558 5032/2885/3558
f 5033/1448/3559 2973/2886/3557 2974/2074/3560
f 2974/2074/3561 5034/2099/3561 5035/1448/3561
f 5036/2099/3562 2974/2074/3560 2975/2887/3563
f 2975/2887/3564 5037/2888/3564 5038/2099/3564
f 5039/2888/3565 2975/2887/3563 2976/2889/3566
f 2976/2889/3567 5040/2890/3567 5041/2888/3567
f 5042/2890/3568 2976/2889/3566 2977/2891/3569
f 2977/2891/3570 5043/2892/3570 5044/2890/3570
f 5045/2892/3571 2977/2891/3569 2978/2893/3572
f 2978/2893/3573 5046/2894/3573 5047/2892/3573
f 5048/2894/3574 2978/2893/3572 2979/2073/3575
f 2979/2073/3576 5049/1002/3576 5050/2894/3576
f 2738/2641/3283 2955/2859/3503 2721/2078/3265
f 2738/2641/3283 2956/2860/3506 2955/2859/3503
f 2738/2641/3283 2957/2862/3509 2956/2860/3506
f 2738/2641/3283 2958/2864/3512 2957/2862/3509
f 2958/2864/3512 2738/2641/3283 2980/2895/3577
f 2980/2895/3577 2959/2077/3515 2958/2864/3512
f 2980/2895/3577 2960/2866/3518 2959/2077/3515
f 2980/2895/3577 2961/2868/3521 2960/2866/3518
f 2980/2895/3577 2962/2869/3524 2961/2868/3521
f 2962/2869/3524 2980/2895/3577 2981/2896/3578
f 2981/2896/3578 2963/2871/3527 2962/2869/3524
f 2981/2896/3578 2964/2076/3530 2963/2871/3527
f 2964/2076/3530 2981/2896/3578 2982/2897/3579
f 2982/2897/3579 2965/2873/3533 2964/2076/3530
f 2982/2897/3579 2966/2875/3536 2965/2873/3533
f 2982/2897/3579 2967/2877/3539 2966/2875/3536
f 2967/2877/3539 2982/2897/3579 2968/2878/3542
f 2969/2075/3545 2968/2878/3542 2983/2898/3580
f 2983/2898/3580 2970/2880/3548 2969/2075/3545
f 2983/2898/3580 2971/2882/3551 2970/2880/3548
f 2971/2882/3551 2983/2898/3580 2984/2899/3581
f 2984/2899/3581 2972/2884/3554 2971/2882/3551
f 2984/2899/3581 2973/2886/3557 2972/2884/3554
f 2984/2899/3581 2974/2074/3560 2973/2886/3557
f 2984/2899/3581 2975/2887/3563 2974/2074/3560
f 2984/2899/3581 2976/2889/3566 2975/2887/3563
f 2984/2899/3581 2977/2891/3569 2976/2889/3566
f 2977/2891/3569 2984/2899/3581 2985/2900/3582
f 2985/2900/3582 2978/2893/3572 2977/2891/3569
f 2985/2900/3582 2979/2073/3575 2978/2893/3572
f 2989/2901/3583 2968/2878/3542 2982/2897/3579
f 2968/2878/3542 2989/2901/3583 2983/2898/3580
f 2985/2900/3582 2984/2899/3581 2986/2902/3584
f 2738/2641/3283 2755/2658/3300 2987/2903/3585
f 2987/2903/3585 2980/2895/3577 2738/2641/3283
f 2980/2895/3577 2987/2903/3585 2988/2904/3586
f 2988/2904/3586 2981/2896/3578 2980/2895/3577
f 2981/2896/3578 2988/2904/3586 2989/2901/3583
f 2989/2901/3583 2982/2897/3579 2981/2896/3578
f 2990/2905/3587 2983/2898/3580 2989/2901/3583
f 2991/2906/3588 2984/2899/3581 2983/2898/3580
f 2984/2899/3581 2991/2906/3588 2992/2907/3589
f 2992/2907/3589 2986/2902/3584 2984/2899/3581
f 2983/2898/3580 2990/2905/3587 2991/2906/3588
f 2773/2676/3318 2987/2903/3585 2755/2658/3300
f 2987/2903/3585 2773/2676/3318 2993/2908/3590
f 2993/2908/3590 2988/2904/3586 2987/2903/3585
f 2988/2904/3586 2993/2908/3590 2989/2901/3583
f 2994/2909/3591 2992/2907/3589 2991/2906/3588
f 2773/2676/3318 2995/2910/3592 2993/2908/3590
f 2996/2911/3593 2989/2901/3583 2993/2908/3590
f 2997/2912/3594 2989/2901/3583 2996/2911/3593
f 2997/2912/3594 2990/2905/3587 2989/2901/3583
f 2773/2676/3318 2789/2692/3334 2995/2910/3592
f 2998/2913/3595 2993/2908/3590 2995/2910/3592
f 2993/2908/3590 2998/2913/3595 2996/2911/3593
f 2999/2914/3596 2990/2905/3587 2997/2912/3594
f 3000/2915/3597 2991/2906/3588 2990/2905/3587
f 2991/2906/3588 3000/2915/3597 3001/2916/3598
f 3001/2916/3598 2994/2909/3591 2991/2906/3588
f 3002/2706/3348 2995/2910/3592 2789/2692/3334
f 2995/2910/3592 3002/2706/3348 2998/2913/3595
f 3003/2917/3599 2996/2911/3593 2998/2913/3595
f 2990/2905/3587 2999/2914/3596 3000/2915/3597
f 3007/2918/3600 2996/2911/3593 3003/2917/3599
f 2996/2911/3593 3007/2918/3600 2997/2912/3594
f 3000/2915/3597 2999/2914/3596 3004/2919/3601
f 3004/2919/3601 3001/2916/3598 3000/2915/3597
f 3001/2916/3598 3004/2919/3601 3005/2920/3602
f 3002/2706/3348 2807/2711/3353 3006/2921/3603
f 3006/2921/3603 2998/2913/3595 3002/2706/3348
f 2998/2913/3595 3006/2921/3603 3003/2917/3599
f 3008/2922/3604 3003/2917/3599 3006/2921/3603
f 3003/2917/3599 3008/2922/3604 3007/2918/3600
f 3009/2923/3605 3005/2920/3602 3004/2919/3601
f 2807/2711/3353 2817/2721/3363 3010/2924/3606
f 3010/2924/3606 3006/2921/3603 2807/2711/3353
f 3006/2921/3603 3010/2924/3606 3008/2922/3604
f 3011/2925/3607 2997/2912/3594 3007/2918/3600
f 2997/2912/3594 3011/2925/3607 3012/2926/3608
f 3012/2926/3608 2999/2914/3596 2997/2912/3594
f 2999/2914/3596 3012/2926/3608 3013/2927/3609
f 3013/2927/3609 3004/2919/3601 2999/2914/3596
f 3004/2919/3601 3013/2927/3609 3009/2923/3605
f 3015/2928/3610 3007/2918/3600 3008/2922/3604
f 3007/2918/3600 3015/2928/3610 3011/2925/3607
f 2817/2721/3363 2822/2726/3368 3014/2929/3611
f 3014/2929/3611 3010/2924/3606 2817/2721/3363
f 3014/2929/3611 3008/2922/3604 3010/2924/3606
f 3008/2922/3604 3014/2929/3611 3015/2928/3610
f 3016/2930/3612 3012/2926/3608 3011/2925/3607
f 3012/2926/3608 3016/2930/3612 3017/2931/3613
f 3017/2931/3613 3013/2927/3609 3012/2926/3608
f 3013/2927/3609 3017/2931/3613 3009/2923/3605
f 3018/2932/3614 3009/2923/3605 3017/2931/3613
f 2831/2735/3377 3014/2929/3611 2822/2726/3368
f 3019/2933/3615 3015/2928/3610 3014/2929/3611
f 3020/2934/3616 3011/2925/3607 3015/2928/3610
f 3011/2925/3607 3020/2934/3616 3021/2935/3617
f 3021/2935/3617 3016/2930/3612 3011/2925/3607
f 3016/2930/3612 3021/2935/3617 3022/2936/3618
f 3022/2936/3618 3017/2931/3613 3016/2930/3612
f 3017/2931/3613 3022/2936/3618 3018/2932/3614
f 3023/2937/3619 3014/2929/3611 2831/2735/3377
f 3014/2929/3611 3023/2937/3619 3019/2933/3615
f 3015/2928/3610 3019/2933/3615 3024/2938/3620
f 3015/2928/3610 3024/2938/3620 3020/2934/3616
f 3025/2939/3621 3018/2932/3614 3022/2936/3618
f 2831/2735/3377 2853/2757/3399 3023/2937/3619
f 3026/2940/3622 3021/2935/3617 3020/2934/3616
f 3021/2935/3617 3026/2940/3622 3027/2941/3623
f 3027/2941/3623 3022/2936/3618 3021/2935/3617
f 3022/2936/3618 3027/2941/3623 3025/2939/3621
f 3028/2942/3624 3023/2937/3619 2853/2757/3399
f 3023/2937/3619 3028/2942/3624 3019/2933/3615
f 3020/2934/3616 3024/2938/3620 3026/2940/3622
f 3029/2943/3625 3025/2939/3621 3027/2941/3623
f 2853/2757/3399 2866/2770/3412 3028/2942/3624
f 3030/2788/3430 3019/2933/3615 3028/2942/3624
f 3024/2938/3620 3031/2944/3626 3032/2945/3627
f 3032/2945/3627 3026/2940/3622 3024/2938/3620
f 3026/2940/3622 3032/2945/3627 3033/2946/3628
f 3033/2946/3628 3027/2941/3623 3026/2940/3622
f 3027/2941/3623 3033/2946/3628 3029/2943/3625
f 3028/2942/3624 2866/2770/3412 3030/2788/3430
f 3030/2788/3430 3024/2938/3620 3019/2933/3615
f 3024/2938/3620 3030/2788/3430 3031/2944/3626
f 3034/2947/3629 3029/2943/3625 3033/2946/3628
f 3035/2948/3630 2866/2770/3412 2871/2775/3417
f 3035/2948/3630 3030/2788/3430 2866/2770/3412
f 3036/2949/3631 3031/2944/3626 3030/2788/3430
f 3031/2944/3626 3036/2949/3631 3037/2950/3632
f 3037/2950/3632 3032/2945/3627 3031/2944/3626
f 3032/2945/3627 3037/2950/3632 3038/2951/3633
f 3038/2951/3633 3033/2946/3628 3032/2945/3627
f 3033/2946/3628 3038/2951/3633 3039/2952/3634
f 3039/2952/3634 3034/2947/3629 3033/2946/3628
f 2871/2775/3417 2506/2407/3011 3035/2948/3630
f 2883/2789/3431 3030/2788/3430 3035/2948/3630
f 3040/2953/3635 3039/2952/3634 3038/2951/3633
f 3035/2948/3630 2506/2407/3011 2882/2786/3428
f 3035/2948/3630 2882/2786/3428 2883/2789/3431
f 2884/2790/3432 3036/2949/3631 3030/2788/3430
f 3036/2949/3631 2884/2790/3432 2885/2792/3434
f 2885/2792/3434 3037/2950/3632 3036/2949/3631
f 3037/2950/3632 2885/2792/3434 2886/2794/3436
f 2886/2794/3436 3038/2951/3633 3037/2950/3632
f 3038/2951/3633 2886/2794/3436 2887/2796/3438
f 2887/2796/3438 3040/2953/3635 3038/2951/3633
f 3041/2954/3636 3053/2955/3637 3042/2956/3638
f 3054/2957/3639 3048/2958/3640 3047/2959/3641
f 3055/2960/3642 3053/2955/3637 5052/2856/3643
f 3053/2955/3637 3055/2960/3642 3056/2961/3644
f 3056/2961/3644 3042/2956/3638 3053/2955/3637
f 3042/2956/3638 3056/2961/3644 3057/2962/3645
f 3057/2962/3645 3043/2963/3646 3042/2956/3638
f 3043/2963/3646 3057/2962/3645 3058/2964/3647
f 3043/2963/3646 3058/2964/3647 3059/2965/3648
f 3059/2965/3648 3044/2966/3649 3043/2963/3646
f 3044/2966/3649 3059/2965/3648 3060/2967/3650
f 3060/2967/3650 3045/2968/3651 3044/2966/3649
f 3045/2968/3651 3060/2967/3650 3061/2969/3652
f 3061/2969/3652 3046/2970/3653 3045/2968/3651
f 3046/2970/3653 3061/2969/3652 3062/2971/3654
f 3062/2971/3654 3047/2959/3641 3046/2970/3653
f 3047/2959/3641 3062/2971/3654 3054/2957/3639
f 3063/2972/3655 3048/2958/3640 3054/2957/3639
f 3048/2958/3640 3063/2972/3655 3049/2973/3656
f 3064/2974/3657 3050/2975/3658 3049/2973/3656
f 3050/2975/3658 3064/2974/3657 3065/2976/3659
f 3050/2975/3658 3065/2976/3659 3066/2977/3660
f 3066/2977/3660 3051/2978/3661 3050/2975/3658
f 3051/2978/3661 3066/2977/3660 3067/2979/3662
f 3067/2979/3662 3052/2980/3663 3051/2978/3661
f 3068/2981/3664 3055/2960/3642 5054/2853/3665
f 3055/2960/3642 3068/2981/3664 3056/2961/3644
f 3069/2982/3666 3068/2981/3664 5056/2851/3667
f 3068/2981/3664 3069/2982/3666 3056/2961/3644
f 3070/2983/3668 3060/2967/3650 3059/2965/3648
f 3060/2967/3650 3070/2983/3668 3071/2984/3669
f 3060/2967/3650 3071/2984/3669 3072/2985/3670
f 3072/2985/3670 3061/2969/3652 3060/2967/3650
f 3061/2969/3652 3072/2985/3670 3073/2986/3671
f 3073/2986/3671 3062/2971/3654 3061/2969/3652
f 3062/2971/3654 3073/2986/3671 3074/2987/3672
f 3074/2987/3672 3054/2957/3639 3062/2971/3654
f 3054/2957/3639 3074/2987/3672 3075/2988/3673
f 3075/2988/3673 3063/2972/3655 3054/2957/3639
f 3063/2972/3655 3075/2988/3673 3076/2989/3674
f 3076/2989/3674 3049/2973/3656 3063/2972/3655
f 3049/2973/3656 3076/2989/3674 3064/2974/3657
f 3077/2990/3675 3067/2979/3662 3066/2977/3660
f 3078/2991/3676 3069/2982/3666 5058/2849/3677
f 3069/2982/3666 3078/2991/3676 3056/2961/3644
f 3079/2992/3678 3078/2991/3676 5060/2993/3679
f 3078/2991/3676 3079/2992/3678 3056/2961/3644
f 3080/2994/3680 3059/2965/3648 3058/2964/3647
f 3059/2965/3648 3080/2994/3680 3070/2983/3668
f 3081/2995/3681 3077/2990/3675 3066/2977/3660
f 3082/2996/3682 3079/2992/3678 5062/2997/3683
f 3079/2992/3678 3082/2996/3682 3056/2961/3644
f 3083/2998/3684 3082/2996/3682 5064/2999/3685
f 3082/2996/3682 3083/2998/3684 3056/2961/3644
f 3084/3000/3686 3070/2983/3668 3080/2994/3680
f 3070/2983/3668 3084/3000/3686 3085/3001/3687
f 3085/3001/3687 3071/2984/3669 3070/2983/3668
f 3071/2984/3669 3085/3001/3687 3086/3002/3688
f 3086/3002/3688 3072/2985/3670 3071/2984/3669
f 3072/2985/3670 3086/3002/3688 3087/3003/3689
f 3087/3003/3689 3073/2986/3671 3072/2985/3670
f 3073/2986/3671 3087/3003/3689 3088/3004/3690
f 3088/3004/3690 3074/2987/3672 3073/2986/3671
f 3074/2987/3672 3088/3004/3690 3089/3005/3691
f 3089/3005/3691 3075/2988/3673 3074/2987/3672
f 3075/2988/3673 3089/3005/3691 3090/3006/3692
f 3090/3006/3692 3076/2989/3674 3075/2988/3673
f 3076/2989/3674 3090/3006/3692 3091/3007/3693
f 3091/3007/3693 3064/2974/3657 3076/2989/3674
f 3064/2974/3657 3091/3007/3693 3092/3008/3694
f 3092/3008/3694 3065/2976/3659 3064/2974/3657
f 3065/2976/3659 3092/3008/3694 3093/3009/3695
f 3093/3009/3695 3066/2977/3660 3065/2976/3659
f 3066/2977/3660 3093/3009/3695 3094/3010/3696
f 3094/3010/3696 3081/2995/3681 3066/2977/3660
f 3095/3011/3697 3083/2998/3684 5066/3012/3698
f 3083/2998/3684 3095/3011/3697 3056/2961/3644
f 3096/3013/3699 3095/3011/3697 5068/3014/3700
f 3095/3011/3697 3096/3013/3699 3056/2961/3644
f 3097/3015/3701 3057/2962/3645 3056/2961/3644
f 3057/2962/3645 3097/3015/3701 3098/3016/3702
f 3098/3016/3702 3058/2964/3647 3057/2962/3645
f 3058/2964/3647 3098/3016/3702 3099/3017/3703
f 3099/3017/3703 3080/2994/3680 3058/2964/3647
f 3080/2994/3680 3099/3017/3703 3084/3000/3686
f 3100/3018/3704 3094/3010/3696 3093/3009/3695
f 3101/3019/3705 3096/3013/3699 5070/3020/3706
f 3096/3013/3699 3101/3019/3705 3056/2961/3644
f 3102/3021/3707 3101/3019/3705 5072/3022/3708
f 3101/3019/3705 3102/3021/3707 3056/2961/3644
f 3103/3023/3709 3084/3000/3686 3099/3017/3703
f 3084/3000/3686 3103/3023/3709 3104/3024/3710
f 3104/3024/3710 3085/3001/3687 3084/3000/3686
f 3085/3001/3687 3104/3024/3710 3105/3025/3711
f 3105/3025/3711 3086/3002/3688 3085/3001/3687
f 3086/3002/3688 3105/3025/3711 3106/3026/3712
f 3106/3026/3712 3087/3003/3689 3086/3002/3688
f 3087/3003/3689 3106/3026/3712 3107/3027/3713
f 3107/3027/3713 3088/3004/3690 3087/3003/3689
f 3088/3004/3690 3107/3027/3713 3108/3028/3714
f 3108/3028/3714 3089/3005/3691 3088/3004/3690
f 3089/3005/3691 3108/3028/3714 3109/3029/3715
f 3109/3029/3715 3090/3006/3692 3089/3005/3691
f 3090/3006/3692 3109/3029/3715 3091/3007/3693
f 3110/3030/3716 3102/3021/3707 5074/3031/3717
f 3102/3021/3707 3110/3030/3716 3056/2961/3644
f 3111/3032/3718 3110/3030/3716 5076/3033/3719
f 3110/3030/3716 3111/3032/3718 3056/2961/3644
f 3112/3034/3720 3099/3017/3703 3098/3016/3702
f 3099/3017/3703 3112/3034/3720 3103/3023/3709
f 3113/3035/3721 3100/3018/3704 3093/3009/3695
f 3114/3036/3722 3111/3032/3718 5078/3037/3723
f 3111/3032/3718 3114/3036/3722 3056/2961/3644
f 3115/3038/3724 3114/3036/3722 5080/3039/3725
f 3114/3036/3722 3115/3038/3724 3056/2961/3644
f 3116/3040/3726 3103/3023/3709 3112/3034/3720
f 3103/3023/3709 3116/3040/3726 3117/3041/3727
f 3117/3041/3727 3104/3024/3710 3103/3023/3709
f 3104/3024/3710 3117/3041/3727 3118/3042/3728
f 3118/3042/3728 3105/3025/3711 3104/3024/3710
f 3105/3025/3711 3118/3042/3728 3119/3043/3729
f 3119/3043/3729 3106/3026/3712 3105/3025/3711
f 3106/3026/3712 3119/3043/3729 3120/3044/3730
f 3120/3044/3730 3107/3027/3713 3106/3026/3712
f 3107/3027/3713 3120/3044/3730 3121/3045/3731
f 3121/3045/3731 3108/3028/3714 3107/3027/3713
f 3108/3028/3714 3121/3045/3731 3122/3046/3732
f 3122/3046/3732 3109/3029/3715 3108/3028/3714
f 3109/3029/3715 3122/3046/3732 3123/3047/3733
f 3123/3047/3733 3091/3007/3693 3109/3029/3715
f 3091/3007/3693 3123/3047/3733 3124/3048/3734
f 3124/3048/3734 3092/3008/3694 3091/3007/3693
f 3092/3008/3694 3124/3048/3734 3125/3049/3735
f 3125/3049/3735 3093/3009/3695 3092/3008/3694
f 3093/3009/3695 3125/3049/3735 3113/3035/3721
f 3126/3050/3736 3115/3038/3724 5082/3051/3737
f 3115/3038/3724 3126/3050/3736 3056/2961/3644
f 3127/3052/3738 3126/3050/3736 5084/3053/3739
f 3126/3050/3736 3127/3052/3738 3128/3054/3740
f 3128/3054/3740 3056/2961/3644 3126/3050/3736
f 3056/2961/3644 3128/3054/3740 3129/3055/3741
f 3129/3055/3741 3097/3015/3701 3056/2961/3644
f 3097/3015/3701 3129/3055/3741 3130/3056/3742
f 3097/3015/3701 3130/3056/3742 3131/3057/3743
f 3131/3057/3743 3098/3016/3702 3097/3015/3701
f 3131/3057/3743 3112/3034/3720 3098/3016/3702
f 3112/3034/3720 3131/3057/3743 3116/3040/3726
f 3132/3058/3744 3113/3035/3721 3125/3049/3735
f 3133/3059/3745 3127/3052/3738 5086/3060/3746
f 3127/3052/3738 3133/3059/3745 3128/3054/3740
f 3134/3061/3747 3133/3059/3745 5088/3062/3748
f 3133/3059/3745 3134/3061/3747 3128/3054/3740
f 3135/3063/3749 3116/3040/3726 3131/3057/3743
f 3116/3040/3726 3135/3063/3749 3136/3064/3750
f 3136/3064/3750 3117/3041/3727 3116/3040/3726
f 3117/3041/3727 3136/3064/3750 3137/3065/3751
f 3137/3065/3751 3118/3042/3728 3117/3041/3727
f 3118/3042/3728 3137/3065/3751 3138/3066/3752
f 3138/3066/3752 3119/3043/3729 3118/3042/3728
f 3119/3043/3729 3138/3066/3752 3139/3067/3753
f 3139/3067/3753 3120/3044/3730 3119/3043/3729
f 3120/3044/3730 3139/3067/3753 3140/3068/3754
f 3140/3068/3754 3121/3045/3731 3120/3044/3730
f 3121/3045/3731 3140/3068/3754 3141/3069/3755
f 3141/3069/3755 3122/3046/3732 3121/3045/3731
f 3122/3046/3732 3141/3069/3755 3142/3070/3756
f 3142/3070/3756 3123/3047/3733 3122/3046/3732
f 3123/3047/3733 3142/3070/3756 3124/3048/3734
f 3143/3071/3757 3132/3058/3744 3125/3049/3735
f 3144/3072/3758 3134/3061/3747 5090/3073/3759
f 3134/3061/3747 3144/3072/3758 3128/3054/3740
f 3145/3074/3760 3144/3072/3758 5092/3075/3761
f 3144/3072/3758 3145/3074/3760 3128/3054/3740
f 3146/3076/3762 3131/3057/3743 3130/3056/3742
f 3131/3057/3743 3146/3076/3762 3147/3077/3763
f 3131/3057/3743 3147/3077/3763 3135/3063/3749
f 3148/3078/3764 3143/3071/3757 3125/3049/3735
f 3149/3079/3765 3145/3074/3760 5094/3080/3766
f 3145/3074/3760 3149/3079/3765 3128/3054/3740
f 3150/3081/3767 3149/3079/3765 5096/2798/3768
f 3149/3079/3765 3150/3081/3767 3128/3054/3740
f 3151/3082/3769 3137/3065/3751 3136/3064/3750
f 3137/3065/3751 3151/3082/3769 3152/3083/3770
f 3152/3083/3770 3138/3066/3752 3137/3065/3751
f 3138/3066/3752 3152/3083/3770 3153/3084/3771
f 3153/3084/3771 3139/3067/3753 3138/3066/3752
f 3139/3067/3753 3153/3084/3771 3140/3068/3754
f 3154/3085/3772 3141/3069/3755 3140/3068/3754
f 3141/3069/3755 3154/3085/3772 3155/3086/3773
f 3155/3086/3773 3142/3070/3756 3141/3069/3755
f 3142/3070/3756 3155/3086/3773 3156/3087/3774
f 3142/3070/3756 3156/3087/3774 3157/3088/3775
f 3157/3088/3775 3124/3048/3734 3142/3070/3756
f 3124/3048/3734 3157/3088/3775 3158/3089/3776
f 3158/3089/3776 3125/3049/3735 3124/3048/3734
f 3125/3049/3735 3158/3089/3776 3159/3090/3777
f 3159/3090/3777 3148/3078/3764 3125/3049/3735
f 3160/3091/3778 3150/3081/3767 5098/2795/3779
f 3150/3081/3767 3160/3091/3778 3128/3054/3740
f 3161/3092/3780 3135/3063/3749 3147/3077/3763
f 3135/3063/3749 3161/3092/3780 3162/3093/3781
f 3162/3093/3781 3136/3064/3750 3135/3063/3749
f 3136/3064/3750 3162/3093/3781 3151/3082/3769
f 3163/3094/3782 3140/3068/3754 3153/3084/3771
f 3140/3068/3754 3163/3094/3782 3154/3085/3772
f 3164/3095/3783 3160/3091/3778 5100/2796/3784
f 3160/3091/3778 3164/3095/3783 3128/3054/3740
f 3165/3096/3785 3151/3082/3769 3162/3093/3781
f 3151/3082/3769 3165/3096/3785 3152/3083/3770
f 3166/3097/3786 3159/3090/3777 3158/3089/3776
f 3167/3098/3787 3164/3095/3783 5102/2953/3788
f 3164/3095/3783 3167/3098/3787 3128/3054/3740
f 3168/3099/3789 3129/3055/3741 3128/3054/3740
f 3168/3099/3789 3130/3056/3742 3129/3055/3741
f 3130/3056/3742 3168/3099/3789 3169/3100/3790
f 3169/3100/3790 3146/3076/3762 3130/3056/3742
f 3146/3076/3762 3169/3100/3790 3170/3101/3791
f 3170/3101/3791 3147/3077/3763 3146/3076/3762
f 3147/3077/3763 3170/3101/3791 3161/3092/3780
f 3171/3102/3792 3167/3098/3787 5104/2952/3793
f 3167/3098/3787 3171/3102/3792 3128/3054/3740
f 3172/3103/3794 3171/3102/3792 5106/2947/3795
f 3171/3102/3792 3172/3103/3794 3128/3054/3740
f 3173/3104/3796 3161/3092/3780 3170/3101/3791
f 3161/3092/3780 3173/3104/3796 3174/3105/3797
f 3174/3105/3797 3162/3093/3781 3161/3092/3780
f 3162/3093/3781 3174/3105/3797 3175/3106/3798
f 3175/3106/3798 3165/3096/3785 3162/3093/3781
f 3165/3096/3785 3175/3106/3798 3176/3107/3799
f 3176/3107/3799 3152/3083/3770 3165/3096/3785
f 3152/3083/3770 3176/3107/3799 3177/3108/3800
f 3177/3108/3800 3153/3084/3771 3152/3083/3770
f 3153/3084/3771 3177/3108/3800 3178/3109/3801
f 3178/3109/3801 3163/3094/3782 3153/3084/3771
f 3178/3109/3801 3154/3085/3772 3163/3094/3782
f 3154/3085/3772 3178/3109/3801 3179/3110/3802
f 3179/3110/3802 3155/3086/3773 3154/3085/3772
f 3155/3086/3773 3179/3110/3802 3180/3111/3803
f 3180/3111/3803 3156/3087/3774 3155/3086/3773
f 3156/3087/3774 3180/3111/3803 3181/3112/3804
f 3181/3112/3804 3157/3088/3775 3156/3087/3774
f 3157/3088/3775 3181/3112/3804 3182/3113/3805
f 3182/3113/3805 3158/3089/3776 3157/3088/3775
f 3158/3089/3776 3182/3113/3805 3183/3114/3806
f 3183/3114/3806 3166/3097/3786 3158/3089/3776
f 3184/3115/3807 3172/3103/3794 5108/3116/3808
f 3172/3103/3794 3184/3115/3807 3128/3054/3740
f 3185/3117/3809 3184/3115/3807 5110/3118/3810
f 3184/3115/3807 3185/3117/3809 3128/3054/3740
f 3186/3119/3811 3170/3101/3791 3169/3100/3790
f 3170/3101/3791 3186/3119/3811 3173/3104/3796
f 3187/3120/3812 3183/3114/3806 3182/3113/3805
f 3188/3121/3813 3185/3117/3809 5112/3122/3814
f 3185/3117/3809 3188/3121/3813 3128/3054/3740
f 3189/3123/3815 3188/3121/3813 5114/3124/3816
f 3188/3121/3813 3189/3123/3815 3128/3054/3740
f 3190/3125/3817 3173/3104/3796 3186/3119/3811
f 3173/3104/3796 3190/3125/3817 3191/3126/3818
f 3191/3126/3818 3174/3105/3797 3173/3104/3796
f 3174/3105/3797 3191/3126/3818 3192/3127/3819
f 3192/3127/3819 3175/3106/3798 3174/3105/3797
f 3175/3106/3798 3192/3127/3819 3193/3128/3820
f 3193/3128/3820 3176/3107/3799 3175/3106/3798
f 3176/3107/3799 3193/3128/3820 3194/3129/3821
f 3194/3129/3821 3177/3108/3800 3176/3107/3799
f 3177/3108/3800 3194/3129/3821 3195/3130/3822
f 3195/3130/3822 3178/3109/3801 3177/3108/3800
f 3178/3109/3801 3195/3130/3822 3196/3131/3823
f 3196/3131/3823 3179/3110/3802 3178/3109/3801
f 3179/3110/3802 3196/3131/3823 3197/3132/3824
f 3197/3132/3824 3180/3111/3803 3179/3110/3802
f 3180/3111/3803 3197/3132/3824 3198/3133/3825
f 3198/3133/3825 3181/3112/3804 3180/3111/3803
f 3181/3112/3804 3198/3133/3825 3199/3134/3826
f 3199/3134/3826 3182/3113/3805 3181/3112/3804
f 3182/3113/3805 3199/3134/3826 3200/3135/3827
f 3200/3135/3827 3187/3120/3812 3182/3113/3805
f 3201/3136/3828 3189/3123/3815 5116/3137/3829
f 3189/3123/3815 3201/3136/3828 3128/3054/3740
f 3202/3138/3830 3201/3136/3828 5118/3139/3831
f 3201/3136/3828 3202/3138/3830 3203/3140/3832
f 3203/3140/3832 3128/3054/3740 3201/3136/3828
f 3128/3054/3740 3203/3140/3832 3204/3141/3833
f 3204/3141/3833 3168/3099/3789 3128/3054/3740
f 3168/3099/3789 3204/3141/3833 3205/3142/3834
f 3168/3099/3789 3205/3142/3834 3206/3143/3835
f 3206/3143/3835 3169/3100/3790 3168/3099/3789
f 3169/3100/3790 3206/3143/3835 3207/3144/3836
f 3207/3144/3836 3186/3119/3811 3169/3100/3790
f 3186/3119/3811 3207/3144/3836 3190/3125/3817
f 3208/3145/3837 3200/3135/3827 3199/3134/3826
f 3209/3146/3838 3202/3138/3830 5120/3147/3839
f 3202/3138/3830 3209/3146/3838 3203/3140/3832
f 3210/3148/3840 3209/3146/3838 5122/3149/3841
f 3209/3146/3838 3210/3148/3840 3203/3140/3832
f 3211/3150/3842 3190/3125/3817 3207/3144/3836
f 3190/3125/3817 3211/3150/3842 3212/3151/3843
f 3212/3151/3843 3191/3126/3818 3190/3125/3817
f 3191/3126/3818 3212/3151/3843 3213/3152/3844
f 3213/3152/3844 3192/3127/3819 3191/3126/3818
f 3192/3127/3819 3213/3152/3844 3214/3153/3845
f 3214/3153/3845 3193/3128/3820 3192/3127/3819
f 3193/3128/3820 3214/3153/3845 3215/3154/3846
f 3215/3154/3846 3194/3129/3821 3193/3128/3820
f 3194/3129/3821 3215/3154/3846 3216/3155/3847
f 3216/3155/3847 3195/3130/3822 3194/3129/3821
f 3195/3130/3822 3216/3155/3847 3217/3156/3848
f 3217/3156/3848 3196/3131/3823 3195/3130/3822
f 3196/3131/3823 3217/3156/3848 3197/3132/3824
f 3218/3157/3849 3210/3148/3840 5124/3158/3850
f 3210/3148/3840 3218/3157/3849 3203/3140/3832
f 3219/3159/3851 3218/3157/3849 5126/3160/3852
f 3218/3157/3849 3219/3159/3851 3203/3140/3832
f 3220/3161/3853 3207/3144/3836 3206/3143/3835
f 3207/3144/3836 3220/3161/3853 3211/3150/3842
f 3221/3162/3854 3208/3145/3837 3199/3134/3826
f 3222/3163/3855 3219/3159/3851 5128/3164/3856
f 3219/3159/3851 3222/3163/3855 3203/3140/3832
f 3223/3165/3857 3222/3163/3855 5130/3166/3858
f 3222/3163/3855 3223/3165/3857 3203/3140/3832
f 3224/3167/3859 3211/3150/3842 3220/3161/3853
f 3211/3150/3842 3224/3167/3859 3225/3168/3860
f 3225/3168/3860 3212/3151/3843 3211/3150/3842
f 3212/3151/3843 3225/3168/3860 3226/3169/3861
f 3226/3169/3861 3213/3152/3844 3212/3151/3843
f 3213/3152/3844 3226/3169/3861 3227/3170/3862
f 3227/3170/3862 3214/3153/3845 3213/3152/3844
f 3214/3153/3845 3227/3170/3862 3228/3171/3863
f 3228/3171/3863 3215/3154/3846 3214/3153/3845
f 3215/3154/3846 3228/3171/3863 3229/3172/3864
f 3229/3172/3864 3216/3155/3847 3215/3154/3846
f 3216/3155/3847 3229/3172/3864 3230/3173/3865
f 3230/3173/3865 3217/3156/3848 3216/3155/3847
f 3217/3156/3848 3230/3173/3865 3231/3174/3866
f 3231/3174/3866 3197/3132/3824 3217/3156/3848
f 3197/3132/3824 3231/3174/3866 3232/3175/3867
f 3232/3175/3867 3198/3133/3825 3197/3132/3824
f 3198/3133/3825 3232/3175/3867 3233/3176/3868
f 3233/3176/3868 3199/3134/3826 3198/3133/3825
f 3199/3134/3826 3233/3176/3868 3221/3162/3854
f 3234/3177/3869 3223/3165/3857 5132/3178/3870
f 3223/3165/3857 3234/3177/3869 3203/3140/3832
f 3235/3179/3871 3234/3177/3869 5134/3180/3872
f 3234/3177/3869 3235/3179/3871 3203/3140/3832
f 3236/3181/3873 3205/3142/3834 3204/3141/3833
f 3236/3181/3873 3206/3143/3835 3205/3142/3834
f 3206/3143/3835 3236/3181/3873 3237/3182/3874
f 3237/3182/3874 3220/3161/3853 3206/3143/3835
f 3220/3161/3853 3237/3182/3874 3224/3167/3859
f 3238/3183/3875 3221/3162/3854 3233/3176/3868
f 3239/3184/3876 3235/3179/3871 5136/3185/3877
f 3235/3179/3871 3239/3184/3876 3203/3140/3832
f 3240/3186/3878 3239/3184/3876 5138/3187/3879
f 3239/3184/3876 3240/3186/3878 3203/3140/3832
f 3241/3188/3880 3224/3167/3859 3237/3182/3874
f 3224/3167/3859 3241/3188/3880 3242/3189/3881
f 3242/3189/3881 3225/3168/3860 3224/3167/3859
f 3225/3168/3860 3242/3189/3881 3243/3190/3882
f 3243/3190/3882 3226/3169/3861 3225/3168/3860
f 3226/3169/3861 3243/3190/3882 3244/3191/3883
f 3244/3191/3883 3227/3170/3862 3226/3169/3861
f 3227/3170/3862 3244/3191/3883 3245/3192/3884
f 3245/3192/3884 3228/3171/3863 3227/3170/3862
f 3228/3171/3863 3245/3192/3884 3246/3193/3885
f 3246/3193/3885 3229/3172/3864 3228/3171/3863
f 3229/3172/3864 3246/3193/3885 3247/3194/3886
f 3247/3194/3886 3230/3173/3865 3229/3172/3864
f 3230/3173/3865 3247/3194/3886 3231/3174/3866
f 3248/3195/3887 3238/3183/3875 3233/3176/3868
f 3249/3196/3888 3240/3186/3878 5140/3197/3889
f 3240/3186/3878 3249/3196/3888 3203/3140/3832
f 3250/3198/3890 3249/3196/3888 5142/3199/3891
f 3249/3196/3888 3250/3198/3890 3251/3200/3892
f 3251/3200/3892 3203/3140/3832 3249/3196/3888
f 3203/3140/3832 3251/3200/3892 3204/3141/3833
f 3252/3201/3893 3248/3195/3887 3233/3176/3868
f 3253/3202/3894 3250/3198/3890 5144/2902/3895
f 3250/3198/3890 3253/3202/3894 3251/3200/3892
f 3254/2075/3896 3253/3202/3894 5146/977/3897
f 3253/3202/3894 3254/2075/3896 3251/3200/3892
f 3255/3203/3898 3204/3141/3833 3251/3200/3892
f 3255/3203/3898 3236/3181/3873 3204/3141/3833
f 3236/3181/3873 3255/3203/3898 3256/3204/3899
f 3256/3204/3899 3237/3182/3874 3236/3181/3873
f 3237/3182/3874 3256/3204/3899 3257/3205/3900
f 3257/3205/3900 3241/3188/3880 3237/3182/3874
f 3241/3188/3880 3257/3205/3900 3258/3206/3901
f 3258/3206/3901 3242/3189/3881 3241/3188/3880
f 3258/3206/3901 3243/3190/3882 3242/3189/3881
f 3243/3190/3882 3258/3206/3901 3259/3207/3902
f 3243/3190/3882 3259/3207/3902 3244/3191/3883
f 3260/3208/3903 3245/3192/3884 3244/3191/3883
f 3245/3192/3884 3260/3208/3903 3261/3209/3904
f 3261/3209/3904 3246/3193/3885 3245/3192/3884
f 3246/3193/3885 3261/3209/3904 3262/3210/3905
f 3262/3210/3905 3247/3194/3886 3246/3193/3885
f 3247/3194/3886 3262/3210/3905 3263/3211/3906
f 3263/3211/3906 3231/3174/3866 3247/3194/3886
f 3263/3211/3906 3232/3175/3867 3231/3174/3866
f 3232/3175/3867 3263/3211/3906 3264/3212/3907
f 3264/3212/3907 3233/3176/3868 3232/3175/3867
f 3233/3176/3868 3264/3212/3907 3265/3213/3908
f 3265/3213/3908 3252/3201/3893 3233/3176/3868
f 3266/2100/3909 3254/2075/3896 5148/2073/3910
f 3254/2075/3896 3266/2100/3909 3251/3200/3892
f 3244/3191/3883 3259/3207/3902 3260/3208/3903
f 5149/3214/3911 3267/2955/3912 3268/3215/3913
f 3268/3215/3914 5150/3216/3914 5151/3214/3914
f 5152/3216/3915 3268/3215/3913 3269/3217/3916
f 3269/3217/3917 5153/3218/3917 5154/3216/3917
f 5155/3218/3918 3269/3217/3916 3270/3219/3919
f 3270/3219/3920 5156/3220/3920 5157/3218/3920
f 5158/3220/3921 3270/3219/3919 3271/3221/3922
f 3271/3221/3921 5159/3222/3921 5160/3220/3921
f 5161/3222/3923 3271/3221/3922 3272/3223/3924
f 3272/3223/3925 5162/3224/3925 5163/3222/3925
f 5164/3224/3926 3272/3223/3924 3273/3225/3927
f 3273/3226/3928 5165/3227/3928 5166/3224/3928
f 5167/3227/3929 3273/3225/3927 3274/3228/3930
f 3274/3229/3931 5168/3230/3931 5169/3227/3931
f 5170/3230/3932 3274/3228/3930 3275/3231/3933
f 3275/3232/3934 5171/3233/3934 5172/3230/3934
f 5173/3233/3935 3275/3231/3933 3276/3234/3936
f 3276/3235/3937 5174/3236/3937 5175/3233/3937
f 5176/3236/3938 3276/3234/3936 3277/3237/3939
f 3277/3237/3940 5177/3238/3940 5178/3236/3940
f 5179/3238/3941 3277/3237/3939 3278/3239/3942
f 3278/3239/3943 5180/3240/3943 5181/3238/3943
f 5182/3240/3944 3278/3239/3942 3279/3241/3945
f 3279/3241/3946 5183/3242/3946 5184/3240/3946
f 5185/3242/3947 3279/3241/3945 3280/3243/3948
f 3280/3243/3949 5186/3244/3949 5187/3242/3949
f 5188/3244/3950 3280/3243/3948 3281/3245/3951
f 3281/3245/3952 5189/3246/3952 5190/3244/3952
f 5191/3246/3953 3281/3245/3951 3282/3247/3954
f 3282/3247/3955 5192/3248/3955 5193/3246/3955
f 5194/3248/3956 3282/3247/3954 3283/3249/3957
f 3283/3249/3958 5195/3250/3958 5196/3248/3958
f 5197/3250/3959 3283/3249/3957 3284/3251/3960
f 3284/3251/3961 5198/3252/3961 5199/3250/3961
f 5200/3252/3962 3284/3251/3960 3285/3253/3963
f 3285/3253/3964 5201/3254/3964 5202/3252/3964
f 5203/3254/3965 3285/3253/3963 3286/3255/3966
f 3286/3256/3967 5204/3257/3967 5205/3254/3967
f 5206/3257/3968 3286/3255/3966 3287/3258/3969
f 3287/3259/3970 5207/3260/3970 5208/3257/3970
f 5209/3260/3971 3287/3258/3969 3288/3261/3972
f 3288/3262/3973 5210/3263/3973 5211/3260/3973
f 5212/3263/3974 3288/3261/3972 3289/3264/3975
f 3289/3265/3976 5213/3266/3976 5214/3263/3976
f 5215/3266/3977 3289/3264/3975 3290/3267/3978
f 3290/3268/3979 5216/3269/3979 5217/3266/3979
f 5218/3269/3980 3290/3267/3978 3291/2130/3981
f 3291/2130/3982 5219/1592/3982 5220/3269/3982
f 3292/2960/3983 3267/2955/3912 5222/2856/3984
f 3267/2955/3912 3292/2960/3983 3268/3215/3913
f 3293/3270/3985 3270/3219/3919 3269/3217/3916
f 3270/3219/3919 3293/3270/3985 3294/2964/3986
f 3294/2964/3986 3271/3221/3922 3270/3219/3919
f 3271/3221/3922 3294/2964/3986 3272/3223/3924
f 3278/3239/3942 3277/3237/3939 3295/3271/3987
f 3295/3271/3987 3279/3241/3945 3278/3239/3942
f 3295/3271/3987 3280/3243/3948 3279/3241/3945
f 3295/3271/3987 3281/3245/3951 3280/3243/3948
f 3281/3245/3951 3295/3271/3987 3282/3247/3954
f 3283/3249/3957 3282/3247/3954 3296/3272/3988
f 3296/3272/3988 3284/3251/3960 3283/3249/3957
f 3296/3272/3988 3285/3253/3963 3284/3251/3960
f 3285/3253/3963 3296/3272/3988 3286/3255/3966
f 3297/2979/3989 3291/2130/3981 3290/3267/3978
f 3298/2981/3990 3292/2960/3983 5224/2853/3991
f 3292/2960/3983 3298/2981/3990 3268/3215/3913
f 3299/2982/3992 3298/2981/3990 5226/2851/3993
f 3298/2981/3990 3299/2982/3992 3268/3215/3913
f 3300/3273/3994 3272/3223/3924 3294/2964/3986
f 3272/3223/3924 3300/3273/3994 3301/2983/3995
f 3301/2983/3995 3273/3225/3927 3272/3223/3924
f 3273/3225/3927 3301/2983/3995 3302/2984/3996
f 3302/2984/3996 3274/3228/3930 3273/3225/3927
f 3274/3228/3930 3302/2984/3996 3303/2985/3997
f 3303/2985/3997 3275/3231/3933 3274/3228/3930
f 3303/2985/3997 3276/3234/3936 3275/3231/3933
f 3276/3234/3936 3303/2985/3997 3304/2986/3998
f 3304/2986/3998 3277/3237/3939 3276/3234/3936
f 3277/3237/3939 3304/2986/3998 3305/2987/3999
f 3305/2987/3999 3295/3271/3987 3277/3237/3939
f 3295/3271/3987 3305/2987/3999 3306/3274/4000
f 3306/3274/4000 3282/3247/3954 3295/3271/3987
f 3282/3247/3954 3306/3274/4000 3296/3272/3988
f 3307/2989/4001 3286/3255/3966 3296/3272/3988
f 3307/2989/4001 3287/3258/3969 3286/3255/3966
f 3287/3258/3969 3307/2989/4001 3308/3275/4002
f 3308/3275/4002 3288/3261/3972 3287/3258/3969
f 3288/3261/3972 3308/3275/4002 3309/3276/4003
f 3309/3276/4003 3289/3264/3975 3288/3261/3972
f 3289/3264/3975 3309/3276/4003 3310/3277/4004
f 3310/3277/4004 3290/3267/3978 3289/3264/3975
f 3290/3267/3978 3310/3277/4004 3311/3278/4005
f 3311/3278/4005 3297/2979/3989 3290/3267/3978
f 3312/2991/4006 3299/2982/3992 5228/2849/4007
f 3299/2982/3992 3312/2991/4006 3268/3215/3913
f 3313/2992/4008 3312/2991/4006 5230/2993/4009
f 3312/2991/4006 3313/2992/4008 3268/3215/3913
f 3314/2995/4010 3311/3278/4005 3310/3277/4004
f 3315/2996/4011 3313/2992/4008 5232/2997/4012
f 3313/2992/4008 3315/2996/4011 3268/3215/3913
f 3316/2998/4013 3315/2996/4011 5234/2999/4014
f 3315/2996/4011 3316/2998/4013 3268/3215/3913
f 3317/3279/4015 3300/3273/3994 3294/2964/3986
f 3300/3273/3994 3317/3279/4015 3318/3000/4016
f 3318/3000/4016 3301/2983/3995 3300/3273/3994
f 3301/2983/3995 3318/3000/4016 3319/3001/4017
f 3319/3001/4017 3302/2984/3996 3301/2983/3995
f 3302/2984/3996 3319/3001/4017 3320/3002/4018
f 3320/3002/4018 3303/2985/3997 3302/2984/3996
f 3303/2985/3997 3320/3002/4018 3321/3003/4019
f 3321/3003/4019 3304/2986/3998 3303/2985/3997
f 3304/2986/3998 3321/3003/4019 3322/3004/4020
f 3322/3004/4020 3305/2987/3999 3304/2986/3998
f 3305/2987/3999 3322/3004/4020 3323/3280/4021
f 3323/3280/4021 3306/3274/4000 3305/2987/3999
f 3323/3280/4021 3296/3272/3988 3306/3274/4000
f 3296/3272/3988 3323/3280/4021 3324/3281/4022
f 3324/3281/4022 3307/2989/4001 3296/3272/3988
f 3307/2989/4001 3324/3281/4022 3325/3282/4023
f 3325/3282/4023 3308/3275/4002 3307/2989/4001
f 3308/3275/4002 3325/3282/4023 3326/3008/4024
f 3326/3008/4024 3309/3276/4003 3308/3275/4002
f 3309/3276/4003 3326/3008/4024 3327/3009/4025
f 3327/3009/4025 3310/3277/4004 3309/3276/4003
f 3310/3277/4004 3327/3009/4025 3328/3010/4026
f 3328/3010/4026 3314/2995/4010 3310/3277/4004
f 3329/3011/4027 3316/2998/4013 5236/3012/4028
f 3316/2998/4013 3329/3011/4027 3268/3215/3913
f 3330/3013/4029 3329/3011/4027 5238/3014/4030
f 3329/3011/4027 3330/3013/4029 3331/3283/4031
f 3331/3283/4031 3268/3215/3913 3329/3011/4027
f 3268/3215/3913 3331/3283/4031 3332/3284/4032
f 3332/3284/4032 3269/3217/3916 3268/3215/3913
f 3332/3284/4032 3293/3270/3985 3269/3217/3916
f 3293/3270/3985 3332/3284/4032 3333/3016/4033
f 3333/3016/4033 3294/2964/3986 3293/3270/3985
f 3294/2964/3986 3333/3016/4033 3317/3279/4015
f 3334/3285/4034 3328/3010/4026 3327/3009/4025
f 3335/3019/4035 3330/3013/4029 5240/3020/4036
f 3330/3013/4029 3335/3019/4035 3331/3283/4031
f 3336/3021/4037 3335/3019/4035 5242/3022/4038
f 3335/3019/4035 3336/3021/4037 3331/3283/4031
f 3337/3286/4039 3317/3279/4015 3333/3016/4033
f 3317/3279/4015 3337/3286/4039 3338/3287/4040
f 3338/3287/4040 3318/3000/4016 3317/3279/4015
f 3318/3000/4016 3338/3287/4040 3339/3024/4041
f 3339/3024/4041 3319/3001/4017 3318/3000/4016
f 3319/3001/4017 3339/3024/4041 3340/3025/4042
f 3340/3025/4042 3320/3002/4018 3319/3001/4017
f 3320/3002/4018 3340/3025/4042 3341/3026/4043
f 3341/3026/4043 3321/3003/4019 3320/3002/4018
f 3321/3003/4019 3341/3026/4043 3342/3027/4044
f 3342/3027/4044 3322/3004/4020 3321/3003/4019
f 3322/3004/4020 3342/3027/4044 3343/3028/4045
f 3343/3028/4045 3323/3280/4021 3322/3004/4020
f 3323/3280/4021 3343/3028/4045 3344/3029/4046
f 3344/3029/4046 3324/3281/4022 3323/3280/4021
f 3324/3281/4022 3344/3029/4046 3325/3282/4023
f 3345/3030/4047 3336/3021/4037 5244/3031/4048
f 3336/3021/4037 3345/3030/4047 3331/3283/4031
f 3346/3032/4049 3345/3030/4047 5246/3033/4050
f 3345/3030/4047 3346/3032/4049 3331/3283/4031
f 3347/3035/4051 3334/3285/4034 3327/3009/4025
f 3348/3036/4052 3346/3032/4049 5248/3037/4053
f 3346/3032/4049 3348/3036/4052 3331/3283/4031
f 3349/3038/4054 3348/3036/4052 5250/3039/4055
f 3348/3036/4052 3349/3038/4054 3331/3283/4031
f 3350/3288/4056 3337/3286/4039 3333/3016/4033
f 3337/3286/4039 3350/3288/4056 3351/3040/4057
f 3351/3040/4057 3338/3287/4040 3337/3286/4039
f 3338/3287/4040 3351/3040/4057 3352/3041/4058
f 3352/3041/4058 3339/3024/4041 3338/3287/4040
f 3339/3024/4041 3352/3041/4058 3353/3289/4059
f 3353/3289/4059 3340/3025/4042 3339/3024/4041
f 3340/3025/4042 3353/3289/4059 3354/3043/4060
f 3354/3043/4060 3341/3026/4043 3340/3025/4042
f 3341/3026/4043 3354/3043/4060 3355/3290/4061
f 3355/3290/4061 3342/3027/4044 3341/3026/4043
f 3342/3027/4044 3355/3290/4061 3356/3045/4062
f 3356/3045/4062 3343/3028/4045 3342/3027/4044
f 3343/3028/4045 3356/3045/4062 3357/3046/4063
f 3357/3046/4063 3344/3029/4046 3343/3028/4045
f 3344/3029/4046 3357/3046/4063 3358/3047/4064
f 3358/3047/4064 3325/3282/4023 3344/3029/4046
f 3325/3282/4023 3358/3047/4064 3359/3048/4065
f 3359/3048/4065 3326/3008/4024 3325/3282/4023
f 3326/3008/4024 3359/3048/4065 3360/3049/4066
f 3360/3049/4066 3327/3009/4025 3326/3008/4024
f 3327/3009/4025 3360/3049/4066 3347/3035/4051
f 3361/3050/4067 3349/3038/4054 5252/3051/4068
f 3349/3038/4054 3361/3050/4067 3331/3283/4031
f 3362/3052/4069 3361/3050/4067 5254/3053/4070
f 3361/3050/4067 3362/3052/4069 3331/3283/4031
f 3363/3055/4071 3332/3284/4032 3331/3283/4031
f 3332/3284/4032 3363/3055/4071 3364/3056/4072
f 3332/3284/4032 3364/3056/4072 3365/3291/4073
f 3365/3291/4073 3333/3016/4033 3332/3284/4032
f 3333/3016/4033 3365/3291/4073 3350/3288/4056
f 3366/3058/4074 3347/3035/4051 3360/3049/4066
f 3367/3059/4075 3362/3052/4069 5256/3060/4076
f 3362/3052/4069 3367/3059/4075 3331/3283/4031
f 3368/3061/4077 3367/3059/4075 5258/3062/4078
f 3367/3059/4075 3368/3061/4077 3331/3283/4031
f 3369/3292/4079 3350/3288/4056 3365/3291/4073
f 3350/3288/4056 3369/3292/4079 3370/3063/4080
f 3370/3063/4080 3351/3040/4057 3350/3288/4056
f 3351/3040/4057 3370/3063/4080 3371/3064/4081
f 3371/3064/4081 3352/3041/4058 3351/3040/4057
f 3352/3041/4058 3371/3064/4081 3372/3065/4082
f 3372/3065/4082 3353/3289/4059 3352/3041/4058
f 3353/3289/4059 3372/3065/4082 3373/3066/4083
f 3373/3066/4083 3354/3043/4060 3353/3289/4059
f 3354/3043/4060 3373/3066/4083 3374/3067/4084
f 3374/3067/4084 3355/3290/4061 3354/3043/4060
f 3355/3290/4061 3374/3067/4084 3375/3068/4085
f 3375/3068/4085 3356/3045/4062 3355/3290/4061
f 3356/3045/4062 3375/3068/4085 3376/3069/4086
f 3376/3069/4086 3357/3046/4063 3356/3045/4062
f 3357/3046/4063 3376/3069/4086 3377/3070/4087
f 3377/3070/4087 3358/3047/4064 3357/3046/4063
f 3358/3047/4064 3377/3070/4087 3359/3048/4065
f 3378/3293/4088 3366/3058/4074 3360/3049/4066
f 3379/3072/4089 3368/3061/4077 5260/3073/4090
f 3368/3061/4077 3379/3072/4089 3331/3283/4031
f 3380/3074/4091 3379/3072/4089 5262/3075/4092
f 3379/3072/4089 3380/3074/4091 3331/3283/4031
f 3381/3078/4093 3378/3293/4088 3360/3049/4066
f 3382/3079/4094 3380/3074/4091 5264/3080/4095
f 3380/3074/4091 3382/3079/4094 3331/3283/4031
f 3383/3081/4096 3382/3079/4094 5266/2798/4097
f 3382/3079/4094 3383/3081/4096 3331/3283/4031
f 3384/3082/4098 3372/3065/4082 3371/3064/4081
f 3372/3065/4082 3384/3082/4098 3385/3083/4099
f 3385/3083/4099 3373/3066/4083 3372/3065/4082
f 3373/3066/4083 3385/3083/4099 3386/3294/4100
f 3386/3294/4100 3374/3067/4084 3373/3066/4083
f 3374/3067/4084 3386/3294/4100 3375/3068/4085
f 3387/3085/4101 3376/3069/4086 3375/3068/4085
f 3376/3069/4086 3387/3085/4101 3388/3086/4102
f 3388/3086/4102 3377/3070/4087 3376/3069/4086
f 3377/3070/4087 3388/3086/4102 3389/3087/4103
f 3377/3070/4087 3389/3087/4103 3390/3088/4104
f 3390/3088/4104 3359/3048/4065 3377/3070/4087
f 3359/3048/4065 3390/3088/4104 3391/3089/4105
f 3391/3089/4105 3360/3049/4066 3359/3048/4065
f 3360/3049/4066 3391/3089/4105 3392/3090/4106
f 3392/3090/4106 3381/3078/4093 3360/3049/4066
f 3393/3091/4107 3383/3081/4096 5268/2795/4108
f 3383/3081/4096 3393/3091/4107 3331/3283/4031
f 3394/3295/4109 3369/3292/4079 3365/3291/4073
f 3369/3292/4079 3394/3295/4109 3395/3092/4110
f 3395/3092/4110 3370/3063/4080 3369/3292/4079
f 3370/3063/4080 3395/3092/4110 3396/3093/4111
f 3396/3093/4111 3371/3064/4081 3370/3063/4080
f 3371/3064/4081 3396/3093/4111 3384/3082/4098
f 3397/3094/4112 3375/3068/4085 3386/3294/4100
f 3375/3068/4085 3397/3094/4112 3387/3085/4101
f 3398/3095/4113 3393/3091/4107 5270/2796/4114
f 3393/3091/4107 3398/3095/4113 3331/3283/4031
f 3399/3096/4115 3384/3082/4098 3396/3093/4111
f 3384/3082/4098 3399/3096/4115 3385/3083/4099
f 3400/3097/4116 3392/3090/4106 3391/3089/4105
f 3401/3098/4117 3398/3095/4113 5272/2953/4118
f 3398/3095/4113 3401/3098/4117 3402/3296/4119
f 3402/3296/4119 3331/3283/4031 3398/3095/4113
f 3331/3283/4031 3402/3296/4119 3403/3099/4120
f 3403/3099/4120 3363/3055/4071 3331/3283/4031
f 3403/3099/4120 3364/3056/4072 3363/3055/4071
f 3364/3056/4072 3403/3099/4120 3404/3100/4121
f 3404/3100/4121 3365/3291/4073 3364/3056/4072
f 3365/3291/4073 3404/3100/4121 3394/3295/4109
f 3405/3102/4122 3401/3098/4117 5274/2952/4123
f 3401/3098/4117 3405/3102/4122 3402/3296/4119
f 3406/3103/4124 3405/3102/4122 5276/2947/4125
f 3405/3102/4122 3406/3103/4124 3402/3296/4119
f 3407/3104/4126 3395/3092/4110 3394/3295/4109
f 3395/3092/4110 3407/3104/4126 3408/3105/4127
f 3408/3105/4127 3396/3093/4111 3395/3092/4110
f 3396/3093/4111 3408/3105/4127 3409/3106/4128
f 3409/3106/4128 3399/3096/4115 3396/3093/4111
f 3399/3096/4115 3409/3106/4128 3410/3107/4129
f 3410/3107/4129 3385/3083/4099 3399/3096/4115
f 3385/3083/4099 3410/3107/4129 3411/3108/4130
f 3411/3108/4130 3386/3294/4100 3385/3083/4099
f 3386/3294/4100 3411/3108/4130 3412/3109/4131
f 3412/3109/4131 3397/3094/4112 3386/3294/4100
f 3412/3109/4131 3387/3085/4101 3397/3094/4112
f 3387/3085/4101 3412/3109/4131 3413/3110/4132
f 3413/3110/4132 3388/3086/4102 3387/3085/4101
f 3388/3086/4102 3413/3110/4132 3414/3111/4133
f 3414/3111/4133 3389/3087/4103 3388/3086/4102
f 3389/3087/4103 3414/3111/4133 3415/3112/4134
f 3415/3112/4134 3390/3088/4104 3389/3087/4103
f 3390/3088/4104 3415/3112/4134 3416/3113/4135
f 3416/3113/4135 3391/3089/4105 3390/3088/4104
f 3391/3089/4105 3416/3113/4135 3417/3114/4136
f 3417/3114/4136 3400/3097/4116 3391/3089/4105
f 3418/3115/4137 3406/3103/4124 5278/3116/4138
f 3406/3103/4124 3418/3115/4137 3402/3296/4119
f 3419/3117/4139 3418/3115/4137 5280/3118/4140
f 3418/3115/4137 3419/3117/4139 3402/3296/4119
f 3420/3119/4141 3394/3295/4109 3404/3100/4121
f 3394/3295/4109 3420/3119/4141 3407/3104/4126
f 3421/3120/4142 3417/3114/4136 3416/3113/4135
f 3422/3121/4143 3419/3117/4139 5282/3122/4144
f 3419/3117/4139 3422/3121/4143 3402/3296/4119
f 3423/3123/4145 3422/3121/4143 5284/3124/4146
f 3422/3121/4143 3423/3123/4145 3402/3296/4119
f 3424/3125/4147 3407/3104/4126 3420/3119/4141
f 3407/3104/4126 3424/3125/4147 3425/3297/4148
f 3425/3297/4148 3408/3105/4127 3407/3104/4126
f 3408/3105/4127 3425/3297/4148 3426/3127/4149
f 3426/3127/4149 3409/3106/4128 3408/3105/4127
f 3409/3106/4128 3426/3127/4149 3427/3128/4150
f 3427/3128/4150 3410/3107/4129 3409/3106/4128
f 3410/3107/4129 3427/3128/4150 3428/3129/4151
f 3428/3129/4151 3411/3108/4130 3410/3107/4129
f 3411/3108/4130 3428/3129/4151 3429/3130/4152
f 3429/3130/4152 3412/3109/4131 3411/3108/4130
f 3412/3109/4131 3429/3130/4152 3430/3131/4153
f 3430/3131/4153 3413/3110/4132 3412/3109/4131
f 3413/3110/4132 3430/3131/4153 3431/3132/4154
f 3431/3132/4154 3414/3111/4133 3413/3110/4132
f 3414/3111/4133 3431/3132/4154 3432/3133/4155
f 3432/3133/4155 3415/3112/4134 3414/3111/4133
f 3415/3112/4134 3432/3133/4155 3433/3134/4156
f 3433/3134/4156 3416/3113/4135 3415/3112/4134
f 3416/3113/4135 3433/3134/4156 3434/3135/4157
f 3434/3135/4157 3421/3120/4142 3416/3113/4135
f 3435/3136/4158 3423/3123/4145 5286/3137/4159
f 3423/3123/4145 3435/3136/4158 3402/3296/4119
f 3436/3138/4160 3435/3136/4158 5288/3139/4161
f 3435/3136/4158 3436/3138/4160 3402/3296/4119
f 3437/3298/4162 3403/3099/4120 3402/3296/4119
f 3403/3099/4120 3437/3298/4162 3438/3143/4163
f 3438/3143/4163 3404/3100/4121 3403/3099/4120
f 3404/3100/4121 3438/3143/4163 3439/3144/4164
f 3439/3144/4164 3420/3119/4141 3404/3100/4121
f 3420/3119/4141 3439/3144/4164 3424/3125/4147
f 3440/3145/4165 3434/3135/4157 3433/3134/4156
f 3441/3146/4166 3436/3138/4160 5290/3147/4167
f 3436/3138/4160 3441/3146/4166 3402/3296/4119
f 3442/3148/4168 3441/3146/4166 5292/3149/4169
f 3441/3146/4166 3442/3148/4168 3402/3296/4119
f 3443/3299/4170 3424/3125/4147 3439/3144/4164
f 3424/3125/4147 3443/3299/4170 3444/3151/4171
f 3444/3151/4171 3425/3297/4148 3424/3125/4147
f 3425/3297/4148 3444/3151/4171 3445/3300/4172
f 3445/3300/4172 3426/3127/4149 3425/3297/4148
f 3426/3127/4149 3445/3300/4172 3446/3153/4173
f 3446/3153/4173 3427/3128/4150 3426/3127/4149
f 3427/3128/4150 3446/3153/4173 3447/3154/4174
f 3447/3154/4174 3428/3129/4151 3427/3128/4150
f 3428/3129/4151 3447/3154/4174 3448/3301/4175
f 3448/3301/4175 3429/3130/4152 3428/3129/4151
f 3429/3130/4152 3448/3301/4175 3449/3156/4176
f 3449/3156/4176 3430/3131/4153 3429/3130/4152
f 3430/3131/4153 3449/3156/4176 3431/3132/4154
f 3450/3157/4177 3442/3148/4168 5294/3158/4178
f 3442/3148/4168 3450/3157/4177 3402/3296/4119
f 3451/3159/4179 3450/3157/4177 5296/3160/4180
f 3450/3157/4177 3451/3159/4179 3402/3296/4119
f 3452/3161/4181 3439/3144/4164 3438/3143/4163
f 3439/3144/4164 3452/3161/4181 3443/3299/4170
f 3453/3162/4182 3440/3145/4165 3433/3134/4156
f 3454/3163/4183 3451/3159/4179 5298/3164/4184
f 3451/3159/4179 3454/3163/4183 3402/3296/4119
f 3455/3165/4185 3454/3163/4183 5300/3166/4186
f 3454/3163/4183 3455/3165/4185 3402/3296/4119
f 3456/3167/4187 3443/3299/4170 3452/3161/4181
f 3443/3299/4170 3456/3167/4187 3457/3168/4188
f 3457/3168/4188 3444/3151/4171 3443/3299/4170
f 3444/3151/4171 3457/3168/4188 3458/3169/4189
f 3458/3169/4189 3445/3300/4172 3444/3151/4171
f 3445/3300/4172 3458/3169/4189 3459/3170/4190
f 3459/3170/4190 3446/3153/4173 3445/3300/4172
f 3446/3153/4173 3459/3170/4190 3460/3171/4191
f 3460/3171/4191 3447/3154/4174 3446/3153/4173
f 3447/3154/4174 3460/3171/4191 3461/3302/4192
f 3461/3302/4192 3448/3301/4175 3447/3154/4174
f 3448/3301/4175 3461/3302/4192 3462/3173/4193
f 3462/3173/4193 3449/3156/4176 3448/3301/4175
f 3449/3156/4176 3462/3173/4193 3463/3174/4194
f 3463/3174/4194 3431/3132/4154 3449/3156/4176
f 3431/3132/4154 3463/3174/4194 3464/3175/4195
f 3464/3175/4195 3432/3133/4155 3431/3132/4154
f 3432/3133/4155 3464/3175/4195 3465/3176/4196
f 3465/3176/4196 3433/3134/4156 3432/3133/4155
f 3433/3134/4156 3465/3176/4196 3453/3162/4182
f 3466/3177/4197 3455/3165/4185 5302/3178/4198
f 3455/3165/4185 3466/3177/4197 3402/3296/4119
f 3467/3179/4199 3466/3177/4197 5304/3180/4200
f 3466/3177/4197 3467/3179/4199 3468/3303/4201
f 3468/3303/4201 3402/3296/4119 3466/3177/4197
f 3402/3296/4119 3468/3303/4201 3469/3304/4202
f 3469/3304/4202 3437/3298/4162 3402/3296/4119
f 3437/3298/4162 3469/3304/4202 3470/3305/4203
f 3470/3305/4203 3438/3143/4163 3437/3298/4162
f 3438/3143/4163 3470/3305/4203 3471/3306/4204
f 3471/3306/4204 3452/3161/4181 3438/3143/4163
f 3452/3161/4181 3471/3306/4204 3456/3167/4187
f 3472/3183/4205 3453/3162/4182 3465/3176/4196
f 3473/3184/4206 3467/3179/4199 5306/3185/4207
f 3467/3179/4199 3473/3184/4206 3468/3303/4201
f 3474/3186/4208 3473/3184/4206 5308/3187/4209
f 3473/3184/4206 3474/3186/4208 3468/3303/4201
f 3475/3188/4210 3456/3167/4187 3471/3306/4204
f 3456/3167/4187 3475/3188/4210 3476/3307/4211
f 3476/3307/4211 3457/3168/4188 3456/3167/4187
f 3457/3168/4188 3476/3307/4211 3477/3190/4212
f 3477/3190/4212 3458/3169/4189 3457/3168/4188
f 3458/3169/4189 3477/3190/4212 3478/3308/4213
f 3478/3308/4213 3459/3170/4190 3458/3169/4189
f 3459/3170/4190 3478/3308/4213 3479/3192/4214
f 3479/3192/4214 3460/3171/4191 3459/3170/4190
f 3460/3171/4191 3479/3192/4214 3480/3193/4215
f 3480/3193/4215 3461/3302/4192 3460/3171/4191
f 3461/3302/4192 3480/3193/4215 3481/3194/4216
f 3481/3194/4216 3462/3173/4193 3461/3302/4192
f 3462/3173/4193 3481/3194/4216 3463/3174/4194
f 3482/3309/4217 3472/3183/4205 3465/3176/4196
f 3483/3196/4218 3474/3186/4208 5310/3197/4219
f 3474/3186/4208 3483/3196/4218 3468/3303/4201
f 3484/3198/4220 3483/3196/4218 5312/3199/4221
f 3483/3196/4218 3484/3198/4220 3468/3303/4201
f 3485/3310/4222 3470/3305/4203 3469/3304/4202
f 3470/3305/4203 3485/3310/4222 3486/3311/4223
f 3470/3305/4203 3486/3311/4223 3487/3312/4224
f 3487/3312/4224 3471/3306/4204 3470/3305/4203
f 3471/3306/4204 3487/3312/4224 3475/3188/4210
f 3488/3201/4225 3482/3309/4217 3465/3176/4196
f 3489/3202/4226 3484/3198/4220 5314/2902/4227
f 3484/3198/4220 3489/3202/4226 3468/3303/4201
f 3490/2075/4228 3489/3202/4226 5316/977/4229
f 3489/3202/4226 3490/2075/4228 3468/3303/4201
f 3491/2087/4230 3475/3188/4210 3487/3312/4224
f 3475/3188/4210 3491/2087/4230 3492/2089/4231
f 3492/2089/4231 3476/3307/4211 3475/3188/4210
f 3476/3307/4211 3492/2089/4231 3493/2091/4232
f 3493/2091/4232 3477/3190/4212 3476/3307/4211
f 3477/3190/4212 3493/2091/4232 3494/2093/4233
f 3477/3190/4212 3494/2093/4233 3495/2095/4234
f 3495/2095/4234 3478/3308/4213 3477/3190/4212
f 3478/3308/4213 3495/2095/4234 3496/2097/4235
f 3478/3308/4213 3496/2097/4235 3497/2344/4236
f 3497/2344/4236 3479/3192/4214 3478/3308/4213
f 3479/3192/4214 3497/2344/4236 3498/2345/4237
f 3479/3192/4214 3498/2345/4237 3499/2347/4238
f 3479/3192/4214 3499/2347/4238 3500/2349/4239
f 3500/2349/4239 3480/3193/4215 3479/3192/4214
f 3480/3193/4215 3500/2349/4239 3501/2351/4240
f 3480/3193/4215 3501/2351/4240 3502/2352/4241
f 3480/3193/4215 3502/2352/4241 3503/2354/4242
f 3480/3193/4215 3503/2354/4242 3504/2355/4243
f 3504/2355/4243 3481/3194/4216 3480/3193/4215
f 3481/3194/4216 3504/2355/4243 3505/2357/4244
f 3481/3194/4216 3505/2357/4244 3506/2358/4245
f 3506/2358/4245 3463/3174/4194 3481/3194/4216
f 3463/3174/4194 3506/2358/4245 3507/2360/4246
f 3507/2360/4246 3464/3175/4195 3463/3174/4194
f 3464/3175/4195 3507/2360/4246 3508/2362/4247
f 3508/2362/4247 3465/3176/4196 3464/3175/4195
f 3465/3176/4196 3508/2362/4247 3509/3313/4248
f 3509/3313/4248 3488/3201/4225 3465/3176/4196
f 5319/2100/4249 3490/2075/4249 5320/2073/4249
f 3490/2075/4250 5321/2100/4250 5322/2102/4250
f 5323/2102/4251 3468/3303/4201 3490/2075/4228
f 3468/3303/4252 5324/2102/4252 5325/1452/4252
f 5326/1452/4253 3469/3304/4202 3468/3303/4201
f 3469/3304/4254 5327/1452/4254 5328/2105/4254
f 5329/2105/4255 3485/3310/4222 3469/3304/4202
f 3485/3310/4256 5330/2105/4256 5331/2107/4256
f 5332/2107/4257 3486/3311/4223 3485/3310/4222
f 3486/3311/4258 5333/2107/4258 5334/1457/4258
f 5335/1457/4259 3487/3312/4224 3486/3311/4223
f 3487/3312/4260 5336/1457/4260 5337/2110/4260
f 5338/2110/4261 3491/2087/4230 3487/3312/4224
f 3491/2087/4262 5339/2110/4262 5340/2112/4262
f 5341/2112/4262 3492/2089/4231 3491/2087/4230
f 3492/2089/4263 5342/2112/4263 5343/1462/4263
f 5344/1462/4264 3493/2091/4232 3492/2089/4231
f 3493/2091/4265 5345/1462/4265 5346/2115/4265
f 5347/2115/4266 3494/2093/4233 3493/2091/4232
f 3494/2093/4267 5348/2115/4267 5349/2117/4267
f 5350/2117/4268 3495/2095/4234 3494/2093/4233
f 3495/2095/4269 5351/2117/4269 5352/1467/4269
f 5353/1467/4270 3496/2097/4235 3495/2095/4234
f 3496/2097/4271 5354/1467/4271 5355/2365/4271
f 5356/2365/4272 3497/2344/4236 3496/2097/4235
f 3497/2344/4273 5357/2365/4273 5358/2367/4273
f 5359/2367/4274 3498/2345/4237 3497/2344/4236
f 3498/2345/4275 5360/2367/4275 5361/1472/4275
f 5362/1472/4276 3499/2347/4238 3498/2345/4237
f 3499/2347/4277 5363/1472/4277 5364/2370/4277
f 5365/2370/4277 3500/2349/4239 3499/2347/4238
f 3500/2349/4278 5366/2370/4278 5367/1828/4278
f 5368/1828/4279 3501/2351/4240 3500/2349/4239
f 3501/2351/4280 5369/1828/4280 5370/2373/4280
f 5371/2373/4281 3502/2352/4241 3501/2351/4240
f 3502/2352/4282 5372/2373/4282 5373/1833/4282
f 5374/1833/4283 3503/2354/4242 3502/2352/4241
f 3503/2354/4284 5375/1833/4284 5376/2376/4284
f 5377/2376/4285 3504/2355/4243 3503/2354/4242
f 3504/2355/4286 5378/2376/4286 5379/1838/4286
f 5380/1838/4287 3505/2357/4244 3504/2355/4243
f 3505/2357/4288 5381/1838/4288 5382/2379/4288
f 5383/2379/4289 3506/2358/4245 3505/2357/4244
f 3506/2358/4290 5384/2379/4290 5385/1843/4290
f 5386/1843/4291 3507/2360/4246 3506/2358/4245
f 3507/2360/4292 5387/1843/4292 5388/2382/4292
f 5389/2382/4293 3508/2362/4247 3507/2360/4246
f 3508/2362/4294 5390/2382/4294 5391/1703/4294
f 5392/1848/4295 5393/2856/4295 3518/2955/4295
f 3518/2955/4296 3510/3314/4297 5394/1848/4298
f 5395/2856/4299 5396/2853/4299 3519/2960/4299
f 3519/2960/4300 3518/2955/4296 5397/2856/4299
f 3518/2955/4296 3519/2960/4300 3520/3315/4301
f 3520/3315/4301 3510/3314/4297 3518/2955/4296
f 3520/3315/4301 3511/3316/4302 3510/3314/4297
f 3511/3316/4302 3520/3315/4301 3521/3317/4303
f 3511/3316/4302 3521/3317/4303 3512/3318/4304
f 3512/3318/4304 3522/3319/4305 3523/3320/4306
f 3523/3320/4306 3513/3321/4307 3512/3318/4304
f 3513/3321/4307 3523/3320/4306 3524/3322/4308
f 3524/3322/4308 3514/3323/4309 3513/3321/4307
f 3514/3323/4309 3524/3322/4308 3525/3324/4310
f 3514/3323/4309 3525/3324/4310 3526/3325/4311
f 3526/3325/4311 3515/3326/4312 3514/3323/4309
f 3515/3326/4312 3526/3325/4311 3527/3327/4313
f 3527/3327/4313 3516/3328/4314 3515/3326/4312
f 3516/3328/4314 3527/3327/4313 3528/3329/4315
f 3528/3329/4315 3517/3330/4316 3516/3328/4314
f 5398/2853/4317 5399/2851/4317 3529/2981/4317
f 3529/2981/4318 3519/2960/4300 5400/2853/4317
f 3519/2960/4300 3529/2981/4318 3520/3315/4301
f 5401/2851/4319 5402/2849/4319 3530/2982/4319
f 3530/2982/4320 3529/2981/4318 5403/2851/4321
f 3529/2981/4318 3530/2982/4320 3520/3315/4301
f 3531/3331/4322 3512/3318/4304 3521/3317/4303
f 3512/3318/4304 3531/3331/4322 3522/3319/4305
f 3532/3332/4323 3523/3320/4306 3522/3319/4305
f 3523/3320/4306 3532/3332/4323 3524/3322/4308
f 3533/3333/4324 3526/3325/4311 3525/3324/4310
f 3526/3325/4311 3533/3333/4324 3534/3334/4325
f 3534/3334/4325 3527/3327/4313 3526/3325/4311
f 3527/3327/4313 3534/3334/4325 3535/3335/4326
f 3535/3335/4326 3528/3329/4315 3527/3327/4313
f 5404/2849/4327 5405/2993/4327 3536/2991/4327
f 3536/2991/4328 3530/2982/4320 5406/2849/4327
f 3530/2982/4320 3536/2991/4328 3520/3315/4301
f 5407/2993/4329 5408/2997/4329 3537/2992/4329
f 3537/2992/4330 3536/2991/4328 5409/2993/4331
f 3536/2991/4328 3537/2992/4330 3538/3336/4332
f 3538/3336/4332 3520/3315/4301 3536/2991/4328
f 3539/3337/4333 3522/3319/4305 3531/3331/4322
f 3540/3338/4334 3524/3322/4308 3532/3332/4323
f 3524/3322/4308 3540/3338/4334 3541/3339/4335
f 3541/3339/4335 3525/3324/4310 3524/3322/4308
f 3525/3324/4310 3541/3339/4335 3542/3340/4336
f 3542/3340/4336 3533/3333/4324 3525/3324/4310
f 3533/3333/4324 3542/3340/4336 3543/3341/4337
f 3543/3341/4337 3534/3334/4325 3533/3333/4324
f 3534/3334/4325 3543/3341/4337 3544/3342/4338
f 3544/3342/4338 3535/3335/4326 3534/3334/4325
f 5410/2997/4339 5411/2999/4339 3545/2996/4339
f 3545/2996/4340 3537/2992/4330 5412/2997/4339
f 3537/2992/4330 3545/2996/4340 3538/3336/4332
f 5413/2999/4341 5414/3012/4341 3546/2998/4341
f 3546/2998/4342 3545/2996/4340 5415/2999/4343
f 3545/2996/4340 3546/2998/4342 3538/3336/4332
f 3520/3315/4301 3538/3336/4332 3547/3343/4344
f 3547/3343/4344 3521/3317/4303 3520/3315/4301
f 3521/3317/4303 3547/3343/4344 3548/3344/4345
f 3548/3344/4345 3531/3331/4322 3521/3317/4303
f 3531/3331/4322 3548/3344/4345 3539/3337/4333
f 3522/3319/4305 3539/3337/4333 3549/3345/4346
f 3549/3345/4346 3532/3332/4323 3522/3319/4305
f 3532/3332/4323 3549/3345/4346 3540/3338/4334
f 3550/3346/4347 3542/3340/4336 3541/3339/4335
f 3542/3340/4336 3550/3346/4347 3551/3347/4348
f 3551/3347/4348 3543/3341/4337 3542/3340/4336
f 3543/3341/4337 3551/3347/4348 3552/3348/4349
f 3552/3348/4349 3544/3342/4338 3543/3341/4337
f 5416/3012/4350 5417/3014/4350 3553/3011/4350
f 3553/3011/4351 3546/2998/4342 5418/3012/4350
f 3546/2998/4342 3553/3011/4351 3538/3336/4332
f 5419/3014/4352 5420/3020/4352 3554/3013/4352
f 3554/3013/4353 3553/3011/4351 5421/3014/4352
f 3553/3011/4351 3554/3013/4353 3555/3349/4354
f 3555/3349/4354 3538/3336/4332 3553/3011/4351
f 3556/3350/4355 3539/3337/4333 3548/3344/4345
f 3557/3351/4356 3540/3338/4334 3549/3345/4346
f 3540/3338/4334 3557/3351/4356 3558/3352/4357
f 3558/3352/4357 3541/3339/4335 3540/3338/4334
f 3541/3339/4335 3558/3352/4357 3559/3353/4358
f 3559/3353/4358 3550/3346/4347 3541/3339/4335
f 3550/3346/4347 3559/3353/4358 3560/3354/4359
f 3560/3354/4359 3551/3347/4348 3550/3346/4347
f 3551/3347/4348 3560/3354/4359 3561/3355/4360
f 3561/3355/4360 3552/3348/4349 3551/3347/4348
f 5422/3020/4361 5423/3022/4361 3562/3019/4361
f 3562/3019/4362 3554/3013/4353 5424/3020/4363
f 3554/3013/4353 3562/3019/4362 3555/3349/4354
f 5425/3022/4364 5426/3031/4364 3563/3021/4364
f 3563/3021/4365 3562/3019/4362 5427/3022/4364
f 3562/3019/4362 3563/3021/4365 3555/3349/4354
f 3538/3336/4332 3555/3349/4354 3547/3343/4344
f 3539/3337/4333 3556/3350/4355 3564/3356/4366
f 3564/3356/4366 3549/3345/4346 3539/3337/4333
f 3549/3345/4346 3564/3356/4366 3557/3351/4356
f 3565/3357/4367 3559/3353/4358 3558/3352/4357
f 3559/3353/4358 3565/3357/4367 3566/3358/4368
f 3566/3358/4368 3560/3354/4359 3559/3353/4358
f 3560/3354/4359 3566/3358/4368 3567/3359/4369
f 3567/3359/4369 3561/3355/4360 3560/3354/4359
f 5428/3031/4370 5429/3033/4370 3568/3030/4370
f 3568/3030/4371 3563/3021/4365 5430/3031/4370
f 3563/3021/4365 3568/3030/4371 3555/3349/4354
f 5431/3033/4372 5432/3037/4372 3569/3032/4372
f 3569/3032/4373 3568/3030/4371 5433/3033/4374
f 3568/3030/4371 3569/3032/4373 3570/3360/4375
f 3570/3360/4375 3555/3349/4354 3568/3030/4371
f 3571/3361/4376 3556/3350/4355 3548/3344/4345
f 3572/3362/4377 3557/3351/4356 3564/3356/4366
f 3557/3351/4356 3572/3362/4377 3573/3363/4378
f 3573/3363/4378 3558/3352/4357 3557/3351/4356
f 3558/3352/4357 3573/3363/4378 3574/3364/4379
f 3574/3364/4379 3565/3357/4367 3558/3352/4357
f 3565/3357/4367 3574/3364/4379 3575/3365/4380
f 3575/3365/4380 3566/3358/4368 3565/3357/4367
f 3566/3358/4368 3575/3365/4380 3576/3366/4381
f 3576/3366/4381 3567/3359/4369 3566/3358/4368
f 5434/3037/4382 5435/3039/4382 3577/3036/4382
f 3577/3036/4383 3569/3032/4373 5436/3037/4382
f 3569/3032/4373 3577/3036/4383 3570/3360/4375
f 5437/3039/4384 5438/3051/4384 3578/3038/4384
f 3578/3038/4385 3577/3036/4383 5439/3039/4386
f 3577/3036/4383 3578/3038/4385 3570/3360/4375
f 3555/3349/4354 3570/3360/4375 3579/3367/4387
f 3579/3367/4387 3547/3343/4344 3555/3349/4354
f 3547/3343/4344 3579/3367/4387 3580/3368/4388
f 3580/3368/4388 3548/3344/4345 3547/3343/4344
f 3548/3344/4345 3580/3368/4388 3571/3361/4376
f 3556/3350/4355 3571/3361/4376 3581/3369/4389
f 3581/3369/4389 3564/3356/4366 3556/3350/4355
f 3564/3356/4366 3581/3369/4389 3572/3362/4377
f 3582/3370/4390 3574/3364/4379 3573/3363/4378
f 3574/3364/4379 3582/3370/4390 3583/3371/4391
f 3583/3371/4391 3575/3365/4380 3574/3364/4379
f 3575/3365/4380 3583/3371/4391 3584/3372/4392
f 3584/3372/4392 3576/3366/4381 3575/3365/4380
f 5440/3051/4393 5441/3053/4393 3585/3050/4393
f 3585/3050/4394 3578/3038/4385 5442/3051/4395
f 3578/3038/4385 3585/3050/4394 3570/3360/4375
f 5443/3053/4396 5444/3060/4396 3586/3052/4396
f 3586/3052/4397 3585/3050/4394 5445/3053/4396
f 3585/3050/4394 3586/3052/4397 3587/3373/4398
f 3587/3373/4398 3570/3360/4375 3585/3050/4394
f 3588/3374/4399 3572/3362/4377 3581/3369/4389
f 3572/3362/4377 3588/3374/4399 3589/3375/4400
f 3572/3362/4377 3589/3375/4400 3590/3376/4401
f 3590/3376/4401 3573/3363/4378 3572/3362/4377
f 3573/3363/4378 3590/3376/4401 3591/3377/4402
f 3591/3377/4402 3582/3370/4390 3573/3363/4378
f 3582/3370/4390 3591/3377/4402 3592/3378/4403
f 3592/3378/4403 3583/3371/4391 3582/3370/4390
f 3583/3371/4391 3592/3378/4403 3593/3379/4404
f 3593/3379/4404 3584/3372/4392 3583/3371/4391
f 5446/3060/4405 5447/3062/4405 3594/3059/4405
f 3594/3059/4406 3586/3052/4397 5448/3060/4407
f 3586/3052/4397 3594/3059/4406 3587/3373/4398
f 5449/3062/4408 5450/3073/4408 3595/3061/4408
f 3595/3061/4409 3594/3059/4406 5451/3062/4410
f 3594/3059/4406 3595/3061/4409 3587/3373/4398
f 3570/3360/4375 3587/3373/4398 3579/3367/4387
f 3596/3380/4411 3580/3368/4388 3579/3367/4387
f 3602/3381/4412 3571/3361/4376 3580/3368/4388
f 3571/3361/4376 3602/3381/4412 3588/3374/4399
f 3588/3374/4399 3581/3369/4389 3571/3361/4376
f 3597/3382/4413 3591/3377/4402 3590/3376/4401
f 3591/3377/4402 3597/3382/4413 3598/3383/4414
f 3598/3383/4414 3592/3378/4403 3591/3377/4402
f 3592/3378/4403 3598/3383/4414 3599/3384/4415
f 3599/3384/4415 3593/3379/4404 3592/3378/4403
f 5452/3073/4416 5453/3075/4416 3600/3072/4416
f 3600/3072/4417 3595/3061/4409 5454/3073/4416
f 3595/3061/4409 3600/3072/4417 3587/3373/4398
f 5455/3075/4418 5456/3080/4418 3601/3074/4418
f 3601/3074/4419 3600/3072/4417 5457/3075/4420
f 3600/3072/4417 3601/3074/4419 3587/3373/4398
f 3602/3381/4412 3580/3368/4388 3596/3380/4411
f 3603/3385/4421 3588/3374/4399 3602/3381/4412
f 3588/3374/4399 3603/3385/4421 3604/3386/4422
f 3604/3386/4422 3589/3375/4400 3588/3374/4399
f 3604/3386/4422 3590/3376/4401 3589/3375/4400
f 3590/3376/4401 3604/3386/4422 3605/3387/4423
f 3605/3387/4423 3597/3382/4413 3590/3376/4401
f 3597/3382/4413 3605/3387/4423 3606/3388/4424
f 3606/3388/4424 3598/3383/4414 3597/3382/4413
f 3598/3383/4414 3606/3388/4424 3607/3389/4425
f 3598/3383/4414 3607/3389/4425 3608/3390/4426
f 3608/3390/4426 3599/3384/4415 3598/3383/4414
f 5458/3080/4427 5459/2798/4427 3609/3079/4427
f 3609/3079/4428 3601/3074/4419 5460/3080/4427
f 3601/3074/4419 3609/3079/4428 3587/3373/4398
f 5461/2798/4429 5462/2795/4429 3610/3081/4429
f 3610/3081/4430 3609/3079/4428 5463/2798/4431
f 3609/3079/4428 3610/3081/4430 3587/3373/4398
f 3611/3391/4432 3579/3367/4387 3587/3373/4398
f 3579/3367/4387 3611/3391/4432 3612/3392/4433
f 3612/3392/4433 3596/3380/4411 3579/3367/4387
f 3596/3380/4411 3612/3392/4433 3602/3381/4412
f 3613/3393/4434 3604/3386/4422 3603/3385/4421
f 3614/3394/4435 3606/3388/4424 3605/3387/4423
f 3606/3388/4424 3614/3394/4435 3607/3389/4425
f 3615/3395/4436 3608/3390/4426 3607/3389/4425
f 5464/2795/4437 5465/2796/4437 3616/3091/4437
f 3616/3091/4438 3610/3081/4430 5466/2795/4439
f 3610/3081/4430 3616/3091/4438 3587/3373/4398
f 3604/3386/4422 3613/3393/4434 3617/3396/4440
f 3617/3396/4440 3605/3387/4423 3604/3386/4422
f 3605/3387/4423 3617/3396/4440 3618/3397/4441
f 3618/3397/4441 3614/3394/4435 3605/3387/4423
f 3614/3394/4435 3618/3397/4441 3619/3398/4442
f 3619/3398/4442 3607/3389/4425 3614/3394/4435
f 3607/3389/4425 3619/3398/4442 3615/3395/4436
f 5467/2796/4443 5468/2953/4443 3620/3095/4443
f 3620/3095/4444 3616/3091/4438 5469/2796/4445
f 3616/3091/4438 3620/3095/4444 3621/3399/4446
f 3621/3399/4446 3587/3373/4398 3616/3091/4438
f 3587/3373/4398 3621/3399/4446 3622/3400/4447
f 3587/3373/4398 3622/3400/4447 3611/3391/4432
f 3623/3401/4448 3602/3381/4412 3612/3392/4433
f 3602/3381/4412 3623/3401/4448 3603/3385/4421
f 3624/1650/4449 3615/3395/4436 3619/3398/4442
f 5470/2953/4450 5471/2952/4450 3625/3098/4450
f 3625/3098/4451 3620/3095/4444 5472/2953/4452
f 3620/3095/4444 3625/3098/4451 3621/3399/4446
f 3626/3402/4453 3603/3385/4421 3623/3401/4448
f 3626/3402/4453 3613/3393/4434 3603/3385/4421
f 3613/3393/4434 3626/3402/4453 3627/3403/4454
f 3613/3393/4434 3627/3403/4454 3628/3404/4455
f 3628/3404/4455 3617/3396/4440 3613/3393/4434
f 3617/3396/4440 3628/3404/4455 3629/3405/4456
f 3629/3405/4456 3618/3397/4441 3617/3396/4440
f 3618/3397/4441 3629/3405/4456 3630/3406/4457
f 3630/3406/4457 3619/3398/4442 3618/3397/4441
f 3619/3398/4442 3630/3406/4457 3631/3407/4458
f 3631/3407/4458 3624/1650/4449 3619/3398/4442
f 5473/2952/4459 5474/2947/4459 3632/3102/4459
f 3632/3102/4460 3625/3098/4451 5475/2952/4461
f 3625/3098/4451 3632/3102/4460 3621/3399/4446
f 5476/2947/4462 5477/3116/4462 3633/3103/4462
f 3633/3103/4463 3632/3102/4460 5478/2947/4464
f 3632/3102/4460 3633/3103/4463 3621/3399/4446
f 3611/3391/4432 3622/3400/4447 3634/3408/4465
f 3634/3408/4465 3612/3392/4433 3611/3391/4432
f 3612/3392/4433 3634/3408/4465 3623/3401/4448
f 3635/3409/4466 3629/3405/4456 3628/3404/4455
f 3629/3405/4456 3635/3409/4466 3636/3410/4467
f 3636/3410/4467 3630/3406/4457 3629/3405/4456
f 3630/3406/4457 3636/3410/4467 3637/3411/4468
f 3637/3411/4468 3631/3407/4458 3630/3406/4457
f 5479/3116/4469 5480/3118/4469 3638/3115/4469
f 3638/3115/4470 3633/3103/4463 5481/3116/4469
f 3633/3103/4463 3638/3115/4470 3621/3399/4446
f 5482/3118/4471 5483/3122/4471 3639/3117/4471
f 3639/3117/4472 3638/3115/4470 5484/3118/4473
f 3638/3115/4470 3639/3117/4472 3621/3399/4446
f 3640/3412/4474 3622/3400/4447 3621/3399/4446
f 3641/3413/4475 3623/3401/4448 3634/3408/4465
f 3623/3401/4448 3641/3413/4475 3642/3414/4476
f 3642/3414/4476 3626/3402/4453 3623/3401/4448
f 3626/3402/4453 3642/3414/4476 3643/3415/4477
f 3643/3415/4477 3627/3403/4454 3626/3402/4453
f 3627/3403/4454 3643/3415/4477 3644/3416/4478
f 3644/3416/4478 3628/3404/4455 3627/3403/4454
f 3628/3404/4455 3644/3416/4478 3645/3417/4479
f 3645/3417/4479 3635/3409/4466 3628/3404/4455
f 3635/3409/4466 3645/3417/4479 3646/3418/4480
f 3646/3418/4480 3636/3410/4467 3635/3409/4466
f 3636/3410/4467 3646/3418/4480 3647/3419/4481
f 3647/3419/4481 3637/3411/4468 3636/3410/4467
f 5485/3122/4482 5486/3124/4482 3648/3121/4482
f 3648/3121/4483 3639/3117/4472 5487/3122/4482
f 3639/3117/4472 3648/3121/4483 3621/3399/4446
f 5488/3124/4484 5489/3137/4484 3649/3123/4484
f 3649/3123/4485 3648/3121/4483 5490/3124/4484
f 3648/3121/4483 3649/3123/4485 3650/3420/4486
f 3650/3420/4486 3621/3399/4446 3648/3121/4483
f 3621/3399/4446 3650/3420/4486 3640/3412/4474
f 3622/3400/4447 3640/3412/4474 3634/3408/4465
f 3651/3421/4487 3645/3417/4479 3644/3416/4478
f 3645/3417/4479 3651/3421/4487 3652/3422/4488
f 3652/3422/4488 3646/3418/4480 3645/3417/4479
f 3646/3418/4480 3652/3422/4488 3653/3423/4489
f 3653/3423/4489 3647/3419/4481 3646/3418/4480
f 5491/3137/4490 5492/3139/4490 3654/3136/4490
f 3654/3136/4491 3649/3123/4485 5493/3137/4492
f 3649/3123/4485 3654/3136/4491 3650/3420/4486
f 5494/3139/4493 5495/3147/4493 3655/3138/4493
f 3655/3138/4494 3654/3136/4491 5496/3139/4495
f 3654/3136/4491 3655/3138/4494 3650/3420/4486
f 3656/3424/4496 3640/3412/4474 3650/3420/4486
f 3657/3425/4497 3634/3408/4465 3640/3412/4474
f 3658/3426/4498 3641/3413/4475 3634/3408/4465
f 3641/3413/4475 3658/3426/4498 3659/3427/4499
f 3659/3427/4499 3642/3414/4476 3641/3413/4475
f 3642/3414/4476 3659/3427/4499 3660/3428/4500
f 3660/3428/4500 3643/3415/4477 3642/3414/4476
f 3643/3415/4477 3660/3428/4500 3661/3429/4501
f 3661/3429/4501 3644/3416/4478 3643/3415/4477
f 3644/3416/4478 3661/3429/4501 3662/3430/4502
f 3662/3430/4502 3651/3421/4487 3644/3416/4478
f 3651/3421/4487 3662/3430/4502 3663/3431/4503
f 3663/3431/4503 3652/3422/4488 3651/3421/4487
f 3652/3422/4488 3663/3431/4503 3664/3432/4504
f 3664/3432/4504 3653/3423/4489 3652/3422/4488
f 5497/3147/4505 5498/3149/4505 3665/3146/4505
f 3665/3146/4506 3655/3138/4494 5499/3147/4507
f 3655/3138/4494 3665/3146/4506 3650/3420/4486
f 5500/3149/4508 5501/3158/4508 3666/3148/4508
f 3666/3148/4509 3665/3146/4506 5502/3149/4510
f 3665/3146/4506 3666/3148/4509 3650/3420/4486
f 3640/3412/4474 3656/3424/4496 3657/3425/4497
f 3634/3408/4465 3657/3425/4497 3658/3426/4498
f 3667/3433/4511 3662/3430/4502 3661/3429/4501
f 3662/3430/4502 3667/3433/4511 3668/3434/4512
f 3668/3434/4512 3663/3431/4503 3662/3430/4502
f 3663/3431/4503 3668/3434/4512 3669/3435/4513
f 3669/3435/4513 3664/3432/4504 3663/3431/4503
f 5503/3158/4514 5504/3160/4514 3670/3157/4514
f 3670/3157/4515 3666/3148/4509 5505/3158/4516
f 3666/3148/4509 3670/3157/4515 3650/3420/4486
f 5506/3160/4517 5507/3164/4517 3671/3159/4517
f 3671/3159/4518 3670/3157/4515 5508/3160/4519
f 3670/3157/4515 3671/3159/4518 3650/3420/4486
f 3672/3436/4520 3656/3424/4496 3650/3420/4486
f 3673/3437/4521 3657/3425/4497 3656/3424/4496
f 3674/3438/4522 3658/3426/4498 3657/3425/4497
f 3658/3426/4498 3674/3438/4522 3675/3439/4523
f 3675/3439/4523 3659/3427/4499 3658/3426/4498
f 3659/3427/4499 3675/3439/4523 3676/3440/4524
f 3676/3440/4524 3660/3428/4500 3659/3427/4499
f 3660/3428/4500 3676/3440/4524 3677/3441/4525
f 3677/3441/4525 3661/3429/4501 3660/3428/4500
f 3661/3429/4501 3677/3441/4525 3678/3442/4526
f 3678/3442/4526 3667/3433/4511 3661/3429/4501
f 3667/3433/4511 3678/3442/4526 3679/3443/4527
f 3679/3443/4527 3668/3434/4512 3667/3433/4511
f 3668/3434/4512 3679/3443/4527 3680/3444/4528
f 3680/3444/4528 3669/3435/4513 3668/3434/4512
f 5509/3164/4529 5510/3166/4529 3681/3163/4529
f 3681/3163/4530 3671/3159/4518 5511/3164/4529
f 3671/3159/4518 3681/3163/4530 3650/3420/4486
f 5512/3166/4531 5513/3178/4531 3682/3165/4531
f 3682/3165/4532 3681/3163/4530 5514/3166/4531
f 3681/3163/4530 3682/3165/4532 3683/3445/4533
f 3683/3445/4533 3650/3420/4486 3681/3163/4530
f 3650/3420/4486 3683/3445/4533 3672/3436/4520
f 3656/3424/4496 3672/3436/4520 3673/3437/4521
f 3657/3425/4497 3673/3437/4521 3674/3438/4522
f 3684/3446/4534 3678/3442/4526 3677/3441/4525
f 3678/3442/4526 3684/3446/4534 3685/3447/4535
f 3685/3447/4535 3679/3443/4527 3678/3442/4526
f 3679/3443/4527 3685/3447/4535 3686/3448/4536
f 3686/3448/4536 3680/3444/4528 3679/3443/4527
f 5515/3178/4537 5516/3180/4537 3687/3177/4537
f 3687/3177/4538 3682/3165/4532 5517/3178/4537
f 3682/3165/4532 3687/3177/4538 3683/3445/4533
f 5518/3180/4539 5519/3185/4539 3688/3179/4539
f 3688/3179/4540 3687/3177/4538 5520/3180/4539
f 3687/3177/4538 3688/3179/4540 3683/3445/4533
f 3689/3449/4541 3672/3436/4520 3683/3445/4533
f 3690/3450/4542 3673/3437/4521 3672/3436/4520
f 3691/3451/4543 3674/3438/4522 3673/3437/4521
f 3674/3438/4522 3691/3451/4543 3692/3452/4544
f 3692/3452/4544 3675/3439/4523 3674/3438/4522
f 3675/3439/4523 3692/3452/4544 3693/3453/4545
f 3693/3453/4545 3676/3440/4524 3675/3439/4523
f 3676/3440/4524 3693/3453/4545 3694/3454/4546
f 3694/3454/4546 3677/3441/4525 3676/3440/4524
f 3677/3441/4525 3694/3454/4546 3695/3455/4547
f 3695/3455/4547 3684/3446/4534 3677/3441/4525
f 3684/3446/4534 3695/3455/4547 3696/3456/4548
f 3696/3456/4548 3685/3447/4535 3684/3446/4534
f 3685/3447/4535 3696/3456/4548 3697/3457/4549
f 3697/3457/4549 3686/3448/4536 3685/3447/4535
f 5521/3185/4550 5522/3187/4550 3698/3184/4550
f 3698/3184/4551 3688/3179/4540 5523/3185/4550
f 3688/3179/4540 3698/3184/4551 3683/3445/4533
f 5524/3187/4552 5525/3197/4552 3699/3186/4552
f 3699/3186/4553 3698/3184/4551 5526/3187/4554
f 3698/3184/4551 3699/3186/4553 3683/3445/4533
f 3672/3436/4520 3689/3449/4541 3690/3450/4542
f 3673/3437/4521 3690/3450/4542 3691/3451/4543
f 3700/3458/4555 3695/3455/4547 3694/3454/4546
f 3695/3455/4547 3700/3458/4555 3701/3459/4556
f 3701/3459/4556 3696/3456/4548 3695/3455/4547
f 3696/3456/4548 3701/3459/4556 3702/3460/4557
f 3702/3460/4557 3697/3457/4549 3696/3456/4548
f 5527/3197/4558 5528/3199/4558 3703/3196/4558
f 3703/3196/4559 3699/3186/4553 5529/3197/4558
f 3699/3186/4553 3703/3196/4559 3683/3445/4533
f 5530/3199/4560 5531/2902/4560 3704/3198/4560
f 3704/3198/4561 3703/3196/4559 5532/3199/4560
f 3703/3196/4559 3704/3198/4561 3683/3445/4533
f 3705/3461/4562 3692/3452/4544 3691/3451/4543
f 3692/3452/4544 3705/3461/4562 3706/3462/4563
f 3706/3462/4563 3693/3453/4545 3692/3452/4544
f 3706/3462/4563 3694/3454/4546 3693/3453/4545
f 3694/3454/4546 3706/3462/4563 3707/3463/4564
f 3707/3463/4564 3700/3458/4555 3694/3454/4546
f 3700/3458/4555 3707/3463/4564 3708/3464/4565
f 3708/3464/4565 3701/3459/4556 3700/3458/4555
f 3701/3459/4556 3708/3464/4565 3709/3465/4566
f 3709/3465/4566 3702/3460/4557 3701/3459/4556
f 5533/2902/4567 5534/977/4567 3710/3202/4567
f 3710/3202/4568 3704/3198/4561 5535/2902/4569
f 3704/3198/4561 3710/3202/4568 3683/3445/4533
f 5536/977/4570 5537/2073/4570 3711/2075/4570
f 3711/2075/4571 3710/3202/4568 5538/977/4570
f 3710/3202/4568 3711/2075/4571 3712/3466/4572
f 3712/3466/4572 3683/3445/4533 3710/3202/4568
f 3712/3466/4572 3689/3449/4541 3683/3445/4533
f 3689/3449/4541 3712/3466/4572 3713/3467/4573
f 3713/3467/4573 3690/3450/4542 3689/3449/4541
f 3690/3450/4542 3713/3467/4573 3714/3468/4574
f 3714/3468/4574 3691/3451/4543 3690/3450/4542
f 3691/3451/4543 3714/3468/4574 3705/3461/4562
f 3715/3469/4575 3706/3462/4563 3705/3461/4562
f 3706/3462/4563 3715/3469/4575 3716/3470/4576
f 3706/3462/4563 3716/3470/4576 3717/3471/4577
f 3717/3471/4577 3707/3463/4564 3706/3462/4563
f 3707/3463/4564 3717/3471/4577 3718/3472/4578
f 3718/3472/4578 3708/3464/4565 3707/3463/4564
f 3708/3464/4565 3718/3472/4578 3719/2364/4579
f 3719/2364/4579 3709/3465/4566 3708/3464/4565
f 5539/2073/4580 5540/1002/4580 3720/2100/4580
f 3720/2100/4581 3711/2075/4571 5541/2073/4582
f 3711/2075/4571 3720/2100/4581 3712/3466/4572
f 3705/3461/4562 3714/3468/4574 3715/3469/4575
f 3721/1703/4583 3719/2364/4579 3718/3472/4578
f 5542/1848/4584 5543/2856/4584 3722/2955/4584
f 3722/2955/4585 5544/3214/4585 5545/1848/4585
f 5546/3214/4586 3722/2955/4587 3723/3473/4588
f 3723/3473/4589 5547/3216/4589 5548/3214/4589
f 5549/3216/4590 3723/3473/4588 3724/3474/4591
f 3724/3474/4592 5550/3218/4592 5551/3216/4592
f 5552/3218/4593 3724/3474/4591 3725/3475/4594
f 3725/3475/4595 5553/3220/4595 5554/3218/4595
f 5555/3220/4596 3725/3475/4594 3726/3221/4597
f 3726/3221/4598 5556/3222/4598 5557/3220/4598
f 5558/3222/4599 3726/3221/4597 3727/3476/4600
f 3727/3476/4601 5559/3224/4601 5560/3222/4601
f 5561/3224/4602 3727/3476/4600 3728/3477/4603
f 3728/3477/4604 5562/3227/4604 5563/3224/4604
f 5564/3227/4605 3728/3477/4603 3729/3229/4606
f 3729/3229/4607 5565/3230/4607 5566/3227/4607
f 5567/3230/4608 3729/3229/4606 3730/3232/4609
f 3730/3232/4608 5568/3233/4608 5569/3230/4608
f 5570/3233/4610 3730/3232/4609 3731/3235/4611
f 3731/3235/4610 5571/3236/4610 5572/3233/4610
f 5573/3236/4612 3731/3235/4611 3732/3478/4613
f 3732/3478/4612 5574/3238/4612 5575/3236/4612
f 5576/3238/4614 3732/3478/4613 3733/3239/4615
f 3733/3239/4614 5577/3240/4614 5578/3238/4614
f 5579/3240/4616 3733/3239/4615 3734/3241/4617
f 3734/3241/4616 5580/3242/4616 5581/3240/4616
f 5582/3242/4618 3734/3241/4617 3735/3243/4619
f 3735/3243/4618 5583/3244/4618 5584/3242/4618
f 5585/3244/4620 3735/3243/4619 3736/3245/4621
f 3736/3245/4620 5586/3246/4620 5587/3244/4620
f 5588/3246/4622 3736/3245/4621 3737/3479/4623
f 3737/3479/4622 5589/3248/4622 5590/3246/4622
f 5591/3248/4624 3737/3479/4623 3738/3480/4625
f 3738/3480/4626 5592/3250/4626 5593/3248/4626
f 5594/3250/4627 3738/3480/4625 3739/3251/4628
f 3739/3251/4629 5595/3252/4629 5596/3250/4629
f 5597/3252/4630 3739/3251/4628 3740/3253/4631
f 3740/3253/4630 5598/3254/4630 5599/3252/4630
f 5600/3254/4632 3740/3253/4631 3741/3256/4633
f 3741/3256/4632 5601/3257/4632 5602/3254/4632
f 5603/3257/4634 3741/3256/4633 3742/3259/4635
f 3742/3259/4634 5604/3260/4634 5605/3257/4634
f 5606/3260/4636 3742/3259/4635 3743/3262/4637
f 3743/3262/4636 5607/3263/4636 5608/3260/4636
f 5609/3263/4638 3743/3262/4637 3744/3265/4639
f 3744/3265/4638 5610/3266/4638 5611/3263/4638
f 5612/3266/4640 3744/3265/4639 3745/3268/4641
f 3745/3268/4642 5613/3269/4642 5614/3266/4642
f 5615/3269/4643 3745/3268/4641 3746/2130/4644
f 3746/2130/4645 5616/1592/4645 5617/3269/4645
f 5618/2856/4646 5619/2853/4646 3747/2960/4646
f 3747/2960/4647 3722/2955/4587 5620/2856/4646
f 3722/2955/4587 3747/2960/4647 3723/3473/4588
f 3748/3481/4648 3726/3221/4597 3725/3475/4594
f 3748/3481/4648 3727/3476/4600 3726/3221/4597
f 3727/3476/4600 3748/3481/4648 3728/3477/4603
f 3749/3482/4649 3729/3229/4606 3728/3477/4603
f 3749/3482/4649 3730/3232/4609 3729/3229/4606
f 3749/3482/4649 3731/3235/4611 3730/3232/4609
f 3749/3482/4649 3732/3478/4613 3731/3235/4611
f 3732/3478/4613 3749/3482/4649 3750/3483/4650
f 3750/3483/4650 3733/3239/4615 3732/3478/4613
f 3750/3483/4650 3734/3241/4617 3733/3239/4615
f 3750/3483/4650 3735/3243/4619 3734/3241/4617
f 3750/3483/4650 3736/3245/4621 3735/3243/4619
f 3750/3483/4650 3737/3479/4623 3736/3245/4621
f 3737/3479/4623 3750/3483/4650 3738/3480/4625
f 3739/3251/4628 3738/3480/4625 3751/3484/4651
f 3751/3484/4651 3740/3253/4631 3739/3251/4628
f 3751/3484/4651 3741/3256/4633 3740/3253/4631
f 3741/3256/4633 3751/3484/4651 3752/3325/4652
f 3752/3325/4652 3742/3259/4635 3741/3256/4633
f 3752/3325/4652 3743/3262/4637 3742/3259/4635
f 3743/3262/4637 3752/3325/4652 3753/3327/4653
f 3753/3327/4653 3744/3265/4639 3743/3262/4637
f 3753/3327/4653 3745/3268/4641 3744/3265/4639
f 3745/3268/4641 3753/3327/4653 3754/3329/4654
f 3754/3329/4654 3746/2130/4644 3745/3268/4641
f 5621/2853/4655 5622/2851/4655 3755/2981/4655
f 3755/2981/4656 3747/2960/4647 5623/2853/4657
f 3747/2960/4647 3755/2981/4656 3723/3473/4588
f 5624/2851/4658 5625/2849/4658 3756/2982/4658
f 3756/2982/4659 3755/2981/4656 5626/2851/4658
f 3755/2981/4656 3756/2982/4659 3757/3485/4660
f 3757/3485/4660 3723/3473/4588 3755/2981/4656
f 3757/3485/4660 3724/3474/4591 3723/3473/4588
f 3724/3474/4591 3757/3485/4660 3725/3475/4594
f 3728/3477/4603 3748/3481/4648 3749/3482/4649
f 3758/3486/4661 3738/3480/4625 3750/3483/4650
f 3738/3480/4625 3758/3486/4661 3759/3487/4662
f 3759/3487/4662 3751/3484/4651 3738/3480/4625
f 3751/3484/4651 3759/3487/4662 3760/3488/4663
f 3760/3488/4663 3752/3325/4652 3751/3484/4651
f 3752/3325/4652 3760/3488/4663 3761/3334/4664
f 3761/3334/4664 3753/3327/4653 3752/3325/4652
f 3753/3327/4653 3761/3334/4664 3762/3335/4665
f 3762/3335/4665 3754/3329/4654 3753/3327/4653
f 5627/2849/4666 5628/2993/4666 3763/2991/4666
f 3763/2991/4667 3756/2982/4659 5629/2849/4666
f 3756/2982/4659 3763/2991/4667 3757/3485/4660
f 5630/2993/4668 5631/2997/4668 3764/2992/4668
f 3764/2992/4669 3763/2991/4667 5632/2993/4670
f 3763/2991/4667 3764/2992/4669 3757/3485/4660
f 3725/3475/4594 3757/3485/4660 3765/3489/4671
f 3765/3489/4671 3748/3481/4648 3725/3475/4594
f 3766/3490/4672 3749/3482/4649 3748/3481/4648
f 3749/3482/4649 3766/3490/4672 3767/3491/4673
f 3767/3491/4673 3750/3483/4650 3749/3482/4649
f 3750/3483/4650 3767/3491/4673 3758/3486/4661
f 3768/3492/4674 3760/3488/4663 3759/3487/4662
f 3760/3488/4663 3768/3492/4674 3769/3493/4675
f 3769/3493/4675 3761/3334/4664 3760/3488/4663
f 3761/3334/4664 3769/3493/4675 3770/3494/4676
f 3770/3494/4676 3762/3335/4665 3761/3334/4664
f 5633/2997/4677 5634/2999/4677 3771/2996/4677
f 3771/2996/4678 3764/2992/4669 5635/2997/4677
f 3764/2992/4669 3771/2996/4678 3757/3485/4660
f 5636/2999/4679 5637/3012/4679 3772/2998/4679
f 3772/2998/4680 3771/2996/4678 5638/2999/4681
f 3771/2996/4678 3772/2998/4680 3773/3495/4682
f 3773/3495/4682 3757/3485/4660 3771/2996/4678
f 3757/3485/4660 3773/3495/4682 3774/3496/4683
f 3748/3481/4648 3765/3489/4671 3766/3490/4672
f 3775/3497/4684 3758/3486/4661 3767/3491/4673
f 3758/3486/4661 3775/3497/4684 3776/3498/4685
f 3776/3498/4685 3759/3487/4662 3758/3486/4661
f 3759/3487/4662 3776/3498/4685 3777/3499/4686
f 3777/3499/4686 3768/3492/4674 3759/3487/4662
f 3768/3492/4674 3777/3499/4686 3778/3347/4687
f 3778/3347/4687 3769/3493/4675 3768/3492/4674
f 3769/3493/4675 3778/3347/4687 3779/3348/4688
f 3779/3348/4688 3770/3494/4676 3769/3493/4675
f 5639/3012/4689 5640/3014/4689 3780/3011/4689
f 3780/3011/4690 3772/2998/4680 5641/3012/4691
f 3772/2998/4680 3780/3011/4690 3773/3495/4682
f 5642/3014/4692 5643/3020/4692 3781/3013/4692
f 3781/3013/4693 3780/3011/4690 5644/3014/4694
f 3780/3011/4690 3781/3013/4693 3773/3495/4682
f 3757/3485/4660 3774/3496/4683 3782/3500/4695
f 3782/3500/4695 3765/3489/4671 3757/3485/4660
f 3783/3501/4696 3766/3490/4672 3765/3489/4671
f 3766/3490/4672 3783/3501/4696 3784/3502/4697
f 3784/3502/4697 3767/3491/4673 3766/3490/4672
f 3767/3491/4673 3784/3502/4697 3775/3497/4684
f 3785/3353/4698 3777/3499/4686 3776/3498/4685
f 3777/3499/4686 3785/3353/4698 3786/3354/4699
f 3786/3354/4699 3778/3347/4687 3777/3499/4686
f 3778/3347/4687 3786/3354/4699 3787/3355/4700
f 3787/3355/4700 3779/3348/4688 3778/3347/4687
f 5645/3020/4701 5646/3022/4701 3788/3019/4701
f 3788/3019/4702 3781/3013/4693 5647/3020/4703
f 3781/3013/4693 3788/3019/4702 3773/3495/4682
f 5648/3022/4704 5649/3031/4704 3789/3021/4704
f 3789/3021/4705 3788/3019/4702 5650/3022/4706
f 3788/3019/4702 3789/3021/4705 3773/3495/4682
f 3790/3503/4707 3774/3496/4683 3773/3495/4682
f 3765/3489/4671 3782/3500/4695 3783/3501/4696
f 3791/3504/4708 3775/3497/4684 3784/3502/4697
f 3775/3497/4684 3791/3504/4708 3792/3505/4709
f 3792/3505/4709 3776/3498/4685 3775/3497/4684
f 3776/3498/4685 3792/3505/4709 3793/3357/4710
f 3793/3357/4710 3785/3353/4698 3776/3498/4685
f 3785/3353/4698 3793/3357/4710 3794/3358/4711
f 3794/3358/4711 3786/3354/4699 3785/3353/4698
f 3786/3354/4699 3794/3358/4711 3795/3506/4712
f 3795/3506/4712 3787/3355/4700 3786/3354/4699
f 5651/3031/4713 5652/3033/4713 3796/3030/4713
f 3796/3030/4714 3789/3021/4705 5653/3031/4715
f 3789/3021/4705 3796/3030/4714 3773/3495/4682
f 5654/3033/4716 5655/3037/4716 3797/3032/4716
f 3797/3032/4717 3796/3030/4714 5656/3033/4718
f 3796/3030/4714 3797/3032/4717 3773/3495/4682
f 3774/3496/4683 3790/3503/4707 3798/3507/4719
f 3798/3507/4719 3782/3500/4695 3774/3496/4683
f 3799/3508/4720 3783/3501/4696 3782/3500/4695
f 3783/3501/4696 3799/3508/4720 3800/3509/4721
f 3800/3509/4721 3784/3502/4697 3783/3501/4696
f 3784/3502/4697 3800/3509/4721 3791/3504/4708
f 3801/3364/4722 3793/3357/4710 3792/3505/4709
f 3793/3357/4710 3801/3364/4722 3802/3365/4723
f 3802/3365/4723 3794/3358/4711 3793/3357/4710
f 3794/3358/4711 3802/3365/4723 3803/3366/4724
f 3803/3366/4724 3795/3506/4712 3794/3358/4711
f 5657/3037/4725 5658/3039/4725 3804/3036/4725
f 3804/3036/4726 3797/3032/4717 5659/3037/4727
f 3797/3032/4717 3804/3036/4726 3773/3495/4682
f 5660/3039/4728 5661/3051/4728 3805/3038/4728
f 3805/3038/4729 3804/3036/4726 5662/3039/4730
f 3804/3036/4726 3805/3038/4729 3806/3510/4731
f 3806/3510/4731 3773/3495/4682 3804/3036/4726
f 3806/3510/4731 3790/3503/4707 3773/3495/4682
f 3782/3500/4695 3798/3507/4719 3799/3508/4720
f 3807/3511/4732 3791/3504/4708 3800/3509/4721
f 3791/3504/4708 3807/3511/4732 3808/3512/4733
f 3808/3512/4733 3792/3505/4709 3791/3504/4708
f 3792/3505/4709 3808/3512/4733 3809/3370/4734
f 3809/3370/4734 3801/3364/4722 3792/3505/4709
f 3801/3364/4722 3809/3370/4734 3810/3371/4735
f 3810/3371/4735 3802/3365/4723 3801/3364/4722
f 3802/3365/4723 3810/3371/4735 3811/3372/4736
f 3811/3372/4736 3803/3366/4724 3802/3365/4723
f 5663/3051/4737 5664/3053/4737 3812/3050/4737
f 3812/3050/4738 3805/3038/4729 5665/3051/4739
f 3805/3038/4729 3812/3050/4738 3806/3510/4731
f 5666/3053/4740 5667/3060/4740 3813/3052/4740
f 3813/3052/4741 3812/3050/4738 5668/3053/4740
f 3812/3050/4738 3813/3052/4741 3806/3510/4731
f 3790/3503/4707 3806/3510/4731 3814/3513/4742
f 3814/3513/4742 3798/3507/4719 3790/3503/4707
f 3815/3514/4743 3799/3508/4720 3798/3507/4719
f 3799/3508/4720 3815/3514/4743 3816/3515/4744
f 3816/3515/4744 3800/3509/4721 3799/3508/4720
f 3800/3509/4721 3816/3515/4744 3807/3511/4732
f 3817/3377/4745 3809/3370/4734 3808/3512/4733
f 3809/3370/4734 3817/3377/4745 3818/3378/4746
f 3818/3378/4746 3810/3371/4735 3809/3370/4734
f 3810/3371/4735 3818/3378/4746 3819/3379/4747
f 3819/3379/4747 3811/3372/4736 3810/3371/4735
f 5669/3060/4748 5670/3062/4748 3820/3059/4748
f 3820/3059/4749 3813/3052/4741 5671/3060/4748
f 3813/3052/4741 3820/3059/4749 3806/3510/4731
f 5672/3062/4750 5673/3073/4750 3821/3061/4750
f 3821/3061/4751 3820/3059/4749 5674/3062/4752
f 3820/3059/4749 3821/3061/4751 3822/3516/4753
f 3822/3516/4753 3806/3510/4731 3820/3059/4749
f 3798/3507/4719 3814/3513/4742 3815/3514/4743
f 3823/3517/4754 3807/3511/4732 3816/3515/4744
f 3807/3511/4732 3823/3517/4754 3824/3518/4755
f 3824/3518/4755 3808/3512/4733 3807/3511/4732
f 3808/3512/4733 3824/3518/4755 3825/3519/4756
f 3825/3519/4756 3817/3377/4745 3808/3512/4733
f 3817/3377/4745 3825/3519/4756 3826/3520/4757
f 3826/3520/4757 3818/3378/4746 3817/3377/4745
f 3818/3378/4746 3826/3520/4757 3827/3521/4758
f 3827/3521/4758 3819/3379/4747 3818/3378/4746
f 5675/3073/4759 5676/3075/4759 3828/3072/4759
f 3828/3072/4760 3821/3061/4751 5677/3073/4759
f 3821/3061/4751 3828/3072/4760 3822/3516/4753
f 5678/3075/4761 5679/3080/4761 3829/3074/4761
f 3829/3074/4762 3828/3072/4760 5680/3075/4763
f 3828/3072/4760 3829/3074/4762 3822/3516/4753
f 3830/3522/4764 3806/3510/4731 3822/3516/4753
f 3830/3522/4764 3814/3513/4742 3806/3510/4731
f 3831/3523/4765 3815/3514/4743 3814/3513/4742
f 3815/3514/4743 3831/3523/4765 3832/3524/4766
f 3832/3524/4766 3816/3515/4744 3815/3514/4743
f 3832/3524/4766 3823/3517/4754 3816/3515/4744
f 3823/3517/4754 3832/3524/4766 3833/3525/4767
f 3823/3517/4754 3833/3525/4767 3834/3526/4768
f 3834/3526/4768 3824/3518/4755 3823/3517/4754
f 3824/3518/4755 3834/3526/4768 3835/3527/4769
f 3835/3527/4769 3825/3519/4756 3824/3518/4755
f 3825/3519/4756 3835/3527/4769 3836/3528/4770
f 3836/3528/4770 3826/3520/4757 3825/3519/4756
f 3826/3520/4757 3836/3528/4770 3837/3390/4771
f 3837/3390/4771 3827/3521/4758 3826/3520/4757
f 5681/3080/4772 5682/2798/4772 3838/3079/4772
f 3838/3079/4773 3829/3074/4762 5683/3080/4774
f 3829/3074/4762 3838/3079/4773 3822/3516/4753
f 5684/2798/4775 5685/2795/4775 3839/3081/4775
f 3839/3081/4776 3838/3079/4773 5686/2798/4777
f 3838/3079/4773 3839/3081/4776 3822/3516/4753
f 3822/3516/4753 3847/3529/4778 3830/3522/4764
f 3840/3530/4779 3836/3528/4770 3835/3527/4769
f 3836/3528/4770 3840/3530/4779 3841/3395/4780
f 3841/3395/4780 3837/3390/4771 3836/3528/4770
f 5687/2795/4781 5688/2796/4781 3842/3091/4781
f 3842/3091/4782 3839/3081/4776 5689/2795/4783
f 3839/3081/4776 3842/3091/4782 3822/3516/4753
f 3843/3531/4784 3834/3526/4768 3833/3525/4767
f 3834/3526/4768 3843/3531/4784 3844/3397/4785
f 3844/3397/4785 3835/3527/4769 3834/3526/4768
f 3835/3527/4769 3844/3397/4785 3845/3398/4786
f 3845/3398/4786 3840/3530/4779 3835/3527/4769
f 3840/3530/4779 3845/3398/4786 3841/3395/4780
f 5690/2796/4787 5691/2953/4787 3846/3095/4787
f 3846/3095/4788 3842/3091/4782 5692/2796/4789
f 3842/3091/4782 3846/3095/4788 3847/3529/4778
f 3847/3529/4778 3822/3516/4753 3842/3091/4782
f 3848/3532/4790 3814/3513/4742 3830/3522/4764
f 3814/3513/4742 3848/3532/4790 3849/3533/4791
f 3849/3533/4791 3831/3523/4765 3814/3513/4742
f 3831/3523/4765 3849/3533/4791 3832/3524/4766
f 3850/1650/4792 3841/3395/4780 3845/3398/4786
f 5693/2953/4793 5694/2952/4793 3851/3098/4793
f 3851/3098/4794 3846/3095/4788 5695/2953/4795
f 3846/3095/4788 3851/3098/4794 3847/3529/4778
f 3852/3534/4796 3832/3524/4766 3849/3533/4791
f 3832/3524/4766 3852/3534/4796 3853/3535/4797
f 3853/3535/4797 3833/3525/4767 3832/3524/4766
f 3833/3525/4767 3853/3535/4797 3854/3404/4798
f 3854/3404/4798 3843/3531/4784 3833/3525/4767
f 3843/3531/4784 3854/3404/4798 3855/3536/4799
f 3855/3536/4799 3844/3397/4785 3843/3531/4784
f 3844/3397/4785 3855/3536/4799 3856/3406/4800
f 3856/3406/4800 3845/3398/4786 3844/3397/4785
f 3845/3398/4786 3856/3406/4800 3857/3407/4801
f 3857/3407/4801 3850/1650/4792 3845/3398/4786
f 5696/2952/4802 5697/2947/4802 3858/3102/4802
f 3858/3102/4803 3851/3098/4794 5698/2952/4804
f 3851/3098/4794 3858/3102/4803 3847/3529/4778
f 5699/2947/4805 5700/3116/4805 3859/3103/4805
f 3859/3103/4806 3858/3102/4803 5701/2947/4807
f 3858/3102/4803 3859/3103/4806 3847/3529/4778
f 3865/3537/4808 3830/3522/4764 3847/3529/4778
f 3830/3522/4764 3865/3537/4808 3848/3532/4790
f 3860/3538/4809 3855/3536/4799 3854/3404/4798
f 3855/3536/4799 3860/3538/4809 3861/3410/4810
f 3861/3410/4810 3856/3406/4800 3855/3536/4799
f 3856/3406/4800 3861/3410/4810 3862/3411/4811
f 3862/3411/4811 3857/3407/4801 3856/3406/4800
f 5702/3116/4812 5703/3118/4812 3863/3115/4812
f 3863/3115/4813 3859/3103/4806 5704/3116/4812
f 3859/3103/4806 3863/3115/4813 3847/3529/4778
f 5705/3118/4814 5706/3122/4814 3864/3117/4814
f 3864/3117/4815 3863/3115/4813 5707/3118/4816
f 3863/3115/4813 3864/3117/4815 3865/3537/4808
f 3865/3537/4808 3847/3529/4778 3863/3115/4813
f 3866/3539/4817 3848/3532/4790 3865/3537/4808
f 3867/3540/4818 3849/3533/4791 3848/3532/4790
f 3868/3541/4819 3852/3534/4796 3849/3533/4791
f 3852/3534/4796 3868/3541/4819 3869/3542/4820
f 3869/3542/4820 3853/3535/4797 3852/3534/4796
f 3853/3535/4797 3869/3542/4820 3870/3416/4821
f 3870/3416/4821 3854/3404/4798 3853/3535/4797
f 3854/3404/4798 3870/3416/4821 3871/3543/4822
f 3871/3543/4822 3860/3538/4809 3854/3404/4798
f 3860/3538/4809 3871/3543/4822 3872/3418/4823
f 3872/3418/4823 3861/3410/4810 3860/3538/4809
f 3861/3410/4810 3872/3418/4823 3873/3544/4824
f 3873/3544/4824 3862/3411/4811 3861/3410/4810
f 5708/3122/4825 5709/3124/4825 3874/3121/4825
f 3874/3121/4826 3864/3117/4815 5710/3122/4827
f 3864/3117/4815 3874/3121/4826 3865/3537/4808
f 5711/3124/4828 5712/3137/4828 3875/3123/4828
f 3875/3123/4829 3874/3121/4826 5713/3124/4828
f 3874/3121/4826 3875/3123/4829 3865/3537/4808
f 3865/3537/4808 3876/3545/4830 3866/3539/4817
f 3877/3546/4831 3848/3532/4790 3866/3539/4817
f 3848/3532/4790 3877/3546/4831 3867/3540/4818
f 3849/3533/4791 3867/3540/4818 3868/3541/4819
f 3878/3421/4832 3871/3543/4822 3870/3416/4821
f 3871/3543/4822 3878/3421/4832 3879/3547/4833
f 3879/3547/4833 3872/3418/4823 3871/3543/4822
f 3872/3418/4823 3879/3547/4833 3880/3423/4834
f 3880/3423/4834 3873/3544/4824 3872/3418/4823
f 5714/3137/4835 5715/3139/4835 3881/3136/4835
f 3881/3136/4836 3875/3123/4829 5716/3137/4837
f 3875/3123/4829 3881/3136/4836 3865/3537/4808
f 5717/3139/4838 5718/3147/4838 3882/3138/4838
f 3882/3138/4839 3881/3136/4836 5719/3139/4840
f 3881/3136/4836 3882/3138/4839 3883/3548/4841
f 3883/3548/4841 3865/3537/4808 3881/3136/4836
f 3865/3537/4808 3883/3548/4841 3876/3545/4830
f 3884/3549/4842 3866/3539/4817 3876/3545/4830
f 3866/3539/4817 3884/3549/4842 3877/3546/4831
f 3885/3550/4843 3868/3541/4819 3867/3540/4818
f 3868/3541/4819 3885/3550/4843 3886/3428/4844
f 3886/3428/4844 3869/3542/4820 3868/3541/4819
f 3869/3542/4820 3886/3428/4844 3887/3551/4845
f 3887/3551/4845 3870/3416/4821 3869/3542/4820
f 3870/3416/4821 3887/3551/4845 3888/3430/4846
f 3888/3430/4846 3878/3421/4832 3870/3416/4821
f 3878/3421/4832 3888/3430/4846 3889/3431/4847
f 3889/3431/4847 3879/3547/4833 3878/3421/4832
f 3879/3547/4833 3889/3431/4847 3890/3432/4848
f 3890/3432/4848 3880/3423/4834 3879/3547/4833
f 5720/3147/4849 5721/3149/4849 3891/3146/4849
f 3891/3146/4850 3882/3138/4839 5722/3147/4849
f 3882/3138/4839 3891/3146/4850 3883/3548/4841
f 5723/3149/4851 5724/3158/4851 3892/3148/4851
f 3892/3148/4852 3891/3146/4850 5725/3149/4853
f 3891/3146/4850 3892/3148/4852 3883/3548/4841
f 3893/3552/4854 3877/3546/4831 3884/3549/4842
f 3893/3552/4854 3867/3540/4818 3877/3546/4831
f 3867/3540/4818 3893/3552/4854 3885/3550/4843
f 3894/3433/4855 3888/3430/4846 3887/3551/4845
f 3888/3430/4846 3894/3433/4855 3895/3434/4856
f 3895/3434/4856 3889/3431/4847 3888/3430/4846
f 3889/3431/4847 3895/3434/4856 3896/3435/4857
f 3896/3435/4857 3890/3432/4848 3889/3431/4847
f 5726/3158/4858 5727/3160/4858 3897/3157/4858
f 3897/3157/4859 3892/3148/4852 5728/3158/4858
f 3892/3148/4852 3897/3157/4859 3883/3548/4841
f 5729/3160/4860 5730/3164/4860 3898/3159/4860
f 3898/3159/4861 3897/3157/4859 5731/3160/4860
f 3897/3157/4859 3898/3159/4861 3883/3548/4841
f 3899/3553/4862 3885/3550/4843 3893/3552/4854
f 3885/3550/4843 3899/3553/4862 3900/3440/4863
f 3900/3440/4863 3886/3428/4844 3885/3550/4843
f 3886/3428/4844 3900/3440/4863 3901/3441/4864
f 3901/3441/4864 3887/3551/4845 3886/3428/4844
f 3887/3551/4845 3901/3441/4864 3902/3442/4865
f 3902/3442/4865 3894/3433/4855 3887/3551/4845
f 3894/3433/4855 3902/3442/4865 3903/3443/4866
f 3903/3443/4866 3895/3434/4856 3894/3433/4855
f 3895/3434/4856 3903/3443/4866 3904/3554/4867
f 3904/3554/4867 3896/3435/4857 3895/3434/4856
f 5732/3164/4868 5733/3166/4868 3905/3163/4868
f 3905/3163/4869 3898/3159/4861 5734/3164/4870
f 3898/3159/4861 3905/3163/4869 3883/3548/4841
f 5735/3166/4871 5736/3178/4871 3906/3165/4871
f 3906/3165/4872 3905/3163/4869 5737/3166/4871
f 3905/3163/4869 3906/3165/4872 3883/3548/4841
f 3907/3555/4873 3876/3545/4830 3883/3548/4841
f 3876/3545/4830 3907/3555/4873 3884/3549/4842
f 3908/3556/4874 3893/3552/4854 3884/3549/4842
f 3893/3552/4854 3908/3556/4874 3899/3553/4862
f 3909/3446/4875 3902/3442/4865 3901/3441/4864
f 3902/3442/4865 3909/3446/4875 3910/3557/4876
f 3910/3557/4876 3903/3443/4866 3902/3442/4865
f 3903/3443/4866 3910/3557/4876 3911/3448/4877
f 3911/3448/4877 3904/3554/4867 3903/3443/4866
f 5738/3178/4878 5739/3180/4878 3912/3177/4878
f 3912/3177/4879 3906/3165/4872 5740/3178/4880
f 3906/3165/4872 3912/3177/4879 3883/3548/4841
f 5741/3180/4881 5742/3185/4881 3913/3179/4881
f 3913/3179/4882 3912/3177/4879 5743/3180/4883
f 3912/3177/4879 3913/3179/4882 3914/3558/4884
f 3914/3558/4884 3883/3548/4841 3912/3177/4879
f 3883/3548/4841 3914/3558/4884 3907/3555/4873
f 3915/3559/4885 3884/3549/4842 3907/3555/4873
f 3884/3549/4842 3915/3559/4885 3908/3556/4874
f 3916/3560/4886 3899/3553/4862 3908/3556/4874
f 3899/3553/4862 3916/3560/4886 3917/3561/4887
f 3917/3561/4887 3900/3440/4863 3899/3553/4862
f 3900/3440/4863 3917/3561/4887 3918/3454/4888
f 3918/3454/4888 3901/3441/4864 3900/3440/4863
f 3901/3441/4864 3918/3454/4888 3919/3455/4889
f 3919/3455/4889 3909/3446/4875 3901/3441/4864
f 3909/3446/4875 3919/3455/4889 3920/3456/4890
f 3920/3456/4890 3910/3557/4876 3909/3446/4875
f 3910/3557/4876 3920/3456/4890 3921/3457/4891
f 3921/3457/4891 3911/3448/4877 3910/3557/4876
f 5744/3185/4892 5745/3187/4892 3922/3184/4892
f 3922/3184/4893 3913/3179/4882 5746/3185/4892
f 3913/3179/4882 3922/3184/4893 3914/3558/4884
f 5747/3187/4894 5748/3197/4894 3923/3186/4894
f 3923/3186/4895 3922/3184/4893 5749/3187/4896
f 3922/3184/4893 3923/3186/4895 3914/3558/4884
f 3907/3555/4873 3914/3558/4884 3915/3559/4885
f 3908/3556/4874 3924/3562/4897 3916/3560/4886
f 3925/3563/4898 3919/3455/4889 3918/3454/4888
f 3919/3455/4889 3925/3563/4898 3926/3564/4899
f 3926/3564/4899 3920/3456/4890 3919/3455/4889
f 3920/3456/4890 3926/3564/4899 3927/3565/4900
f 3927/3565/4900 3921/3457/4891 3920/3456/4890
f 5750/3197/4901 5751/3199/4901 3928/3196/4901
f 3928/3196/4902 3923/3186/4895 5752/3197/4901
f 3923/3186/4895 3928/3196/4902 3914/3558/4884
f 5753/3199/4903 5754/2902/4903 3929/3198/4903
f 3929/3198/4904 3928/3196/4902 5755/3199/4905
f 3928/3196/4902 3929/3198/4904 3930/3566/4906
f 3930/3566/4906 3914/3558/4884 3928/3196/4902
f 3931/3567/4907 3915/3559/4885 3914/3558/4884
f 3915/3559/4885 3931/3567/4907 3932/3568/4908
f 3933/3569/4909 3908/3556/4874 3915/3559/4885
f 3908/3556/4874 3933/3569/4909 3924/3562/4897
f 3916/3560/4886 3924/3562/4897 3934/3570/4910
f 3934/3570/4910 3917/3561/4887 3916/3560/4886
f 3917/3561/4887 3934/3570/4910 3935/3571/4911
f 3935/3571/4911 3918/3454/4888 3917/3561/4887
f 3918/3454/4888 3935/3571/4911 3936/3463/4912
f 3936/3463/4912 3925/3563/4898 3918/3454/4888
f 3925/3563/4898 3936/3463/4912 3937/3572/4913
f 3937/3572/4913 3926/3564/4899 3925/3563/4898
f 3926/3564/4899 3937/3572/4913 3938/3465/4914
f 3938/3465/4914 3927/3565/4900 3926/3564/4899
f 5756/2902/4915 5757/977/4915 3939/3202/4915
f 3939/3202/4916 3929/3198/4904 5758/2902/4917
f 3929/3198/4904 3939/3202/4916 3930/3566/4906
f 5759/977/4918 5760/2073/4918 3940/2075/4918
f 3940/2075/4919 3939/3202/4916 5761/977/4918
f 3939/3202/4916 3940/2075/4919 3930/3566/4906
f 3941/2079/4920 3914/3558/4884 3930/3566/4906
f 3914/3558/4884 3941/2079/4920 3942/2081/4921
f 3914/3558/4884 3942/2081/4921 3931/3567/4907
f 3943/2087/4922 3915/3559/4885 3932/3568/4908
f 3915/3559/4885 3943/2087/4922 3944/2089/4923
f 3944/2089/4923 3933/3569/4909 3915/3559/4885
f 3945/2093/4924 3924/3562/4897 3933/3569/4909
f 3924/3562/4897 3945/2093/4924 3946/2095/4925
f 3924/3562/4897 3946/2095/4925 3947/2097/4926
f 3924/3562/4897 3947/2097/4926 3948/2344/4927
f 3924/3562/4897 3948/2344/4927 3949/2345/4928
f 3924/3562/4897 3949/2345/4928 3950/2347/4929
f 3924/3562/4897 3950/2347/4929 3951/2349/4930
f 3924/3562/4897 3951/2349/4930 3952/2351/4931
f 3952/2351/4931 3934/3570/4910 3924/3562/4897
f 3953/2354/4932 3935/3571/4911 3934/3570/4910
f 3935/3571/4911 3953/2354/4932 3954/2355/4933
f 3935/3571/4911 3954/2355/4933 3955/2357/4934
f 3955/2357/4934 3936/3463/4912 3935/3571/4911
f 3936/3463/4912 3955/2357/4934 3956/2358/4935
f 3936/3463/4912 3956/2358/4935 3957/2360/4936
f 3957/2360/4936 3937/3572/4913 3936/3463/4912
f 3937/3572/4913 3957/2360/4936 3958/2362/4937
f 3937/3572/4913 3958/2362/4937 3959/2364/4938
f 3959/2364/4938 3938/3465/4914 3937/3572/4913
f 5762/2073/4939 5763/1002/4939 5764/2100/4939
f 5765/2100/4940 3940/2075/4940 5766/2073/4940
f 3940/2075/4941 5767/2100/4941 5768/2102/4941
f 5769/2102/4942 3930/3566/4906 3940/2075/4919
f 3930/3566/4943 5770/2102/4943 5771/1452/4943
f 5772/1452/4944 3941/2079/4920 3930/3566/4906
f 3941/2079/4945 5773/1452/4945 5774/2105/4945
f 5775/2105/4945 3942/2081/4921 3941/2079/4920
f 3942/2081/4946 5776/2105/4946 5777/2107/4946
f 5778/2107/4947 3931/3567/4907 3942/2081/4921
f 3931/3567/4948 5779/2107/4948 5780/1457/4948
f 5781/1457/4949 3932/3568/4908 3931/3567/4907
f 3932/3568/4950 5782/1457/4950 5783/2110/4950
f 5784/2110/4951 3943/2087/4922 3932/3568/4908
f 3943/2087/4952 5785/2110/4952 5786/2112/4952
f 5787/2112/4953 3944/2089/4923 3943/2087/4922
f 3944/2089/4954 5788/2112/4954 5789/1462/4954
f 5790/1462/4955 3933/3569/4909 3944/2089/4923
f 3933/3569/4956 5791/1462/4956 5792/2115/4956
f 5793/2115/4957 3945/2093/4924 3933/3569/4909
f 3945/2093/4958 5794/2115/4958 5795/2117/4958
f 5796/2117/4958 3946/2095/4925 3945/2093/4924
f 3946/2095/4959 5797/2117/4959 5798/1467/4959
f 5799/1467/4959 3947/2097/4926 3946/2095/4925
f 3947/2097/4960 5800/1467/4960 5801/2365/4960
f 5802/2365/4960 3948/2344/4927 3947/2097/4926
f 3948/2344/4961 5803/2365/4961 5804/2367/4961
f 5805/2367/4961 3949/2345/4928 3948/2344/4927
f 3949/2345/4962 5806/2367/4962 5807/1472/4962
f 5808/1472/4962 3950/2347/4929 3949/2345/4928
f 3950/2347/4963 5809/1472/4963 5810/2370/4963
f 5811/2370/4963 3951/2349/4930 3950/2347/4929
f 3951/2349/4964 5812/2370/4964 5813/1828/4964
f 5814/1828/4964 3952/2351/4931 3951/2349/4930
f 3952/2351/4965 5815/1828/4965 5816/2373/4965
f 5817/2373/4966 3934/3570/4910 3952/2351/4931
f 3934/3570/4967 5818/2373/4967 5819/1833/4967
f 5820/1833/4968 3953/2354/4932 3934/3570/4910
f 3953/2354/4969 5821/1833/4969 5822/2376/4969
f 5823/2376/4969 3954/2355/4933 3953/2354/4932
f 3954/2355/4970 5824/2376/4970 5825/1838/4970
f 5826/1838/4970 3955/2357/4934 3954/2355/4933
f 3955/2357/4971 5827/1838/4971 5828/2379/4971
f 5829/2379/4971 3956/2358/4935 3955/2357/4934
f 3956/2358/4972 5830/2379/4972 5831/1843/4972
f 5832/1843/4972 3957/2360/4936 3956/2358/4935
f 3957/2360/4973 5833/1843/4973 5834/2382/4973
f 5835/2382/4974 3958/2362/4937 3957/2360/4936
f 3958/2362/4975 5836/2382/4975 5837/1703/4975
f 5838/1703/4976 3959/2364/4938 3958/2362/4937
l 1649 4428
l 1841 4597
l 1873 4617
l 1905 4635
l 1953 4661
l 3185 5109
l 3201 5115
l 3249 5139
l 3313 5229
l 3329 5235
l 3345 5243
l 3361 5251
l 3393 5267
l 3441 5289
l 3473 5305
l 3489 5313
l 1673 4442
l 1689 4452
l 1721 4470
l 1737 4478
l 1785 4506
l 1913 4639
l 1945 4659
l 3145 5091
l 3209 5119
l 3401 5271
l 3041 3267
l 1746 4484
l 1778 4502
l 1826 4589
l 3202 5117
l 1858 4609
l 1938 4653
l 1970 4673
l 3218 5123
l 3234 5131
l 3250 5141
l 3266 5147
l 3298 5223
l 3330 5237
l 3346 5245
l 3362 5253
l 3442 5291
l 3474 5307
l 3490 5315
l 1658 4434
l 1818 4585
l 3082 5061
l 3114 5077
l 1866 4611
l 3210 5121
l 3418 5277
l 3450 5293
l 3466 5301
l 1955 4663
l 3171 5103
l 1635 4420
l 1651 4430
l 1699 4456
l 1763 4494
l 3219 5125
l 3235 5133
l 3299 5225
l 3315 5231
l 3379 5259
l 1883 4623
l 1899 4631
l 1931 4649
l 1995 4750
l 3083 5063
l 3115 5079
l 1691 4454
l 1723 4472
l 1739 4480
l 1771 4498
l 1851 4603
l 3419 5279
l 3435 5285
l 3451 5295
l 3467 5303
l 3483 5309
l 3172 5105
l 3188 5111
l 1940 4655
l 1972 4675
l 1684 4448
l 1716 4466
l 1732 4474
l 1780 4504
l 1844 4599
l 3316 5233
l 3348 5247
l 3380 5261
l 3068 5053
l 3164 5099
l 1868 4613
l 1916 4641
l 1644 4424
l 1676 4444
l 1708 4462
l 1612 4580
l 3292 5221
l 3436 5287
l 3484 5311
l 3253 5143
l 3349 5249
l 5317 5318
l 1621 4412
l 1637 4422
l 1701 4458
l 1749 4486
l 1765 4496
l 1829 4591
l 1893 4627
l 3189 5113
l 3405 5273
l 1661 4436
l 1773 4500
l 1853 4605
l 1885 4625
l 1933 4651
l 1965 4669
l 3069 5055
l 3101 5069
l 3133 5085
l 3149 5093
l 3222 5127
l 3254 5145
l 3382 5263
l 3398 5269
l 1686 4450
l 1718 4468
l 1734 4476
l 1846 4601
l 3078 5057
l 3110 5073
l 3126 5081
l 1878 4619
l 1926 4645
l 1958 4665
l 3406 5275
l 3422 5281
l 3454 5297
l 1630 4416
l 1646 4426
l 1678 4446
l 1710 4464
l 1758 4490
l 3102 5071
l 3134 5087
l 3150 5095
l 1918 4643
l 3223 5129
l 3239 5135
l 3335 5239
l 3367 5255
l 3383 5265
l 1911 4637
l 1943 4657
l 3079 5059
l 3095 5065
l 3111 5075
l 3127 5083
l 1623 4414
l 1671 4440
l 1751 4488
l 1831 4593
l 3423 5283
l 3455 5299
l 1871 4615
l 1903 4633
l 1967 4671
l 3055 5051
l 3167 5101
l 1663 4438
l 1839 4595
l 3240 5137
l 3336 5241
l 3368 5257
l 3096 5067
l 3144 5089
l 3160 5097
l 1880 4621
l 1896 4629
l 1928 4647
l 1960 4667
l 1656 4432
l 1704 4460
l 1816 4583
l 3312 5227
l 3184 5107
l 1632 4418
l 1744 4482
l 1760 4492
l 1824 4587
l 1856 4607
